customer_id,age,gender,region,annual_income,tenure_months,subscription_tier,num_purchases_last_year,avg_order_value,total_spent_last_year,days_since_last_purchase,returns_last_year,email_open_rate,app_sessions_last_month,avg_session_duration_min,support_tickets_last_year,loyalty_points,referral_count,marketing_opt_in,churned
100000,43,Female,South,51700.0,22,Basic,0,22.48,0.0,6,0,0.462,1,3.1,1,0,0,1,1
100001,25,Female,West,17200.0,11,Basic,9,86.84,781.56,12,0,0.079,7,7.5,0,178,0,0,0
100002,49,Female,South,47900.0,12,Premium,9,116.38,1047.42,82,0,0.33,5,5.46,1,763,0,1,1
100003,51,Female,East,58600.0,12,Premium,11,86.25,948.75,72,0,0.502,3,8.76,2,476,0,1,0
100004,18,Male,West,24300.0,18,Standard,6,70.08,420.48,18,0,0.417,1,21.41,2,478,0,1,0
100005,22,Female,South,33100.0,18,Basic,7,60.98,426.86,9,0,0.81,2,2.95,2,294,0,1,0
100006,41,Male,East,30600.0,60,Premium,21,108.38,2275.98,29,1,0.404,10,4.97,1,982,1,0,0
100007,35,Female,North,28000.0,32,Basic,8,60.65,485.2,44,0,0.437,1,0.51,0,72,0,0,0
100008,39,Male,North,,32,Basic,6,50.66,303.96,23,0,0.033,9,33.39,0,59,2,1,0
100009,28,Female,Central,25800.0,27,Standard,8,110.32,882.56,65,0,0.599,7,3.04,0,643,0,0,1
100010,50,Male,North,48900.0,29,Basic,4,28.36,113.44,41,0,0.484,4,6.54,3,280,1,1,1
100011,49,Male,South,58800.0,34,Premium,12,81.37,976.44,40,0,0.507,6,2.93,1,734,1,1,1
100012,40,Female,East,35900.0,10,Standard,4,96.92,387.68,50,0,0.467,0,4.82,1,0,2,0,1
100013,54,Male,South,77700.0,23,Premium,12,83.42,1001.04,40,0,0.705,12,4.65,1,494,0,1,0
100014,45,Female,North,36100.0,13,Basic,6,29.5,177.0,46,0,,3,6.01,1,446,0,1,1
100015,28,Male,North,37500.0,47,Basic,8,69.52,556.16,74,0,0.434,3,3.0,2,164,1,0,1
100016,44,Male,East,42200.0,16,Premium,12,104.43,1253.16,54,0,0.434,8,6.19,1,659,2,1,0
100017,27,Female,South,38700.0,34,Standard,3,77.44,232.32,20,0,0.733,7,1.2,1,147,0,0,0
100018,50,Female,West,51400.0,38,Standard,3,112.68,338.04,8,0,0.146,7,6.78,2,0,1,1,0
100019,38,Female,South,46700.0,30,Basic,3,8.51,25.53,108,0,0.644,6,2.31,1,72,0,1,1
100020,37,Male,Central,63100.0,28,Basic,5,99.44,497.2,16,0,0.399,9,26.5,0,405,2,1,0
100021,30,Male,South,29800.0,25,Standard,11,25.26,277.86,21,0,0.274,6,3.38,4,308,1,1,0
100022,55,Female,South,53400.0,40,Basic,6,8.02,48.12,22,0,0.484,6,20.47,0,0,0,0,0
100023,37,Female,Central,41600.0,13,Premium,8,121.54,972.32,25,1,0.348,6,7.26,2,431,1,0,1
100024,33,Female,West,62900.0,32,Basic,1,25.23,25.23,67,0,0.37,9,7.01,1,36,2,1,1
100025,34,Male,South,41900.0,5,Basic,5,30.13,150.65,26,0,0.084,12,11.8,0,264,1,1,1
100026,46,Female,South,71900.0,16,Standard,13,145.41,1890.33,74,0,0.421,13,8.52,0,1037,1,1,0
100027,44,Female,West,50200.0,17,Basic,4,23.27,93.08,102,0,0.5,10,,1,112,0,1,1
100028,44,Male,North,69400.0,8,Basic,3,47.95,143.85,61,0,0.161,5,16.38,0,19,0,1,1
100029,45,Female,South,59400.0,28,Basic,6,21.93,131.58,13,0,0.475,8,13.78,1,190,0,1,0
100030,67,Male,East,82300.0,14,Standard,11,47.52,522.72,82,0,0.191,2,5.48,1,257,0,1,1
100031,34,Female,West,23100.0,54,Basic,6,32.48,194.88,76,0,0.483,6,4.4,1,140,3,0,1
100032,32,Female,East,19100.0,21,Standard,8,20.91,167.28,10,0,0.141,6,13.23,3,184,0,1,0
100033,28,Male,East,52500.0,38,Premium,8,225.56,1804.48,43,0,0.682,19,8.83,2,914,1,1,0
100034,47,Female,Central,70400.0,48,Basic,4,26.77,107.08,8,0,0.126,14,5.85,2,299,0,0,0
100035,54,Female,North,96100.0,35,Basic,9,20.63,185.67,23,0,0.273,12,10.85,1,303,1,1,0
100036,38,Non-binary,West,26200.0,19,Basic,3,26.42,79.26,12,0,0.312,6,11.35,0,0,0,1,0
100037,28,Male,North,44300.0,25,Standard,7,24.98,174.86,7,0,0.533,8,20.06,0,106,0,1,0
100038,28,Male,West,23200.0,8,Standard,13,116.03,1508.39,91,1,0.663,5,13.9,0,807,2,1,1
100039,47,Female,East,45200.0,38,Premium,5,243.41,1217.05,5,0,0.568,7,18.2,2,686,0,1,0
100040,49,Female,South,50400.0,88,Premium,14,81.99,1147.86,54,3,0.596,8,3.35,1,652,0,0,0
100041,46,Female,East,60000.0,45,Basic,4,36.86,147.44,44,0,0.567,9,16.69,2,246,0,1,0
100042,30,Male,Central,30100.0,18,Basic,8,41.25,330.0,19,0,0.072,6,7.8,4,332,1,1,0
100043,42,Male,East,51300.0,20,Basic,4,19.3,77.2,81,0,0.088,12,2.71,1,49,2,1,1
100044,41,Male,North,61500.0,47,Standard,7,64.93,454.51,36,1,0.461,0,5.67,2,89,0,1,0
100045,42,Non-binary,North,66600.0,9,Basic,6,45.58,273.48,9,0,0.796,2,22.74,1,262,0,0,0
100046,50,Female,East,68100.0,15,Standard,9,75.6,680.4,14,0,0.322,9,10.39,1,111,1,1,0
100047,42,Male,West,57100.0,16,Standard,6,40.89,245.34,7,0,0.723,6,4.96,0,0,0,0,0
100048,48,Female,South,54500.0,5,Basic,3,33.74,101.22,10,0,0.708,3,12.26,2,0,3,0,0
100049,40,Female,South,40900.0,33,Standard,10,24.7,247.0,44,1,0.43,4,5.91,1,350,0,1,0
100050,43,Male,West,59300.0,18,Basic,8,5.0,40.0,72,1,0.357,19,3.13,0,279,0,1,1
100051,47,Male,South,40800.0,19,Premium,15,118.78,1781.7,136,1,0.551,8,3.06,0,1162,1,1,1
100052,20,Female,North,31600.0,27,Standard,4,87.53,350.12,41,0,0.272,5,9.01,1,220,0,1,1
100053,35,Female,South,29100.0,7,Standard,6,19.21,115.26,94,0,0.41,8,16.36,3,102,0,0,1
100054,33,Male,East,41700.0,23,Basic,4,8.41,33.64,93,0,0.572,7,20.61,1,53,1,1,1
100055,31,Female,Central,25600.0,6,Standard,5,69.4,347.0,41,0,0.558,3,3.83,2,184,0,0,1
100056,35,Male,East,38500.0,33,Standard,7,36.75,257.25,162,0,0.674,7,4.4,2,179,1,0,1
100057,58,Male,North,56500.0,51,Premium,8,89.59,716.72,23,0,0.418,1,9.92,0,408,0,0,0
100058,28,Female,West,26300.0,38,Standard,6,95.26,571.56,114,0,0.158,13,3.9,0,628,0,0,1
100059,52,Female,South,59100.0,16,Premium,12,18.55,222.6,27,0,0.302,3,10.08,0,76,1,1,0
100060,18,Female,Central,15000.0,35,Standard,4,43.92,175.68,47,0,0.572,1,26.55,1,99,1,1,0
100061,35,Male,South,18900.0,21,Standard,5,54.16,270.8,32,1,0.141,9,6.58,1,335,1,1,0
100062,41,Female,Central,61100.0,26,Basic,7,45.97,321.79,85,0,0.608,1,2.93,0,275,1,1,1
100063,47,Male,Central,57600.0,34,Standard,9,34.16,307.44,70,1,0.424,9,3.2,0,189,0,1,0
100064,48,Female,Central,46400.0,1,Basic,7,10.42,72.94,110,0,0.47,10,7.14,0,205,2,0,1
100065,49,Male,North,71100.0,5,Basic,4,26.6,106.4,167,0,0.242,3,3.09,1,102,1,1,1
100066,34,Female,West,34300.0,22,Basic,5,87.35,436.75,22,1,0.404,11,5.21,0,188,2,0,1
100067,33,Female,West,34100.0,13,Standard,13,96.0,1248.0,35,0,0.537,4,10.19,1,520,0,0,0
100068,50,Male,South,47400.0,24,Basic,2,36.12,72.24,17,0,0.578,12,19.51,1,0,0,1,1
100069,37,Male,East,72700.0,27,Basic,4,27.82,111.28,8,0,0.464,3,0.99,3,135,0,1,1
100070,22,Female,East,35100.0,16,Basic,2,70.05,140.1,80,1,0.345,2,1.58,2,445,1,1,1
100071,24,Female,Central,,19,Standard,5,68.94,344.7,49,0,0.158,6,4.12,1,151,0,1,1
100072,27,Male,West,43100.0,11,Basic,7,42.87,300.09,76,1,0.628,6,5.87,0,5,1,0,1
100073,45,Female,South,27700.0,29,Standard,6,106.47,638.82,89,0,,9,20.4,1,0,1,0,1
100074,41,Female,East,41500.0,41,Premium,9,160.52,1444.68,56,0,0.485,4,0.5,0,988,0,1,0
100075,48,Female,North,62900.0,7,Standard,5,52.35,261.75,56,0,0.065,9,10.14,1,138,1,1,1
100076,33,Female,South,42200.0,40,Basic,4,40.23,160.92,19,1,0.563,3,15.95,0,106,1,1,0
100077,41,Male,West,80700.0,32,Standard,5,61.93,309.65,9,0,0.649,9,4.09,2,354,0,1,0
100078,47,Male,East,,38,Premium,7,57.26,400.82,89,0,0.219,12,3.38,1,263,2,0,1
100079,35,Male,West,57400.0,52,Standard,6,74.07,444.42,41,1,0.321,4,14.88,1,307,0,1,0
100080,45,Male,East,,16,Basic,6,10.29,61.74,93,0,0.523,16,2.78,3,39,1,0,1
100081,30,Female,South,41400.0,47,Standard,2,16.67,33.34,51,0,0.199,6,16.0,0,0,0,1,0
100082,34,Male,West,47700.0,52,Standard,7,79.95,559.65,2,0,0.446,4,12.03,1,494,2,0,0
100083,34,Female,North,39100.0,8,Premium,5,26.73,133.65,26,0,0.654,7,2.84,1,84,0,1,0
100084,23,Female,Central,15000.0,27,Basic,4,127.74,510.96,247,0,0.775,6,6.49,0,364,1,0,1
100085,45,Male,Central,58500.0,26,Premium,10,67.67,676.7,155,1,0.45,7,10.29,2,283,1,0,1
100086,33,Female,Central,48200.0,54,Standard,6,48.18,289.08,45,0,0.493,7,8.6,1,291,1,1,0
100087,39,Female,Central,56100.0,104,Standard,10,12.79,127.9,48,0,0.621,6,4.84,2,281,1,1,0
100088,45,Female,East,54500.0,38,Standard,8,15.31,122.48,275,1,0.222,9,8.67,1,111,0,0,1
100089,45,Male,East,67200.0,79,Basic,2,92.31,184.62,15,0,0.577,7,2.63,2,212,2,0,0
100090,48,Female,West,44400.0,14,Basic,2,9.1,18.2,78,1,0.325,14,7.96,0,243,0,0,1
100091,38,Male,South,67600.0,36,Basic,5,13.44,67.2,15,0,0.551,4,6.74,0,130,2,1,0
100092,33,Male,West,28400.0,24,Standard,3,62.97,188.91,36,0,0.361,4,0.5,0,202,1,1,0
100093,38,Male,North,45500.0,34,Standard,7,48.95,342.65,123,0,0.572,6,16.4,0,14,0,0,1
100094,18,Female,Central,37500.0,39,Premium,8,79.62,636.96,60,1,0.22,5,11.16,3,420,4,1,0
100095,20,Male,East,22700.0,43,Basic,2,63.83,127.66,55,1,0.114,10,10.02,1,69,0,1,1
100096,22,Female,West,42300.0,19,Standard,10,49.95,499.5,45,0,0.661,5,5.28,1,419,1,0,0
100097,26,Male,East,30800.0,22,Basic,4,39.2,156.8,3,0,0.472,3,5.59,0,0,0,1,0
100098,44,Male,East,54400.0,41,Standard,9,24.32,218.88,14,0,0.26,7,8.3,0,4,0,1,0
100099,27,Female,Central,34000.0,31,Basic,7,78.44,549.08,12,1,0.455,6,19.38,0,612,0,0,1
100100,34,Male,South,35100.0,15,Basic,5,5.0,25.0,51,1,0.681,13,3.62,1,166,0,1,1
100101,56,Male,South,95600.0,23,Basic,8,53.28,426.24,61,0,0.137,7,5.21,1,0,0,1,0
100102,34,Female,North,31400.0,49,Premium,14,182.41,2553.74,79,1,0.207,11,2.77,2,1406,1,0,1
100103,49,Female,East,25400.0,12,Standard,9,36.26,326.34,118,0,0.235,4,11.73,1,153,0,0,1
100104,27,Male,East,25300.0,24,Standard,6,58.0,348.0,33,0,0.63,14,16.0,2,344,1,1,0
100105,36,Male,East,46900.0,9,Basic,5,13.73,68.65,127,0,0.149,10,9.28,2,236,0,1,1
100106,27,Male,North,31300.0,52,Basic,5,44.33,221.65,34,1,0.338,2,7.89,0,243,0,1,0
100107,35,Female,North,58400.0,107,Premium,10,91.04,910.4,69,1,,8,9.12,4,615,0,1,0
100108,50,Male,Central,72200.0,61,Standard,5,9.07,45.35,114,0,,7,3.46,1,90,0,1,1
100109,18,Male,West,23500.0,17,Basic,5,48.2,241.0,104,0,0.571,3,11.53,0,294,0,1,1
100110,45,Male,North,30100.0,17,Premium,7,86.07,602.49,47,1,0.49,8,7.47,0,313,0,1,0
100111,42,Male,North,32800.0,50,Basic,5,44.56,222.8,8,0,0.283,8,10.47,2,192,0,1,0
100112,31,Female,North,39900.0,46,Standard,4,50.84,203.36,57,1,0.159,4,22.0,1,22,0,1,0
100113,20,Male,West,15000.0,66,Basic,5,55.74,278.7,14,0,0.206,4,10.32,0,47,1,1,0
100114,40,Female,West,43800.0,25,Premium,3,49.59,148.77,125,1,0.686,7,5.48,0,183,0,0,1
100115,32,Female,East,61200.0,10,Premium,9,61.32,551.88,35,0,0.53,11,5.07,1,316,1,1,0
100116,42,Male,East,55600.0,26,Basic,5,36.2,181.0,14,0,0.081,5,7.95,1,209,1,1,0
100117,39,Female,Central,48600.0,23,Premium,15,178.74,2681.1,7,1,0.617,1,3.34,1,1411,0,1,0
100118,60,Female,South,53300.0,93,Premium,12,63.77,765.24,6,0,0.321,6,13.36,2,332,1,0,0
100119,36,Female,South,47600.0,39,Standard,2,24.36,48.72,25,0,0.128,15,17.7,0,0,0,0,0
100120,26,Male,South,32000.0,5,Standard,12,18.16,217.92,109,2,0.498,17,3.14,0,617,0,1,1
100121,41,Non-binary,Central,53200.0,40,Standard,8,44.27,354.16,16,0,0.144,14,2.6,0,93,0,0,0
100122,42,Female,East,61000.0,52,Basic,5,29.42,147.1,10,0,0.646,3,3.41,0,0,1,0,0
100123,57,Female,East,77600.0,47,Basic,6,45.11,270.66,29,0,0.151,3,6.62,1,201,1,1,0
100124,50,Male,West,60200.0,45,Basic,1,17.97,17.97,11,0,0.175,11,14.91,0,53,0,0,0
100125,44,Female,North,59900.0,30,Basic,4,31.1,124.4,27,0,0.607,7,13.78,0,200,1,0,0
100126,58,Non-binary,South,58800.0,22,Standard,7,78.19,547.33,6,1,0.571,6,12.83,0,368,0,1,0
100127,24,Male,East,49600.0,10,Basic,9,92.95,836.55,40,0,0.786,3,7.52,0,401,3,0,1
100128,31,Female,Central,27900.0,69,Standard,3,13.3,39.9,51,0,0.372,3,3.35,2,178,2,1,1
100129,27,Male,North,33600.0,37,Standard,12,46.83,561.96,21,2,0.299,5,4.09,0,110,3,0,0
100130,34,Female,South,60500.0,17,Basic,4,38.62,154.48,106,0,0.106,5,12.67,0,257,0,1,1
100131,21,Male,Central,24100.0,28,Basic,4,17.93,71.72,192,0,0.501,2,17.85,1,64,1,0,1
100132,47,Female,West,,10,Standard,5,23.18,115.9,2,1,0.409,9,8.88,1,282,1,0,1
100133,36,Male,East,39300.0,28,Premium,8,65.31,522.48,29,1,0.226,5,5.03,0,227,0,1,0
100134,20,Male,South,49400.0,57,Standard,5,97.29,486.45,24,1,0.579,7,15.33,1,444,0,1,0
100135,26,Male,North,15000.0,40,Premium,8,106.38,851.04,135,0,0.274,10,19.75,1,524,0,1,1
100136,43,Male,South,53200.0,51,Premium,17,40.8,693.6,41,0,0.675,2,9.71,2,499,2,1,0
100137,50,Female,South,49500.0,48,Standard,6,71.84,431.04,1,0,0.492,5,1.85,2,459,1,0,0
100138,65,Male,West,70300.0,35,Standard,5,6.08,30.4,78,0,0.275,2,10.62,3,118,1,1,1
100139,77,Male,West,79200.0,23,Standard,5,25.66,128.3,5,0,0.159,10,1.38,1,170,0,1,0
100140,44,Female,West,66100.0,20,Basic,4,9.79,39.16,30,0,0.09,3,6.6,0,0,3,1,0
100141,26,Female,North,36400.0,66,Basic,1,39.86,39.86,39,0,0.577,11,8.02,0,83,0,1,0
100142,18,Female,South,42100.0,38,Basic,6,24.65,147.9,23,0,0.258,6,10.45,1,0,0,0,0
100143,42,Female,West,68800.0,36,Basic,5,41.06,205.3,93,0,0.518,9,7.14,0,245,1,0,1
100144,28,Male,North,37900.0,37,Basic,6,95.33,571.98,130,0,0.232,9,2.22,2,413,0,1,1
100145,34,Female,North,38200.0,21,Basic,5,5.0,25.0,51,1,0.659,15,13.28,0,216,2,0,1
100146,31,Male,South,45600.0,34,Standard,3,59.01,177.03,32,0,0.411,0,12.45,0,351,0,1,0
100147,37,Non-binary,North,54000.0,16,Basic,4,25.44,101.76,115,0,0.355,2,4.21,1,41,0,1,1
100148,53,Female,North,45100.0,18,Standard,7,34.71,242.97,60,0,0.608,1,18.56,0,304,0,1,0
100149,41,Male,South,53200.0,41,Basic,6,24.11,144.66,0,0,0.706,16,12.06,4,280,0,1,0
100150,37,Female,Central,42500.0,37,Basic,4,32.37,129.48,84,0,0.487,6,19.19,0,79,2,0,1
100151,26,Female,North,29700.0,42,Basic,3,5.0,15.0,28,0,0.266,4,4.14,1,0,1,1,0
100152,18,Female,East,,46,Standard,5,42.8,214.0,76,1,0.296,16,2.46,1,225,1,0,1
100153,33,Female,East,33500.0,21,Basic,10,37.71,377.1,31,0,0.297,12,3.61,2,385,1,1,0
100154,38,Female,East,64600.0,26,Premium,13,86.89,1129.57,16,1,0.502,21,3.06,1,784,2,1,0
100155,62,Female,East,64700.0,40,Standard,13,8.97,116.61,10,1,0.545,4,10.68,0,113,1,0,0
100156,41,Female,North,65900.0,14,Standard,6,18.93,113.58,37,0,0.589,3,15.52,1,0,1,1,0
100157,52,Female,North,62100.0,1,Basic,5,74.66,373.3,50,0,0.093,4,2.64,1,90,0,1,1
100158,33,Male,East,26400.0,7,Premium,12,116.46,1397.52,23,1,0.188,9,4.08,0,774,1,1,0
100159,24,Female,Central,36400.0,18,Basic,7,49.88,349.16,39,1,,3,14.15,0,469,0,1,0
100160,26,Male,South,19000.0,22,Premium,6,16.59,99.54,31,0,0.228,12,3.97,1,51,1,1,0
100161,30,Male,East,47900.0,33,Basic,3,39.88,119.64,27,0,0.242,4,15.69,0,151,1,1,0
100162,67,Male,Central,71600.0,53,Premium,11,59.05,649.55,16,1,0.289,5,13.42,3,353,1,1,0
100163,28,Male,West,49500.0,23,Premium,7,96.01,672.07,74,1,0.762,2,7.84,2,302,1,1,0
100164,50,Male,West,78500.0,17,Basic,8,21.45,171.6,2,1,0.526,3,8.04,0,365,1,1,0
100165,27,Male,East,15000.0,10,Basic,6,63.17,379.02,19,0,0.179,1,8.06,2,51,0,0,1
100166,51,Male,Central,52900.0,15,Standard,6,52.26,313.56,49,0,0.221,4,4.65,2,186,3,1,1
100167,44,Non-binary,East,35800.0,15,Standard,3,11.36,34.08,6,0,0.179,8,10.84,1,327,2,0,0
100168,37,Female,West,76300.0,29,Basic,1,10.14,10.14,201,0,0.281,9,13.04,2,0,0,0,1
100169,38,Male,West,40800.0,15,Standard,6,26.39,158.34,19,2,0.616,9,9.69,2,462,2,0,1
100170,30,Male,South,21000.0,21,Premium,13,318.95,4146.35,85,0,0.425,0,3.26,1,2314,0,1,0
100171,45,Female,Central,85000.0,19,Premium,11,114.22,1256.42,53,1,0.365,9,10.69,1,719,0,1,0
100172,33,Male,Central,32100.0,27,Basic,5,41.64,208.2,17,0,0.649,8,23.14,0,275,0,1,0
100173,23,Male,East,15000.0,39,Standard,3,156.89,470.67,9,0,0.355,13,6.78,1,130,0,0,0
100174,22,Male,South,,34,Standard,5,63.3,316.5,35,0,0.286,8,22.47,1,341,0,1,0
100175,41,Female,West,51900.0,13,Basic,4,39.02,156.08,104,0,0.44,7,5.63,1,0,1,0,1
100176,60,Female,South,68500.0,18,Basic,5,29.07,145.35,6,0,0.483,8,0.5,2,93,1,0,0
100177,41,Female,East,38100.0,44,Basic,4,12.44,49.76,255,0,0.388,6,5.33,0,130,0,0,1
100178,37,Male,North,,50,Basic,4,37.05,148.2,5,0,0.633,3,6.38,0,212,0,0,0
100179,43,Male,West,,9,Standard,9,22.46,202.14,29,0,0.284,8,11.85,1,0,3,1,1
100180,56,Male,Central,,8,Basic,6,25.61,153.66,26,0,0.663,16,4.39,0,12,0,1,0
100181,42,Female,North,,68,Standard,5,63.4,317.0,47,1,0.473,5,10.51,5,267,0,0,1
100182,34,Female,West,35300.0,10,Standard,11,16.59,182.49,23,1,0.406,9,7.29,0,268,0,1,0
100183,53,Male,Central,58100.0,14,Basic,2,34.63,69.26,153,1,0.507,10,9.37,2,256,1,0,1
100184,45,Male,North,64400.0,21,Basic,7,17.58,123.06,106,2,0.583,5,16.67,1,0,1,0,1
100185,59,Male,South,90500.0,14,Basic,4,83.66,334.64,100,1,0.355,8,12.14,0,317,0,1,1
100186,41,Female,South,34400.0,15,Standard,6,82.39,494.34,50,0,0.266,6,8.36,0,279,1,1,1
100187,23,Female,West,48300.0,15,Basic,6,19.92,119.52,17,1,0.086,14,0.73,1,181,0,1,0
100188,21,Male,East,26500.0,29,Standard,12,71.11,853.32,55,0,0.4,3,18.45,2,508,1,1,0
100189,60,Male,North,45200.0,6,Standard,9,108.84,979.56,38,1,0.241,4,13.27,4,389,0,1,1
100190,61,Female,South,43300.0,44,Standard,2,75.9,151.8,12,0,0.637,8,1.19,1,305,0,1,0
100191,37,Male,East,64700.0,8,Basic,6,42.92,257.52,41,1,0.253,7,9.63,0,351,0,0,1
100192,34,Male,North,63500.0,63,Premium,9,76.32,686.88,36,1,0.14,12,24.59,1,585,1,0,0
100193,58,Male,East,58000.0,18,Basic,5,20.47,102.35,35,0,0.631,10,8.69,3,37,1,0,0
100194,25,Female,North,31700.0,17,Standard,10,44.17,441.7,56,3,0.294,7,6.29,0,155,1,1,1
100195,27,Female,West,15000.0,5,Standard,6,14.06,84.36,73,0,0.746,7,0.5,0,468,1,1,1
100196,47,Male,West,66200.0,5,Premium,8,12.54,100.32,32,2,0.609,10,6.85,0,240,1,0,1
100197,34,Male,Central,42800.0,25,Standard,7,56.09,392.63,17,2,0.545,16,17.77,0,324,0,0,0
100198,39,Non-binary,North,26200.0,5,Standard,1,65.41,65.41,39,0,0.445,15,23.01,1,0,2,0,1
100199,37,Male,East,48900.0,14,Standard,4,19.1,76.4,42,0,0.678,6,14.88,1,51,1,1,1
100200,43,Female,West,32300.0,37,Standard,10,33.98,339.8,6,0,0.281,4,4.8,1,203,1,1,0
100201,57,Female,East,72900.0,28,Standard,7,30.37,212.59,29,0,0.312,3,1.01,0,300,0,1,0
100202,40,Female,North,33700.0,20,Standard,9,85.88,772.92,18,1,0.403,14,9.79,0,489,1,1,0
100203,47,Male,North,60300.0,26,Standard,7,65.51,458.57,123,1,0.322,5,6.97,4,281,0,1,1
100204,18,Female,East,18900.0,38,Standard,6,120.37,722.22,47,0,0.392,4,1.63,1,450,1,1,0
100205,38,Male,East,15000.0,18,Standard,10,21.86,218.6,0,1,0.742,9,2.46,1,0,1,1,0
100206,28,Male,Central,51400.0,43,Basic,11,54.55,600.05,52,2,0.714,3,0.93,2,0,1,1,1
100207,23,Non-binary,West,47500.0,25,Standard,7,31.62,221.34,12,1,0.905,2,10.71,3,0,0,1,1
100208,28,Male,West,30200.0,49,Standard,6,136.49,818.94,156,1,0.775,12,10.19,2,642,5,0,1
100209,35,Male,Central,48000.0,26,Standard,6,115.31,691.86,9,0,0.08,5,6.64,2,229,0,1,0
100210,51,Male,West,65500.0,8,Standard,7,32.7,228.9,10,0,0.338,6,8.74,1,230,1,1,0
100211,22,Non-binary,North,38400.0,14,Basic,7,36.71,256.97,18,1,0.721,8,13.54,0,67,1,1,0
100212,39,Female,North,72100.0,24,Basic,6,35.75,214.5,39,0,0.655,5,12.37,1,470,0,1,0
100213,33,Female,West,48100.0,104,Standard,7,47.0,329.0,14,0,0.305,12,18.6,0,193,0,1,0
100214,35,Non-binary,South,39100.0,13,Basic,5,64.66,323.3,3,1,0.149,8,2.62,1,108,0,0,0
100215,52,Male,Central,66300.0,88,Basic,9,51.89,467.01,26,1,0.674,2,17.15,1,324,0,1,0
100216,46,Male,North,48600.0,46,Premium,10,153.9,1539.0,6,0,0.621,15,10.76,1,1023,1,0,0
100217,56,Female,North,49200.0,47,Basic,6,48.96,293.76,9,0,0.678,6,16.98,0,183,0,1,0
100218,37,Male,West,63100.0,38,Basic,5,39.82,199.1,9,0,0.719,3,9.9,2,86,0,0,0
100219,30,Male,West,46900.0,83,Basic,0,78.85,0.0,4,0,0.318,5,27.19,0,298,1,0,0
100220,36,Male,Central,19000.0,15,Basic,3,15.37,46.11,162,0,0.099,9,2.04,0,73,2,1,1
100221,42,Female,North,41200.0,45,Basic,9,31.48,283.32,24,0,0.295,13,6.27,1,469,2,1,0
100222,41,Male,South,60500.0,9,Basic,6,39.16,234.96,159,1,0.527,8,5.37,0,493,1,0,1
100223,25,Male,East,15000.0,15,Basic,6,97.33,583.98,26,0,0.402,15,7.77,1,412,0,1,0
100224,40,Male,Central,38400.0,40,Premium,2,42.09,84.18,30,1,0.114,3,8.89,2,0,0,0,0
100225,42,Female,South,88100.0,48,Standard,10,21.97,219.7,139,0,0.124,8,16.58,0,146,0,1,1
100226,72,Male,East,74700.0,33,Basic,3,24.15,72.45,21,0,0.582,7,10.39,4,217,2,1,1
100227,63,Female,North,85900.0,4,Premium,18,53.61,964.98,36,0,0.241,6,11.11,0,432,1,1,1
100228,28,Female,West,58500.0,13,Standard,10,76.0,760.0,15,0,0.322,11,2.7,0,771,0,1,0
100229,35,Female,North,31400.0,8,Basic,5,5.0,25.0,19,0,0.264,5,2.98,1,63,0,1,1
100230,20,Male,Central,33600.0,23,Basic,6,100.12,600.72,16,0,0.606,9,2.79,0,264,0,1,0
100231,31,Male,North,69200.0,8,Basic,3,13.61,40.83,2,0,0.713,8,3.03,1,262,1,1,0
100232,43,Female,West,58200.0,15,Standard,5,174.1,870.5,69,0,0.537,4,6.54,3,457,0,0,1
100233,55,Female,West,96300.0,15,Standard,8,58.69,469.52,83,1,,6,16.61,1,443,2,1,1
100234,30,Female,South,30500.0,55,Standard,7,22.02,154.14,0,1,0.508,2,6.35,1,264,0,1,0
100235,30,Female,South,64600.0,16,Standard,7,23.62,165.34,47,0,0.383,8,2.27,0,227,0,1,0
100236,18,Male,East,28200.0,87,Basic,8,135.6,1084.8,5,1,0.377,5,9.0,0,689,2,1,0
100237,37,Female,East,41500.0,18,Basic,4,31.25,125.0,42,0,0.232,13,0.55,0,151,1,1,1
100238,25,Female,West,43600.0,36,Standard,2,44.11,88.22,107,0,0.631,6,6.08,1,0,0,1,1
100239,32,Non-binary,East,39700.0,30,Basic,6,52.28,313.68,115,0,0.642,19,13.98,0,361,1,1,1
100240,28,Female,North,36300.0,27,Basic,2,41.57,83.14,34,0,0.711,3,16.6,1,0,0,1,1
100241,38,Male,Central,53800.0,45,Basic,2,31.56,63.12,43,0,0.323,18,8.18,0,492,1,0,1
100242,18,Male,North,15000.0,24,Standard,4,49.06,196.24,8,1,0.36,4,6.96,1,0,0,1,0
100243,20,Male,East,18700.0,15,Standard,8,75.75,606.0,14,0,0.591,2,5.9,1,389,0,1,0
100244,67,Male,Central,84700.0,40,Basic,7,47.52,332.64,111,0,0.426,5,11.1,1,496,0,0,1
100245,22,Female,Central,45700.0,11,Basic,8,84.74,677.92,84,0,0.466,8,9.45,2,431,0,1,1
100246,25,Male,North,39700.0,19,Standard,8,49.58,396.64,1,0,0.564,6,17.58,1,473,1,0,0
100247,63,Male,South,74600.0,45,Standard,5,78.45,392.25,34,1,0.523,4,12.91,0,362,0,1,1
100248,77,Female,East,89700.0,22,Standard,7,97.67,683.69,186,1,0.629,2,1.62,0,449,2,1,1
100249,24,Male,South,47100.0,34,Standard,14,52.37,733.18,6,1,0.56,8,15.34,0,298,0,1,0
100250,34,Male,West,23200.0,30,Standard,6,47.42,284.52,5,0,0.378,4,15.11,1,94,1,1,0
100251,43,Male,East,44600.0,16,Basic,6,63.05,378.3,14,2,0.717,5,5.69,0,127,1,1,0
100252,61,Male,South,67800.0,23,Standard,2,29.16,58.32,1,0,0.392,16,2.94,3,147,0,0,1
100253,26,Female,South,38300.0,10,Basic,6,50.4,302.4,39,1,0.5,8,5.77,1,184,0,1,1
100254,36,Male,West,15600.0,50,Standard,9,74.17,667.53,4,0,0.545,13,23.86,1,677,0,1,0
100255,49,Non-binary,West,39800.0,19,Standard,3,104.5,313.5,3,1,0.257,6,8.14,0,28,0,1,0
100256,45,Male,South,53400.0,52,Basic,7,53.59,375.13,41,0,0.384,7,2.24,2,407,1,1,0
100257,34,Female,North,57400.0,22,Basic,1,66.99,66.99,16,0,0.088,2,7.13,0,24,0,0,1
100258,37,Male,South,40200.0,36,Standard,11,87.78,965.58,68,2,0.361,5,5.59,0,466,0,0,1
100259,21,Male,East,21500.0,11,Standard,7,26.95,188.65,46,0,0.514,13,4.46,1,139,0,0,0
100260,36,Female,West,52500.0,47,Basic,8,52.94,423.52,47,1,0.194,6,5.7,1,0,3,1,0
100261,36,Male,Central,40500.0,22,Basic,5,77.18,385.9,79,0,0.062,10,16.71,1,380,1,1,0
100262,42,Male,Central,63100.0,17,Basic,3,39.5,118.5,49,0,0.141,6,5.22,2,87,0,0,1
100263,32,Male,East,38200.0,10,Basic,4,54.56,218.24,15,1,0.291,2,2.23,0,0,0,1,1
100264,45,Male,Central,38000.0,118,Premium,12,69.05,828.6,44,3,0.199,11,19.89,0,557,1,1,0
100265,52,Female,South,80200.0,8,Standard,6,127.72,766.32,38,1,0.555,6,2.12,1,448,1,0,1
100266,41,Non-binary,East,67200.0,85,Standard,6,20.18,121.08,103,2,0.213,11,18.75,1,219,0,0,1
100267,44,Male,East,39300.0,68,Premium,15,154.11,2311.65,45,0,0.601,13,7.78,2,1434,0,1,0
100268,40,Male,West,54400.0,8,Basic,3,10.93,32.79,127,0,0.449,1,6.12,0,0,0,1,1
100269,39,Female,West,43400.0,24,Premium,13,175.53,2281.89,29,1,0.034,10,4.75,0,1091,0,1,0
100270,30,Female,South,48100.0,22,Premium,15,65.8,987.0,36,0,0.36,7,1.83,0,624,2,0,0
100271,43,Male,Central,39500.0,24,Basic,5,5.96,29.8,44,0,0.47,9,9.93,1,172,1,1,1
100272,38,Female,Central,59200.0,30,Premium,11,63.12,694.32,21,0,0.264,10,3.39,1,353,0,0,0
100273,66,Male,Central,90300.0,53,Standard,6,63.19,379.14,102,0,0.464,9,10.64,0,168,0,1,0
100274,59,Non-binary,South,53700.0,9,Basic,5,47.75,238.75,35,0,0.319,13,1.02,1,280,1,1,0
100275,44,Male,Central,53600.0,22,Basic,8,43.26,346.08,73,1,0.808,6,4.22,1,258,0,0,1
100276,29,Female,West,55500.0,17,Basic,3,8.73,26.19,23,0,0.524,7,7.24,1,143,0,1,1
100277,25,Male,West,20600.0,16,Standard,4,45.58,182.32,12,0,0.254,1,12.33,2,107,0,0,1
100278,54,Female,South,52800.0,25,Basic,4,11.93,47.72,80,0,0.623,7,14.23,1,97,0,1,1
100279,42,Male,West,60100.0,21,Basic,5,21.32,106.6,7,0,0.143,7,3.75,1,137,1,1,1
100280,45,Male,West,51400.0,2,Standard,8,88.4,707.2,27,0,0.45,4,12.33,2,446,1,1,0
100281,18,Male,East,15000.0,31,Standard,4,44.96,179.84,207,0,0.52,7,4.54,0,0,0,0,1
100282,51,Female,Central,54900.0,4,Basic,3,34.3,102.9,58,0,,6,,1,188,1,0,1
100283,45,Female,South,78100.0,49,Basic,6,13.52,81.12,1,0,0.097,2,3.24,2,69,0,0,0
100284,25,Non-binary,East,63500.0,27,Standard,3,33.05,99.15,62,0,0.608,4,4.71,4,89,0,0,1
100285,33,Male,South,33300.0,19,Basic,4,33.21,132.84,67,0,0.707,12,12.83,1,315,0,0,1
100286,42,Male,South,38000.0,7,Standard,7,55.12,385.84,40,0,0.737,2,8.48,0,179,0,0,0
100287,40,Male,South,42500.0,31,Basic,4,27.53,110.12,50,0,0.412,1,2.4,5,13,0,1,1
100288,35,Male,South,69400.0,24,Basic,7,52.62,368.34,34,0,0.231,4,2.9,1,187,0,0,1
100289,38,Female,South,58800.0,25,Premium,10,16.12,161.2,85,2,0.391,5,4.1,0,0,1,0,1
100290,36,Male,North,65600.0,28,Basic,7,45.74,320.18,82,0,0.277,7,0.72,0,231,1,1,0
100291,41,Male,North,63800.0,38,Basic,6,79.5,477.0,4,1,0.575,2,19.8,0,186,0,1,0
100292,58,Non-binary,West,47500.0,31,Basic,7,82.13,574.91,16,1,0.416,7,1.3,0,370,1,1,1
100293,18,Female,South,15000.0,65,Basic,8,40.82,326.56,9,1,0.738,4,4.05,1,63,0,1,0
100294,36,Male,North,35400.0,38,Basic,4,29.01,116.04,18,0,0.679,4,5.75,2,0,0,0,0
100295,41,Female,North,42500.0,30,Premium,8,36.58,292.64,23,1,0.712,6,2.38,0,329,1,0,0
100296,43,Male,North,42300.0,26,Basic,9,12.12,109.08,86,1,0.464,3,12.88,2,82,0,1,1
100297,34,Male,North,35300.0,12,Standard,5,32.24,161.2,20,0,0.778,15,5.37,2,96,0,1,0
100298,18,Male,Central,37000.0,6,Basic,6,32.81,196.86,19,0,0.295,7,14.03,1,220,3,1,1
100299,43,Female,East,53700.0,2,Basic,3,15.75,47.25,84,0,0.127,5,16.12,1,30,0,1,1
100300,61,Female,South,85900.0,36,Standard,7,42.58,298.06,2,0,0.408,8,2.55,1,309,1,0,0
100301,19,Female,East,32500.0,24,Standard,4,59.05,236.2,3,0,0.613,10,11.83,1,183,1,1,0
100302,50,Female,North,48900.0,39,Basic,5,69.11,345.55,6,0,0.558,1,13.13,3,0,0,1,0
100303,35,Female,West,46800.0,62,Basic,7,41.12,287.84,4,0,0.219,17,5.95,2,384,0,1,1
100304,38,Male,Central,25800.0,22,Basic,6,46.51,279.06,32,0,0.249,5,19.66,0,262,1,1,0
100305,25,Female,North,15000.0,8,Premium,10,76.72,767.2,23,2,0.572,2,18.28,2,539,1,1,1
100306,35,Female,North,53200.0,46,Standard,9,29.42,264.78,32,2,0.815,8,3.97,1,100,1,1,0
100307,56,Male,East,78400.0,21,Premium,18,218.34,3930.12,2,2,0.426,3,13.0,2,2109,0,0,0
100308,47,Female,North,56600.0,15,Basic,9,57.59,518.31,33,0,0.323,1,4.59,2,96,0,1,1
100309,62,Female,North,64300.0,14,Standard,5,48.95,244.75,1,0,0.675,22,3.53,0,262,0,0,0
100310,54,Male,West,43400.0,36,Standard,10,28.31,283.1,69,0,0.674,2,1.66,0,547,0,0,1
100311,45,Female,East,70000.0,36,Premium,8,136.84,1094.72,164,0,0.845,11,5.08,1,538,2,0,1
100312,62,Female,North,76700.0,54,Standard,7,165.14,1155.98,41,2,0.434,12,2.79,2,686,0,1,1
100313,45,Male,West,57700.0,10,Basic,6,32.71,196.26,99,0,0.587,3,9.05,1,0,0,0,1
100314,50,Female,North,58300.0,10,Basic,2,41.69,83.38,20,0,0.461,3,6.14,2,91,0,0,1
100315,35,Female,South,37600.0,28,Premium,13,120.54,1567.02,119,0,0.299,4,4.0,3,836,2,1,1
100316,40,Female,West,33300.0,30,Standard,5,101.09,505.45,56,0,0.342,10,2.4,0,349,2,1,0
100317,30,Female,East,42900.0,49,Premium,10,110.72,1107.2,160,1,0.31,3,3.1,2,343,0,0,1
100318,52,Male,East,52800.0,52,Standard,9,29.23,263.07,5,1,0.428,5,2.72,0,275,1,0,0
100319,24,Female,West,27800.0,27,Basic,5,27.25,136.25,9,0,0.502,11,31.25,3,0,2,0,0
100320,49,Female,East,81500.0,54,Basic,8,64.61,516.88,13,0,0.34,4,8.42,1,35,1,1,0
100321,37,Female,Central,45400.0,23,Basic,7,62.57,437.99,84,0,0.696,0,7.43,1,244,0,1,1
100322,54,Non-binary,East,27900.0,24,Basic,6,21.61,129.66,30,0,0.273,15,9.73,0,315,2,0,0
100323,49,Female,South,50000.0,20,Standard,10,70.49,704.9,4,0,0.499,3,6.85,2,519,0,0,0
100324,63,Male,West,56700.0,9,Basic,1,9.47,9.47,103,1,0.069,3,18.17,1,0,1,1,0
100325,49,Female,South,55500.0,6,Basic,3,22.18,66.54,58,0,0.06,4,6.05,0,306,0,0,1
100326,19,Male,West,,28,Basic,8,26.19,209.52,105,0,0.726,5,2.71,0,0,1,0,1
100327,38,Female,South,53100.0,47,Premium,7,54.77,383.39,27,0,0.298,5,1.7,1,425,0,0,0
100328,24,Female,East,29600.0,15,Standard,8,32.29,258.32,80,0,0.362,10,11.07,0,536,1,1,1
100329,32,Male,West,34600.0,51,Basic,4,45.39,181.56,11,0,0.04,16,6.58,1,446,1,0,0
100330,59,Female,East,69000.0,61,Standard,5,24.08,120.4,53,1,0.594,2,8.97,0,176,1,0,0
100331,47,Male,North,54500.0,19,Premium,7,64.67,452.69,8,2,0.512,8,9.03,0,325,1,1,0
100332,30,Male,South,37500.0,5,Standard,7,148.64,1040.48,74,0,0.45,5,11.94,1,574,0,1,1
100333,26,Male,West,32500.0,20,Basic,4,19.4,77.6,19,0,0.399,2,8.09,3,33,0,1,1
100334,39,Female,Central,47700.0,10,Basic,8,25.34,202.72,44,0,0.305,11,8.24,0,167,4,1,0
100335,23,Male,East,37600.0,47,Standard,13,42.94,558.22,187,1,0.143,7,13.72,0,348,0,0,1
100336,30,Female,North,42500.0,29,Basic,7,50.84,355.88,0,1,0.603,10,15.62,3,269,1,1,1
100337,43,Non-binary,South,67500.0,5,Basic,6,29.01,174.06,149,0,0.324,3,9.67,0,174,2,1,1
100338,54,Male,East,54500.0,34,Basic,2,41.08,82.16,28,0,0.615,4,3.72,1,459,2,0,0
100339,47,Male,North,58900.0,49,Basic,9,37.79,340.11,21,0,0.606,6,9.58,1,319,3,0,0
100340,18,Male,Central,62200.0,26,Basic,5,26.84,134.2,23,0,0.487,1,2.88,0,250,0,0,0
100341,43,Male,East,51200.0,17,Basic,5,41.83,209.15,11,2,0.461,5,2.29,1,269,0,0,0
100342,40,Male,South,48900.0,32,Basic,4,9.43,37.72,22,0,0.187,4,6.77,0,0,1,0,0
100343,44,Female,South,35000.0,70,Standard,4,43.74,174.96,48,0,0.498,10,5.24,1,44,0,1,0
100344,60,Male,North,57900.0,55,Premium,11,133.96,1473.56,8,1,0.397,6,9.85,0,806,0,1,0
100345,18,Female,East,26500.0,8,Basic,3,18.44,55.32,13,0,,12,5.12,0,395,0,0,0
100346,31,Female,East,47800.0,28,Standard,6,50.65,303.9,22,0,0.354,11,8.67,4,301,0,1,0
100347,47,Male,South,64600.0,11,Basic,7,16.94,118.58,146,0,0.169,4,4.45,0,198,2,1,1
100348,18,Female,West,32600.0,17,Standard,6,33.67,202.02,35,0,0.379,18,0.82,1,22,0,0,0
100349,58,Male,South,77300.0,57,Basic,4,45.1,180.4,71,0,0.384,8,10.01,0,0,0,1,0
100350,44,Female,East,38700.0,28,Premium,10,99.11,991.1,83,1,0.795,0,4.1,0,419,2,0,1
100351,50,Female,Central,65200.0,12,Basic,7,21.02,147.14,3,1,0.342,12,10.68,3,294,0,1,1
100352,32,Male,South,41500.0,20,Basic,5,15.04,75.2,7,1,0.334,2,22.59,0,161,1,1,0
100353,50,Female,South,60100.0,41,Standard,10,64.0,640.0,17,1,0.48,5,9.14,1,484,1,1,0
100354,53,Male,Central,56200.0,16,Standard,7,89.68,627.76,50,1,,2,14.17,1,243,0,1,0
100355,42,Male,South,37500.0,29,Standard,7,12.13,84.91,59,1,0.461,11,7.33,1,0,0,0,1
100356,42,Male,South,33800.0,17,Basic,7,52.16,365.12,141,0,0.311,5,7.31,0,440,0,0,1
100357,43,Female,West,56200.0,19,Standard,4,29.67,118.68,57,0,0.315,4,4.42,2,309,0,0,1
100358,28,Male,East,44500.0,61,Premium,7,29.35,205.45,1,1,0.618,1,9.47,1,78,1,0,0
100359,37,Female,Central,44200.0,28,Standard,5,23.27,116.35,85,0,0.39,14,,1,0,1,1,1
100360,37,Female,East,45800.0,36,Basic,3,23.87,71.61,117,0,0.568,6,8.46,1,0,0,1,1
100361,44,Female,East,42600.0,27,Premium,9,85.04,765.36,3,0,0.409,11,7.08,5,414,0,1,0
100362,52,Female,North,67300.0,7,Standard,6,44.62,267.72,15,0,0.376,2,4.7,2,483,1,1,1
100363,25,Male,North,35500.0,10,Standard,4,16.97,67.88,122,1,0.255,6,12.06,0,120,0,0,1
100364,37,Female,East,40900.0,61,Basic,4,35.54,142.16,69,0,0.655,8,12.02,1,132,1,1,0
100365,58,Female,North,,57,Basic,7,18.41,128.87,127,1,0.124,7,5.55,2,115,1,1,1
100366,29,Male,South,47500.0,27,Standard,6,91.87,551.22,108,0,0.276,15,5.35,1,538,2,0,1
100367,28,Male,South,16000.0,13,Standard,4,28.52,114.08,35,0,0.049,9,6.56,2,160,1,0,0
100368,42,Female,North,51500.0,6,Basic,2,54.18,108.36,103,0,0.34,10,5.73,2,123,1,1,1
100369,50,Female,East,45000.0,92,Standard,9,22.03,198.27,41,1,0.369,7,,3,59,2,0,0
100370,39,Female,East,49900.0,9,Basic,8,30.03,240.24,22,1,0.689,5,9.61,1,160,2,1,0
100371,56,Male,South,20000.0,14,Standard,9,54.16,487.44,3,1,0.456,8,9.78,1,382,3,0,0
100372,50,Male,West,61200.0,16,Basic,6,125.9,755.4,41,0,0.024,3,4.08,1,355,2,1,1
100373,50,Male,North,68400.0,13,Premium,16,37.42,598.72,0,1,0.664,12,1.66,2,472,0,1,0
100374,46,Male,North,53000.0,25,Standard,5,70.43,352.15,5,0,0.461,6,,1,0,1,1,0
100375,69,Female,Central,60100.0,85,Standard,8,17.74,141.92,96,0,0.044,4,11.12,2,0,0,1,0
100376,36,Male,Central,72500.0,22,Basic,3,70.88,212.64,89,0,0.261,14,6.06,0,398,0,1,1
100377,18,Female,South,44200.0,31,Basic,9,74.21,667.89,76,0,0.183,6,3.24,0,360,2,0,1
100378,60,Female,South,60500.0,38,Standard,5,17.77,88.85,85,1,0.605,8,6.16,1,99,0,1,1
100379,33,Female,Central,38600.0,45,Premium,11,74.36,817.96,200,0,0.097,6,19.23,0,333,0,1,1
100380,40,Female,East,21200.0,27,Standard,10,11.65,116.5,65,1,0.721,1,24.17,1,123,1,1,1
100381,56,Male,North,70700.0,12,Basic,7,13.59,95.13,55,0,0.473,4,4.96,0,0,1,1,0
100382,18,Female,North,15000.0,38,Standard,11,93.21,1025.31,159,0,0.173,4,10.01,2,439,0,1,1
100383,23,Female,North,42100.0,69,Standard,8,132.06,1056.48,12,0,0.614,7,13.09,0,573,2,1,0
100384,18,Female,West,42400.0,15,Standard,6,66.77,400.62,110,0,0.622,16,5.78,1,161,1,0,1
100385,29,Non-binary,East,37500.0,32,Standard,5,67.57,337.85,17,0,0.188,6,3.2,1,218,0,0,0
100386,45,Male,South,38700.0,39,Standard,2,59.72,119.44,28,0,0.663,6,10.29,3,371,1,1,1
100387,46,Male,North,72100.0,18,Standard,8,20.21,161.68,52,0,0.051,8,13.52,1,220,1,1,1
100388,43,Male,North,51800.0,44,Premium,13,62.47,812.11,103,1,0.247,7,12.39,0,788,1,0,1
100389,21,Male,West,32200.0,54,Standard,5,67.68,338.4,55,1,0.519,3,1.52,2,243,1,0,0
100390,18,Female,Central,15000.0,32,Basic,2,5.0,10.0,14,0,0.458,4,4.8,3,0,0,1,1
100391,40,Female,East,51600.0,43,Standard,7,59.73,418.11,44,1,0.664,5,3.73,2,262,2,1,1
100392,33,Female,West,39400.0,22,Standard,8,40.11,320.88,5,0,0.417,16,12.36,1,198,0,1,0
100393,45,Female,South,,9,Standard,10,51.55,515.5,61,1,0.235,10,6.44,3,316,0,1,1
100394,48,Male,East,75300.0,12,Basic,4,23.04,92.16,93,0,0.636,9,6.29,1,193,0,0,1
100395,41,Female,South,74500.0,78,Standard,10,79.3,793.0,0,0,0.174,4,7.41,1,444,0,1,0
100396,49,Female,North,71700.0,54,Basic,1,59.83,59.83,179,0,0.277,1,12.53,1,0,1,1,1
100397,42,Male,East,63000.0,11,Basic,6,30.72,184.32,66,0,0.272,2,1.86,1,11,2,0,1
100398,46,Female,West,79300.0,10,Basic,7,17.04,119.28,6,0,0.27,8,3.71,1,0,1,0,1
100399,30,Female,North,24700.0,39,Standard,5,34.5,172.5,37,1,0.482,8,12.46,4,367,1,1,1
100400,37,Female,East,31200.0,120,Basic,3,18.17,54.51,12,1,0.123,4,5.86,1,194,0,1,0
100401,42,Male,Central,45000.0,27,Standard,5,80.25,401.25,74,0,0.466,10,1.83,1,48,1,0,1
100402,50,Female,West,62600.0,14,Premium,13,18.8,244.4,27,0,0.383,3,2.43,2,261,0,1,0
100403,34,Female,East,39100.0,46,Standard,4,29.87,119.48,39,0,0.587,7,12.26,0,81,1,1,0
100404,46,Female,North,40300.0,59,Premium,12,319.07,3828.84,3,1,0.345,1,8.58,1,2156,0,0,0
100405,36,Male,West,,39,Basic,3,26.12,78.36,68,0,0.651,3,1.08,3,0,1,0,1
100406,37,Female,North,44700.0,35,Basic,5,16.89,84.45,2,0,0.592,6,5.42,2,438,1,1,0
100407,50,Female,South,70200.0,11,Basic,8,26.52,212.16,14,0,0.434,9,6.46,3,381,0,0,1
100408,18,Male,North,28600.0,47,Premium,10,109.13,1091.3,15,0,0.819,0,2.19,0,712,1,1,0
100409,22,Male,South,15000.0,40,Standard,8,83.72,669.76,16,0,0.183,9,21.89,2,647,0,1,0
100410,20,Female,East,35300.0,20,Basic,4,11.37,45.48,175,2,0.364,0,5.57,1,0,1,1,1
100411,18,Female,West,50100.0,8,Premium,9,80.23,722.07,13,1,0.294,9,5.35,0,567,0,1,0
100412,30,Female,East,39800.0,18,Standard,7,27.4,191.8,27,1,0.469,4,0.71,0,19,1,1,0
100413,49,Male,Central,71300.0,26,Standard,6,27.16,162.96,25,0,0.497,3,1.13,0,379,0,0,0
100414,35,Female,East,37100.0,41,Basic,9,55.49,499.41,45,1,0.582,1,4.91,0,50,0,1,0
100415,42,Male,East,58700.0,46,Premium,10,36.29,362.9,63,0,0.575,4,6.82,1,513,0,0,0
100416,53,Male,North,50800.0,24,Standard,5,31.29,156.45,7,0,0.665,7,31.44,1,144,2,1,0
100417,56,Male,North,60600.0,22,Basic,6,87.28,523.68,120,0,0.526,7,10.06,1,66,0,1,1
100418,38,Female,East,43700.0,52,Basic,2,38.85,77.7,34,0,0.256,10,5.82,1,410,1,1,0
100419,57,Male,West,71700.0,33,Standard,13,94.08,1223.04,11,1,0.571,1,1.38,0,787,1,1,0
100420,40,Male,North,37400.0,39,Standard,6,11.97,71.82,25,0,0.318,7,1.48,0,104,0,0,0
100421,28,Male,East,17000.0,20,Basic,4,43.87,175.48,73,0,0.26,6,3.03,2,222,1,1,1
100422,31,Female,South,46900.0,51,Basic,2,79.31,158.62,45,0,0.501,1,27.98,3,51,0,1,1
100423,20,Male,South,36000.0,16,Basic,5,52.86,264.3,21,0,0.22,9,3.07,0,51,0,0,1
100424,27,Male,South,38100.0,85,Basic,4,30.18,120.72,8,0,,4,7.48,0,0,0,0,0
100425,34,Male,North,56300.0,10,Premium,6,99.99,599.94,30,1,0.191,19,2.49,1,338,1,1,1
100426,49,Male,South,54600.0,27,Standard,7,57.81,404.67,62,1,0.194,0,9.42,0,0,0,1,1
100427,61,Male,Central,72800.0,9,Basic,5,5.81,29.05,34,1,0.219,3,21.21,2,0,1,1,1
100428,21,Female,West,26000.0,37,Premium,7,57.92,405.44,0,0,0.597,2,5.59,1,94,0,0,0
100429,44,Male,North,49100.0,56,Standard,2,94.21,188.42,36,0,0.205,8,7.3,1,0,0,1,0
100430,25,Male,North,39400.0,39,Basic,5,47.08,235.4,63,1,0.591,12,2.72,1,183,1,1,0
100431,45,Male,East,85400.0,19,Standard,6,14.36,86.16,78,0,0.287,11,10.51,0,0,1,0,1
100432,37,Female,South,56400.0,9,Basic,3,17.45,52.35,19,0,0.217,3,6.21,1,0,1,1,0
100433,18,Female,West,35700.0,19,Basic,6,71.21,427.26,84,0,0.57,4,,2,342,1,1,1
100434,51,Male,East,70200.0,40,Standard,6,58.24,349.44,7,0,0.555,8,18.33,0,312,1,1,0
100435,31,Male,Central,15000.0,12,Premium,14,110.58,1548.12,9,1,0.15,3,3.91,3,722,1,1,0
100436,32,Female,North,45800.0,6,Basic,6,5.71,34.26,55,0,0.775,5,5.14,0,0,2,1,1
100437,25,Female,Central,47400.0,22,Standard,5,64.95,324.75,32,0,0.903,5,2.74,2,336,0,1,0
100438,30,Male,West,40600.0,9,Premium,11,107.78,1185.58,31,1,0.052,15,6.19,0,669,1,1,1
100439,45,Male,West,53000.0,32,Premium,12,32.4,388.8,202,1,0.372,15,7.35,0,272,1,1,1
100440,37,Female,Central,32900.0,24,Basic,7,14.32,100.24,34,0,0.611,8,8.62,1,145,0,0,0
100441,43,Female,East,45700.0,21,Basic,3,15.22,45.66,25,0,0.203,6,15.87,0,141,0,1,0
100442,44,Female,North,41000.0,92,Basic,8,10.45,83.6,138,1,0.159,3,2.12,1,0,0,1,1
100443,56,Female,East,78100.0,35,Basic,6,16.49,98.94,88,2,0.155,4,11.81,0,157,0,1,1
100444,35,Male,West,65200.0,2,Premium,12,110.4,1324.8,63,1,0.133,5,4.36,0,939,0,1,1
100445,20,Male,Central,57000.0,84,Basic,5,77.23,386.15,78,0,0.504,17,4.24,0,557,2,0,0
100446,53,Male,East,,27,Premium,15,51.1,766.5,59,3,0.342,8,1.74,1,789,1,1,1
100447,35,Male,West,34800.0,20,Basic,3,63.37,190.11,4,0,0.273,3,6.32,0,26,2,1,0
100448,53,Female,South,50800.0,30,Basic,8,32.63,261.04,48,1,0.414,6,12.55,1,87,0,0,1
100449,44,Female,South,,10,Basic,5,47.71,238.55,41,1,0.337,3,8.25,0,170,0,1,1
100450,37,Female,East,32000.0,23,Standard,9,20.82,187.38,98,2,0.221,2,4.23,2,64,1,0,1
100451,44,Female,South,45500.0,50,Basic,3,15.56,46.68,33,1,0.736,1,9.03,0,0,0,1,0
100452,64,Male,North,83900.0,21,Premium,11,155.17,1706.87,72,0,0.221,19,4.97,1,972,0,1,0
100453,66,Female,West,63600.0,17,Basic,5,15.07,75.35,126,1,0.16,13,5.34,1,56,2,1,1
100454,40,Male,East,63600.0,15,Premium,5,28.73,143.65,28,0,0.362,3,11.62,0,91,0,1,1
100455,41,Female,East,69000.0,45,Basic,6,15.2,91.2,57,1,0.297,7,12.08,1,0,0,1,1
100456,53,Female,North,65200.0,32,Standard,6,43.88,263.28,48,0,0.413,9,12.02,1,370,0,0,1
100457,28,Female,South,54700.0,84,Standard,3,37.56,112.68,230,0,0.375,7,23.21,0,229,0,1,1
100458,43,Male,West,32700.0,76,Standard,7,19.06,133.42,20,0,0.243,10,5.12,0,337,1,0,0
100459,39,Male,Central,40100.0,22,Standard,4,91.01,364.04,21,0,0.447,7,5.37,0,409,1,1,0
100460,43,Male,North,54400.0,39,Basic,4,22.92,91.68,24,0,0.153,8,4.02,1,209,1,1,0
100461,28,Female,West,40600.0,19,Basic,7,18.48,129.36,149,1,0.673,13,8.05,2,119,3,1,1
100462,18,Male,West,48000.0,17,Basic,5,26.82,134.1,33,1,0.327,2,3.83,2,182,2,0,1
100463,18,Male,West,15000.0,16,Standard,5,28.35,141.75,49,0,0.518,5,2.93,3,0,0,0,1
100464,24,Female,East,26200.0,15,Premium,11,179.06,1969.66,13,2,0.368,7,4.51,0,1063,0,1,0
100465,33,Female,South,41100.0,51,Basic,6,33.59,201.54,96,0,0.489,2,4.38,3,109,0,0,1
100466,35,Female,West,36900.0,17,Basic,3,80.2,240.6,122,0,0.501,5,13.95,0,0,1,1,1
100467,64,Female,East,57100.0,20,Basic,4,18.04,72.16,23,1,0.352,14,16.17,0,222,0,0,0
100468,53,Male,South,54600.0,32,Standard,12,38.44,461.28,34,1,0.263,2,14.15,0,292,0,1,0
100469,26,Female,South,32200.0,30,Basic,10,43.62,436.2,71,1,0.284,11,1.95,0,469,2,0,1
100470,44,Male,South,73000.0,28,Standard,8,66.75,534.0,10,0,0.823,6,15.19,2,384,2,1,1
100471,34,Male,East,28900.0,56,Standard,3,13.86,41.58,68,0,0.548,14,2.2,1,108,0,1,1
100472,35,Female,Central,55600.0,17,Standard,8,10.22,81.76,30,0,0.088,10,7.74,1,0,0,0,1
100473,41,Male,South,67700.0,15,Standard,9,80.39,723.51,6,1,0.015,23,8.96,0,606,1,1,0
100474,47,Female,South,48400.0,1,Basic,8,22.11,176.88,18,0,0.237,3,6.27,3,322,0,0,1
100475,35,Female,Central,47800.0,39,Premium,12,50.2,602.4,8,1,0.553,6,12.57,0,394,2,1,0
100476,53,Female,South,69300.0,38,Standard,5,64.03,320.15,189,0,0.51,7,11.99,0,288,2,0,1
100477,24,Female,North,39500.0,53,Premium,10,82.52,825.2,28,2,0.303,13,21.34,0,295,2,0,0
100478,39,Female,West,49100.0,22,Standard,8,25.85,206.8,5,0,0.417,3,2.82,1,0,1,1,0
100479,73,Male,Central,70700.0,24,Standard,8,38.62,308.96,67,1,0.447,5,11.73,2,217,1,1,1
100480,42,Male,West,60100.0,49,Standard,8,79.1,632.8,7,1,0.739,8,34.93,0,101,0,1,0
100481,58,Male,South,60800.0,19,Premium,12,109.05,1308.6,61,1,0.256,7,4.99,2,402,0,1,1
100482,40,Female,East,49300.0,27,Basic,3,22.35,67.05,38,0,0.328,10,16.3,0,66,1,1,0
100483,47,Non-binary,West,58000.0,56,Standard,16,22.83,365.28,56,1,0.584,8,4.02,1,209,0,1,0
100484,38,Female,Central,59000.0,38,Basic,4,60.51,242.04,38,1,0.585,13,11.41,2,276,1,1,1
100485,37,Male,North,73000.0,21,Basic,8,22.44,179.52,126,0,0.341,4,5.48,2,333,0,1,1
100486,29,Male,Central,28100.0,48,Premium,12,91.49,1097.88,32,0,0.071,10,7.81,2,877,1,1,0
100487,45,Male,East,54400.0,25,Premium,8,39.25,314.0,54,0,0.712,6,10.52,2,148,1,1,0
100488,28,Female,North,16700.0,49,Standard,7,98.6,690.2,5,1,0.554,6,7.48,3,399,1,1,0
100489,48,Male,North,77200.0,32,Basic,4,40.43,161.72,39,0,0.119,9,17.62,0,198,1,1,0
100490,53,Male,North,61900.0,18,Standard,7,128.0,896.0,57,1,0.591,10,12.81,2,633,1,0,1
100491,44,Female,Central,48500.0,11,Premium,16,60.79,972.64,42,0,0.189,12,1.05,0,673,0,0,0
100492,35,Male,South,44900.0,44,Premium,13,36.22,470.86,22,1,0.16,14,15.96,2,508,1,0,0
100493,45,Female,West,55100.0,47,Premium,4,50.62,202.48,54,0,0.521,4,2.63,3,0,0,0,1
100494,35,Male,North,33900.0,61,Standard,9,19.92,179.28,53,0,0.411,8,9.56,0,56,2,1,1
100495,51,Male,West,76000.0,40,Basic,8,93.13,745.04,6,1,0.324,12,5.97,1,468,2,0,0
100496,18,Male,East,37000.0,23,Basic,6,58.78,352.68,138,1,0.544,24,22.14,0,585,1,0,1
100497,35,Female,Central,,32,Basic,4,74.37,297.48,74,0,0.383,5,8.49,1,164,0,0,1
100498,18,Female,East,18500.0,28,Basic,4,38.48,153.92,49,0,0.524,14,4.44,0,29,1,0,0
100499,20,Male,West,19600.0,23,Basic,3,107.12,321.36,58,0,0.308,4,15.36,1,152,1,0,1
100500,57,Female,East,63500.0,10,Standard,4,60.96,243.84,24,0,0.521,3,28.18,1,0,1,1,0
100501,51,Male,East,,11,Standard,7,18.36,128.52,8,0,0.167,10,10.05,0,218,0,1,0
100502,30,Female,Central,46400.0,45,Standard,9,22.24,200.16,55,2,0.543,10,6.16,1,241,1,0,0
100503,19,Male,East,18100.0,14,Basic,8,28.57,228.56,31,0,0.636,6,8.53,1,255,2,0,1
100504,18,Female,Central,37300.0,22,Basic,6,46.04,276.24,8,1,0.78,2,10.05,2,286,2,1,1
100505,32,Female,North,27700.0,7,Premium,11,70.28,773.08,20,0,0.298,5,10.66,0,254,0,1,0
100506,70,Female,West,68100.0,7,Premium,11,85.0,935.0,23,3,0.621,10,4.83,0,638,0,1,1
100507,45,Female,Central,55900.0,15,Premium,13,16.88,219.44,43,1,0.177,7,8.5,4,421,1,1,0
100508,32,Female,Central,24900.0,44,Premium,8,79.29,634.32,171,1,0.211,7,3.88,1,89,0,0,1
100509,45,Female,East,40200.0,45,Basic,3,11.69,35.07,4,0,0.597,9,2.39,3,63,1,1,0
100510,19,Female,East,50700.0,30,Standard,2,18.79,37.58,24,1,0.565,6,5.02,2,209,0,0,1
100511,35,Female,West,63300.0,16,Basic,6,102.98,617.88,83,0,0.555,7,11.72,1,464,0,1,1
100512,40,Male,South,81000.0,64,Basic,7,15.62,109.34,37,1,0.17,4,10.77,0,0,1,0,0
100513,38,Male,Central,53300.0,21,Standard,7,26.05,182.35,185,0,0.358,8,7.91,1,167,0,1,1
100514,49,Male,South,66500.0,68,Standard,9,72.22,649.98,69,0,0.385,1,9.79,0,104,2,0,1
100515,43,Female,North,49600.0,35,Basic,6,52.44,314.64,48,0,0.572,6,7.22,1,185,0,1,0
100516,48,Female,West,51600.0,51,Basic,7,51.99,363.93,44,1,0.7,11,,3,484,0,0,0
100517,30,Female,South,51600.0,51,Premium,14,306.5,4291.0,84,1,0.175,5,3.58,2,2109,0,1,1
100518,51,Male,South,78400.0,5,Basic,5,34.68,173.4,5,0,0.226,12,14.39,0,1,1,0,1
100519,60,Male,South,78900.0,11,Standard,5,35.16,175.8,144,0,0.118,4,7.38,1,19,0,1,1
100520,26,Female,Central,,20,Standard,5,13.58,67.9,43,0,0.284,4,10.56,3,0,2,1,1
100521,27,Female,East,42000.0,15,Basic,3,19.02,57.06,14,0,0.252,13,12.74,1,312,0,1,0
100522,56,Female,Central,53300.0,36,Basic,8,35.87,286.96,53,0,0.696,3,2.47,2,167,0,1,0
100523,37,Female,South,41500.0,38,Basic,1,41.37,41.37,115,0,0.113,3,21.69,1,135,1,0,1
100524,57,Male,South,88000.0,19,Standard,6,8.18,49.08,42,1,0.142,2,6.97,3,0,1,0,1
100525,33,Female,North,25500.0,17,Standard,2,75.48,150.96,99,0,0.603,3,5.75,0,318,0,1,1
100526,58,Female,South,96400.0,48,Basic,7,16.74,117.18,20,1,0.796,11,10.25,1,44,1,0,0
100527,41,Female,North,57500.0,18,Standard,8,24.15,193.2,13,1,0.343,1,8.88,1,64,2,1,0
100528,42,Female,North,44300.0,54,Basic,8,7.16,57.28,20,0,0.661,11,14.84,2,291,2,0,0
100529,59,Female,South,67900.0,31,Standard,5,122.36,611.8,49,0,0.518,10,7.03,2,506,1,1,0
100530,34,Female,West,33600.0,31,Standard,10,10.8,108.0,83,0,0.312,14,10.81,0,156,1,0,1
100531,27,Female,South,28900.0,12,Premium,12,135.89,1630.68,16,0,0.141,15,14.73,0,695,1,0,0
100532,33,Female,East,43300.0,42,Standard,4,49.89,199.56,2,0,0.686,11,9.05,0,220,1,0,0
100533,45,Male,South,49000.0,11,Standard,9,64.31,578.79,63,1,0.774,3,11.31,1,369,2,0,1
100534,19,Male,East,15900.0,42,Basic,2,36.02,72.04,35,0,0.57,4,11.68,1,0,0,0,1
100535,47,Female,West,52500.0,38,Standard,8,30.01,240.08,69,0,0.582,6,2.02,1,233,1,1,0
100536,32,Male,West,22900.0,39,Basic,10,8.46,84.6,29,0,0.544,7,0.6,2,327,1,0,0
100537,54,Female,West,44400.0,38,Standard,10,24.15,241.5,3,0,0.406,12,16.7,1,0,1,0,0
100538,18,Non-binary,North,15000.0,48,Basic,8,67.31,538.48,25,1,0.305,5,4.77,1,116,1,1,0
100539,29,Male,South,61800.0,36,Premium,8,51.77,414.16,100,0,0.158,6,25.54,2,183,0,0,1
100540,18,Female,West,33700.0,5,Basic,8,81.86,654.88,42,2,0.396,3,7.14,0,249,1,1,1
100541,28,Female,Central,45800.0,33,Premium,15,165.71,2485.65,35,0,0.357,7,7.85,0,1408,0,0,0
100542,42,Male,East,51000.0,14,Basic,3,54.37,163.11,108,1,0.543,6,5.97,1,6,0,1,1
100543,37,Female,East,53100.0,8,Standard,6,170.29,1021.74,1,0,0.367,4,10.37,2,526,1,1,0
100544,36,Female,West,61600.0,12,Basic,7,53.44,374.08,9,0,0.354,14,5.31,0,204,1,1,0
100545,37,Male,Central,51800.0,16,Premium,3,52.51,157.53,37,0,0.194,13,16.07,1,349,1,0,1
100546,42,Female,South,73800.0,40,Standard,9,29.82,268.38,61,1,0.538,15,7.68,0,112,1,1,0
100547,26,Male,North,35100.0,22,Basic,6,22.63,135.78,230,0,0.523,6,20.36,0,194,1,0,1
100548,48,Male,West,64900.0,48,Basic,6,51.7,310.2,1,0,0.653,10,3.37,1,207,1,0,0
100549,48,Male,West,66400.0,15,Standard,6,18.69,112.14,40,0,0.17,16,3.45,0,224,0,0,0
100550,44,Male,North,39700.0,22,Premium,14,113.36,1587.04,58,0,0.454,8,2.38,1,943,0,0,0
100551,46,Male,South,55200.0,16,Standard,6,14.36,86.16,27,1,0.555,9,10.21,2,153,0,1,0
100552,43,Male,East,26000.0,4,Standard,6,67.62,405.72,98,0,0.418,2,1.51,0,498,2,1,1
100553,65,Non-binary,West,70800.0,27,Premium,12,130.6,1567.2,3,0,0.063,0,10.28,0,755,0,1,0
100554,38,Male,West,43100.0,110,Standard,9,59.95,539.55,31,1,0.658,10,14.75,1,262,1,1,0
100555,35,Male,North,39400.0,9,Basic,7,29.43,206.01,38,0,0.292,4,16.95,1,221,0,1,1
100556,29,Male,North,32700.0,42,Basic,5,30.87,154.35,4,1,0.168,17,4.88,3,389,2,1,0
100557,26,Male,West,42800.0,48,Standard,8,35.56,284.48,27,0,0.015,7,17.08,2,156,1,1,0
100558,23,Female,North,20300.0,28,Standard,13,24.36,316.68,130,0,0.55,6,4.28,1,448,0,1,1
100559,27,Male,East,62600.0,9,Standard,10,15.41,154.1,55,1,0.295,4,5.85,4,221,1,1,1
100560,38,Female,East,54900.0,90,Basic,7,74.63,522.41,32,0,0.24,1,2.59,0,252,0,0,0
100561,43,Female,South,40500.0,38,Standard,13,20.97,272.61,18,3,0.08,3,13.12,1,299,0,0,0
100562,40,Female,West,58000.0,68,Basic,5,28.1,140.5,72,0,0.284,17,3.46,1,243,0,0,1
100563,29,Male,North,52400.0,6,Premium,8,101.08,808.64,55,0,0.725,2,,2,0,0,1,0
100564,51,Male,West,64500.0,17,Basic,4,37.69,150.76,31,0,0.449,19,3.02,1,297,1,0,1
100565,49,Female,East,43400.0,9,Premium,8,123.91,991.28,18,2,0.327,5,7.67,1,289,0,0,1
100566,37,Female,East,77400.0,52,Basic,7,25.14,175.98,74,0,0.222,7,5.38,1,280,0,0,1
100567,31,Female,Central,49300.0,6,Standard,9,57.57,518.13,59,0,0.437,11,5.32,1,234,1,1,0
100568,46,Female,North,37100.0,24,Standard,4,69.19,276.76,7,0,0.393,1,16.95,3,315,1,1,0
100569,41,Female,West,52800.0,22,Premium,19,24.95,474.05,137,1,0.377,6,12.49,0,409,0,1,1
100570,20,Male,North,26800.0,5,Standard,7,56.15,393.05,4,0,0.671,8,4.18,1,313,1,0,0
100571,38,Female,Central,47100.0,40,Standard,6,51.87,311.22,68,0,0.094,11,14.06,1,239,0,1,0
100572,42,Female,North,34100.0,35,Basic,5,78.28,391.4,56,0,0.574,7,2.7,2,84,1,1,0
100573,27,Female,East,37300.0,16,Basic,4,66.24,264.96,42,0,0.535,8,5.38,1,111,0,0,1
100574,41,Male,North,38200.0,68,Standard,6,26.17,157.02,7,1,0.099,9,3.07,0,128,0,1,0
100575,20,Male,South,25000.0,6,Basic,6,47.43,284.58,20,0,0.316,14,7.63,0,376,0,1,0
100576,56,Female,North,69500.0,3,Standard,7,19.27,134.89,23,1,0.341,3,5.99,1,18,0,1,1
100577,55,Female,North,56500.0,29,Standard,7,88.68,620.76,37,0,0.216,5,7.52,2,249,2,0,0
100578,36,Male,North,41000.0,12,Basic,5,51.79,258.95,25,0,0.113,13,7.81,1,182,0,1,0
100579,44,Female,North,64200.0,25,Basic,7,31.33,219.31,53,0,0.499,4,12.87,2,305,0,0,1
100580,18,Male,West,,57,Standard,7,31.69,221.83,44,0,0.417,5,12.01,0,224,0,1,0
100581,24,Non-binary,South,24600.0,8,Basic,8,85.66,685.28,7,1,0.293,0,2.37,2,488,1,1,1
100582,35,Male,North,26600.0,52,Basic,4,37.72,150.88,64,0,0.253,5,28.23,0,12,2,0,1
100583,25,Male,Central,23100.0,9,Basic,4,34.8,139.2,29,1,0.538,7,7.88,1,0,1,0,1
100584,48,Female,West,58300.0,19,Basic,6,14.14,84.84,34,0,0.162,11,4.6,1,0,1,1,0
100585,65,Female,South,81600.0,60,Basic,5,95.62,478.1,21,0,0.551,2,5.4,1,151,0,1,0
100586,24,Female,South,22400.0,41,Basic,3,23.35,70.05,120,0,0.118,18,3.43,1,76,0,1,1
100587,28,Female,East,46000.0,13,Basic,4,7.84,31.36,201,0,0.629,9,4.0,1,282,0,1,1
100588,42,Female,East,52300.0,33,Premium,11,17.91,197.01,47,0,0.264,2,3.26,1,0,0,1,0
100589,60,Female,Central,48500.0,18,Standard,7,23.87,167.09,14,0,0.48,4,1.72,2,0,1,1,0
100590,23,Male,East,35200.0,19,Basic,4,60.41,241.64,150,0,0.76,23,6.06,0,285,1,1,1
100591,42,Female,Central,67500.0,22,Standard,10,44.35,443.5,24,0,0.214,2,,0,0,0,1,0
100592,63,Male,West,44300.0,37,Standard,7,53.43,374.01,68,1,0.242,6,3.93,0,212,1,1,1
100593,18,Female,Central,56100.0,28,Standard,8,41.59,332.72,155,1,0.07,9,3.28,2,381,0,1,1
100594,22,Female,East,23300.0,23,Standard,9,22.18,199.62,22,0,0.411,3,8.47,1,0,0,0,1
100595,33,Female,West,19200.0,23,Premium,10,91.45,914.5,14,2,0.504,6,6.47,0,393,0,1,0
100596,32,Male,West,43200.0,30,Premium,12,38.46,461.52,30,0,0.521,3,13.75,0,122,0,0,0
100597,50,Male,West,70000.0,27,Basic,4,19.68,78.72,6,0,0.169,5,2.11,0,124,1,1,0
100598,42,Male,North,46900.0,17,Standard,10,42.08,420.8,41,0,0.373,1,8.9,0,100,1,0,0
100599,18,Female,North,32400.0,31,Standard,8,14.9,119.2,87,0,0.735,8,5.86,2,230,1,0,1
100600,46,Female,South,84300.0,35,Basic,4,23.68,94.72,74,0,0.406,4,6.74,1,133,1,1,0
100601,31,Non-binary,South,43200.0,32,Premium,12,162.89,1954.68,56,1,0.308,4,18.35,1,1092,0,1,1
100602,56,Female,Central,105900.0,47,Premium,12,170.31,2043.72,16,0,0.158,4,8.45,1,1097,1,0,0
100603,31,Female,West,58100.0,16,Standard,1,75.99,75.99,22,0,0.573,14,,2,336,1,1,1
100604,31,Female,North,41100.0,15,Basic,5,13.7,68.5,105,0,0.347,14,9.05,0,196,0,0,1
100605,46,Female,South,58700.0,63,Basic,7,39.87,279.09,95,0,0.208,7,,1,385,0,0,1
100606,49,Female,South,53000.0,13,Basic,6,33.79,202.74,88,0,0.353,12,2.76,0,392,2,1,1
100607,45,Female,West,,21,Standard,7,20.84,145.88,22,0,0.518,9,10.37,1,90,1,0,1
100608,18,Male,Central,35900.0,4,Basic,7,13.28,92.96,77,0,0.193,7,17.69,3,217,0,1,1
100609,46,Male,North,48900.0,9,Standard,6,54.98,329.88,22,0,0.296,11,6.69,1,143,1,0,1
100610,26,Female,South,16300.0,19,Premium,13,14.29,185.77,2,0,0.408,10,6.32,2,137,1,1,0
100611,42,Female,Central,69300.0,18,Basic,8,71.44,571.52,77,1,0.605,4,16.73,1,427,0,1,1
100612,20,Male,West,43500.0,22,Premium,7,112.62,788.34,62,0,0.387,8,9.56,0,328,1,0,0
100613,45,Female,Central,33800.0,73,Standard,6,50.83,304.98,72,1,0.372,6,3.62,3,320,1,0,1
100614,29,Male,South,40800.0,5,Basic,4,5.24,20.96,27,0,0.488,4,12.43,1,0,3,1,0
100615,22,Female,North,46200.0,25,Basic,6,12.37,74.22,16,1,0.029,12,11.77,1,60,0,0,1
100616,48,Male,West,69400.0,23,Basic,4,44.08,176.32,12,0,0.329,7,6.31,2,28,0,1,0
100617,42,Male,North,41100.0,80,Standard,8,14.52,116.16,12,0,0.193,8,1.54,2,0,0,0,0
100618,31,Female,West,,45,Standard,5,52.24,261.2,20,1,0.459,15,23.0,2,342,1,1,0
100619,58,Male,West,66200.0,18,Standard,7,76.61,536.27,74,0,0.22,6,4.32,1,468,0,1,1
100620,33,Male,South,47700.0,62,Basic,5,29.4,147.0,9,0,0.595,15,5.83,2,443,2,0,0
100621,39,Male,East,35100.0,17,Standard,8,48.61,388.88,74,0,0.243,9,4.67,3,330,1,1,1
100622,42,Female,West,15000.0,47,Standard,7,61.16,428.12,32,0,0.525,8,6.62,0,413,0,1,0
100623,31,Female,Central,,68,Basic,5,40.74,203.7,18,0,0.482,6,5.63,3,69,0,1,0
100624,45,Female,South,61200.0,28,Basic,4,27.19,108.76,8,0,0.146,13,5.02,2,159,0,0,0
100625,32,Non-binary,West,38400.0,11,Standard,8,129.4,1035.2,3,0,0.302,20,12.23,2,746,1,0,0
100626,34,Female,North,52300.0,5,Premium,8,68.38,547.04,0,1,0.694,10,10.25,1,652,0,0,0
100627,57,Female,Central,80500.0,28,Standard,9,47.8,430.2,30,1,0.732,20,7.99,3,327,1,1,0
100628,25,Male,West,30000.0,46,Premium,10,71.99,719.9,68,0,0.437,20,12.09,1,261,1,1,0
100629,18,Female,North,22000.0,120,Basic,6,38.03,228.18,14,0,0.477,4,2.95,2,0,1,1,0
100630,60,Male,West,37300.0,57,Standard,4,71.71,286.84,61,0,0.618,1,31.26,1,358,1,1,1
100631,72,Female,West,57600.0,26,Basic,4,33.99,135.96,19,0,0.46,5,14.55,1,74,2,0,0
100632,34,Male,West,24400.0,10,Basic,7,15.83,110.81,5,2,0.427,8,3.22,0,140,2,1,1
100633,18,Female,South,35800.0,23,Basic,6,38.13,228.78,10,1,0.281,21,4.74,0,557,2,0,0
100634,35,Female,West,39700.0,72,Standard,6,110.38,662.28,2,0,0.471,14,5.13,1,444,0,0,0
100635,35,Male,West,36700.0,90,Standard,5,22.5,112.5,23,0,0.276,4,6.27,2,0,0,0,1
100636,37,Female,South,37000.0,16,Standard,8,141.74,1133.92,97,0,0.614,11,4.2,2,559,3,1,1
100637,25,Female,North,23700.0,21,Standard,9,25.06,225.54,30,0,0.883,3,9.74,0,387,0,1,0
100638,47,Female,Central,68500.0,64,Basic,5,26.89,134.45,64,0,0.664,5,5.57,2,84,1,1,1
100639,46,Male,East,,62,Standard,6,22.86,137.16,4,0,0.695,8,5.96,1,306,0,1,0
100640,20,Female,East,43800.0,17,Basic,2,27.23,54.46,7,1,0.179,8,8.55,0,7,0,1,0
100641,48,Female,Central,25800.0,42,Basic,4,58.12,232.48,6,0,0.426,3,11.9,4,50,1,0,1
100642,66,Female,North,81100.0,18,Standard,1,149.03,149.03,39,0,0.62,14,3.32,0,243,1,0,1
100643,41,Female,West,43100.0,54,Premium,10,76.65,766.5,53,0,0.37,12,5.55,1,414,0,1,0
100644,35,Male,East,40200.0,26,Premium,12,80.97,971.64,44,1,0.442,8,14.78,1,625,2,0,0
100645,37,Female,North,65000.0,20,Premium,11,24.41,268.51,4,0,0.418,9,8.94,0,100,2,1,0
100646,47,Male,Central,50100.0,44,Basic,2,13.71,27.42,45,0,0.221,12,24.82,0,0,1,1,0
100647,18,Male,West,34900.0,27,Standard,9,54.5,490.5,73,1,0.274,11,12.27,0,390,0,0,1
100648,41,Male,North,35600.0,44,Premium,14,86.83,1215.62,4,1,0.293,21,5.29,1,824,0,1,0
100649,34,Male,Central,43700.0,11,Basic,3,35.75,107.25,31,0,0.815,15,10.28,0,227,1,1,1
100650,63,Female,Central,48500.0,13,Basic,6,39.04,234.24,0,0,0.18,16,18.58,2,290,0,1,0
100651,37,Non-binary,West,45200.0,24,Basic,5,119.17,595.85,16,0,0.169,12,3.25,2,261,1,1,0
100652,61,Male,North,74200.0,15,Premium,10,53.98,539.8,74,0,0.447,6,2.38,1,127,0,0,1
100653,25,Male,North,50100.0,19,Standard,10,46.8,468.0,36,2,0.732,5,2.96,0,275,0,0,1
100654,47,Female,West,44100.0,25,Premium,7,82.98,580.86,3,0,0.571,13,11.55,2,325,2,1,0
100655,43,Female,Central,44300.0,16,Basic,3,21.41,64.23,10,0,0.291,18,2.12,1,203,0,1,0
100656,28,Male,North,28500.0,70,Basic,6,98.53,591.18,18,0,0.485,4,8.32,0,212,0,1,0
100657,41,Female,East,46300.0,14,Standard,5,95.11,475.55,23,0,0.254,7,8.44,2,519,2,0,1
100658,55,Male,North,49700.0,24,Basic,7,32.23,225.61,51,1,0.198,10,10.47,2,179,2,1,1
100659,35,Female,East,15000.0,24,Premium,12,6.8,81.6,42,0,0.88,11,2.47,0,129,0,0,0
100660,18,Male,East,15000.0,28,Standard,12,24.81,297.72,56,1,0.363,2,15.02,1,330,0,1,1
100661,39,Female,North,47300.0,20,Standard,8,56.35,450.8,10,0,0.429,7,2.96,2,278,1,0,0
100662,27,Female,East,34500.0,47,Basic,1,37.03,37.03,20,0,0.125,7,0.95,4,285,0,1,1
100663,35,Female,East,51900.0,49,Standard,8,20.77,166.16,119,1,0.637,5,4.36,1,132,1,1,1
100664,38,Male,South,58800.0,16,Premium,5,88.14,440.7,12,0,0.583,7,9.18,3,21,1,0,0
100665,18,Male,Central,21700.0,52,Standard,9,94.6,851.4,107,0,0.343,4,4.65,5,594,0,1,1
100666,18,Male,North,15000.0,16,Standard,4,29.44,117.76,93,0,0.075,12,11.62,0,452,2,1,1
100667,45,Male,North,59300.0,24,Standard,3,32.68,98.04,42,0,0.061,7,15.3,2,28,1,1,1
100668,32,Male,East,41200.0,26,Standard,8,27.89,223.12,120,1,0.47,0,12.84,1,31,0,1,1
100669,18,Male,East,24400.0,15,Basic,3,15.3,45.9,6,0,0.358,6,7.94,1,170,0,0,0
100670,49,Male,South,,7,Premium,14,123.43,1728.02,48,1,0.239,17,14.78,0,1056,2,1,0
100671,43,Male,Central,58100.0,28,Basic,6,19.45,116.7,148,0,0.615,12,1.97,1,165,1,1,1
100672,30,Male,South,41100.0,10,Basic,4,46.38,185.52,10,1,0.26,9,16.61,2,297,0,0,1
100673,22,Female,South,34100.0,67,Premium,10,87.4,874.0,1,1,0.506,5,5.7,0,449,0,1,0
100674,50,Male,West,70300.0,18,Standard,8,53.15,425.2,31,0,0.521,5,13.2,2,134,1,1,0
100675,44,Female,Central,43000.0,43,Standard,8,21.88,175.04,69,0,0.453,15,12.08,0,262,0,0,0
100676,70,Female,East,65100.0,41,Basic,6,19.81,118.86,77,1,0.711,6,1.31,0,247,0,1,1
100677,44,Male,North,49400.0,15,Standard,4,64.04,256.16,151,0,0.324,10,3.71,1,226,0,1,1
100678,44,Male,South,36200.0,18,Standard,5,118.0,590.0,86,0,0.717,7,7.67,2,314,0,0,1
100679,37,Female,South,45400.0,18,Standard,7,77.33,541.31,105,0,0.143,4,22.06,1,386,1,1,1
100680,50,Female,East,59800.0,31,Basic,7,89.62,627.34,32,0,0.126,0,4.2,1,374,0,1,1
100681,47,Male,West,54600.0,113,Basic,9,66.73,600.57,96,0,0.323,4,2.73,0,273,1,0,0
100682,55,Female,South,58100.0,30,Basic,5,30.74,153.7,66,0,0.566,2,12.88,0,73,3,0,1
100683,32,Female,East,64400.0,17,Basic,6,15.65,93.9,3,1,0.699,6,3.08,1,268,0,1,0
100684,33,Male,West,,32,Standard,5,28.87,144.35,40,0,0.511,6,6.97,1,156,0,0,1
100685,33,Male,South,40900.0,10,Premium,14,121.65,1703.1,57,0,0.358,10,6.77,1,1006,3,1,0
100686,49,Male,North,58800.0,14,Basic,5,21.33,106.65,62,0,0.753,11,6.38,1,316,0,1,1
100687,58,Male,West,85300.0,67,Basic,10,27.33,273.3,11,3,0.423,15,10.01,0,202,1,1,0
100688,33,Female,North,34100.0,21,Premium,11,106.99,1176.89,4,1,0.354,11,17.63,1,914,1,1,0
100689,33,Female,North,28700.0,13,Standard,12,76.62,919.44,18,0,0.142,2,9.32,2,408,0,1,0
100690,43,Male,North,54900.0,9,Standard,5,8.62,43.1,86,0,0.034,7,8.09,0,127,3,1,1
100691,36,Male,East,50900.0,25,Standard,11,77.54,852.94,27,0,0.16,5,23.01,1,380,2,0,0
100692,51,Female,East,66200.0,10,Basic,9,5.0,45.0,32,0,0.363,3,11.39,2,0,1,0,1
100693,18,Female,East,39600.0,54,Standard,12,74.79,897.48,6,0,0.362,3,15.52,1,366,1,1,0
100694,28,Female,South,27200.0,41,Premium,11,23.14,254.54,1,0,0.305,9,7.47,2,236,3,0,0
100695,29,Female,East,18700.0,17,Standard,5,53.21,266.05,86,1,0.501,10,14.91,1,189,2,0,1
100696,18,Female,North,19800.0,77,Premium,11,10.26,112.86,11,0,0.527,5,33.25,3,205,0,1,0
100697,26,Female,West,43700.0,18,Standard,2,73.56,147.12,71,0,0.601,5,,0,0,1,0,1
100698,27,Male,Central,23600.0,21,Basic,8,18.02,144.16,19,1,,3,17.33,2,331,0,1,0
100699,36,Female,East,18000.0,14,Basic,5,26.0,130.0,47,0,0.23,17,2.21,2,317,0,1,1
100700,53,Male,South,63300.0,39,Basic,7,40.21,281.47,5,0,0.317,3,12.31,2,182,0,1,0
100701,36,Male,West,37200.0,10,Premium,10,76.48,764.8,125,1,0.319,3,7.98,3,207,0,1,1
100702,26,Male,North,15000.0,17,Premium,14,73.24,1025.36,50,2,0.322,9,18.44,1,709,0,0,1
100703,38,Non-binary,South,48000.0,15,Basic,10,9.32,93.2,9,1,0.402,8,8.39,2,203,0,0,0
100704,53,Female,Central,55800.0,30,Basic,6,33.95,203.7,7,2,0.194,1,11.01,2,285,0,1,1
100705,26,Female,North,59100.0,8,Premium,13,139.71,1816.23,78,1,0.698,4,2.7,1,803,0,1,1
100706,27,Male,North,37800.0,23,Standard,10,82.83,828.3,38,0,0.203,4,16.34,0,364,2,0,1
100707,46,Female,East,62800.0,54,Standard,6,140.34,842.04,36,1,0.483,11,7.24,0,624,1,0,0
100708,36,Female,East,44900.0,9,Basic,8,62.19,497.52,119,1,0.322,8,15.37,1,22,0,0,0
100709,47,Female,East,47200.0,40,Basic,6,33.96,203.76,2,0,0.424,5,10.86,1,174,1,1,0
100710,39,Male,North,41100.0,46,Basic,8,26.16,209.28,4,2,0.127,9,8.98,1,0,0,1,0
100711,48,Female,West,71600.0,22,Standard,5,13.92,69.6,10,1,0.032,15,13.49,2,172,0,1,0
100712,26,Male,South,46100.0,3,Premium,14,172.2,2410.8,15,1,0.173,18,12.47,1,1523,3,1,0
100713,39,Female,Central,27100.0,39,Standard,7,51.64,361.48,128,0,0.273,3,0.68,1,185,2,0,1
100714,36,Male,South,27600.0,53,Basic,6,42.23,253.38,101,0,0.575,4,7.86,1,7,0,0,1
100715,23,Female,North,,73,Basic,6,16.62,99.72,90,0,0.632,3,9.41,0,208,0,0,0
100716,19,Male,East,43800.0,27,Premium,7,45.61,319.27,43,0,0.195,7,18.87,2,364,1,1,0
100717,48,Male,North,32300.0,5,Standard,10,41.77,417.7,38,0,0.537,4,17.95,3,367,3,1,1
100718,34,Female,East,54200.0,39,Standard,5,73.48,367.4,85,0,0.782,3,6.33,0,247,0,1,1
100719,26,Female,South,41200.0,6,Basic,4,35.29,141.16,8,0,0.535,6,2.22,5,0,1,0,1
100720,38,Male,South,49100.0,35,Standard,6,26.4,158.4,13,0,0.361,4,6.08,1,178,0,1,0
100721,54,Male,North,55600.0,43,Basic,8,19.65,157.2,17,0,0.313,13,6.13,2,486,1,0,1
100722,18,Female,South,44600.0,55,Basic,4,12.14,48.56,16,0,0.727,5,3.65,0,0,0,1,0
100723,20,Female,North,31500.0,18,Standard,5,13.01,65.05,1,0,0.487,2,5.09,2,29,1,0,1
100724,27,Female,South,16300.0,12,Standard,8,25.97,207.76,147,0,0.475,13,5.22,1,90,1,1,1
100725,58,Female,North,49000.0,27,Basic,4,35.29,141.16,96,1,0.518,3,3.76,1,38,0,1,1
100726,43,Female,West,28700.0,8,Basic,3,46.06,138.18,6,0,0.565,5,7.9,0,214,0,1,0
100727,49,Female,West,74300.0,19,Basic,3,83.62,250.86,25,0,0.456,6,8.41,1,419,1,0,1
100728,24,Female,North,53600.0,15,Basic,4,28.01,112.04,32,0,0.421,13,6.28,0,141,0,1,0
100729,24,Male,North,48900.0,49,Basic,4,47.05,188.2,0,1,0.252,8,10.66,1,115,1,1,0
100730,45,Male,North,51600.0,64,Standard,14,44.89,628.46,3,0,0.125,12,17.68,2,200,1,1,0
100731,40,Male,South,,37,Basic,9,36.69,330.21,22,2,0.599,5,0.86,1,283,0,1,0
100732,46,Male,East,39800.0,45,Standard,9,48.27,434.43,12,0,0.273,7,17.03,2,48,0,0,0
100733,37,Male,South,32200.0,27,Standard,14,35.07,490.98,19,0,0.312,9,3.12,1,646,1,0,0
100734,43,Female,Central,51100.0,26,Premium,10,125.96,1259.6,65,0,0.76,11,11.13,1,699,0,1,0
100735,41,Male,West,69300.0,7,Standard,11,88.87,977.57,5,0,0.25,8,10.54,3,814,2,1,0
100736,49,Female,North,76800.0,32,Standard,10,46.58,465.8,43,0,0.36,5,0.5,0,270,0,0,0
100737,49,Male,North,50600.0,43,Premium,10,147.52,1475.2,36,1,0.481,14,21.6,1,650,2,0,0
100738,18,Male,North,15000.0,21,Basic,6,66.04,396.24,107,0,0.151,3,3.24,3,199,0,1,1
100739,18,Male,North,15000.0,21,Basic,2,14.89,29.78,52,0,0.153,5,4.93,0,0,2,0,1
100740,52,Female,East,76900.0,4,Basic,5,54.67,273.35,58,0,0.446,5,3.0,1,335,1,1,1
100741,54,Male,North,65400.0,22,Standard,6,11.73,70.38,10,1,0.162,23,7.75,2,71,1,1,0
100742,26,Female,North,30600.0,49,Basic,7,61.91,433.37,15,1,0.298,8,,3,293,1,1,0
100743,18,Female,North,22000.0,31,Basic,3,28.16,84.48,139,0,0.649,1,8.05,0,0,0,1,1
100744,40,Female,West,38400.0,24,Basic,5,10.43,52.15,16,0,0.4,4,11.08,0,0,1,1,0
100745,51,Female,North,42500.0,10,Basic,10,30.65,306.5,45,0,0.162,11,20.53,0,169,0,0,0
100746,62,Male,Central,98800.0,17,Basic,5,35.35,176.75,2,1,0.396,7,7.06,0,426,0,1,0
100747,46,Female,South,78700.0,15,Premium,6,81.25,487.5,11,0,0.651,12,13.09,0,431,0,1,0
100748,34,Female,South,31700.0,11,Basic,3,44.09,132.27,397,0,0.465,9,1.3,0,0,1,1,1
100749,27,Non-binary,East,15000.0,31,Basic,3,66.13,198.39,63,1,0.201,13,4.71,2,0,0,0,1
100750,39,Male,East,50300.0,18,Premium,6,103.11,618.66,88,1,0.181,15,2.92,1,344,1,1,1
100751,35,Female,South,42100.0,46,Standard,3,77.93,233.79,61,0,0.151,3,5.67,0,90,1,1,1
100752,26,Male,East,44400.0,24,Premium,17,21.83,371.11,4,3,0.299,6,22.47,1,86,1,0,0
100753,66,Male,South,85600.0,79,Premium,11,134.76,1482.36,8,1,0.677,12,17.96,0,864,0,1,0
100754,62,Female,South,53400.0,17,Basic,4,27.9,111.6,7,0,0.818,2,3.76,0,162,0,1,0
100755,54,Male,North,80100.0,53,Basic,6,74.92,449.52,5,1,0.509,8,4.1,0,284,4,1,0
100756,27,Male,West,31600.0,61,Premium,11,154.53,1699.83,2,1,0.405,3,2.43,2,989,3,1,0
100757,50,Female,East,66900.0,16,Basic,6,18.82,112.92,192,1,0.213,4,10.27,3,30,0,1,1
100758,47,Female,West,51900.0,23,Basic,10,5.91,59.1,18,0,0.468,7,7.42,0,309,0,0,0
100759,45,Female,Central,66600.0,19,Standard,6,33.74,202.44,69,1,0.792,14,5.77,1,348,0,1,0
100760,55,Male,East,30100.0,16,Basic,1,27.0,27.0,20,0,0.349,11,7.23,0,0,1,1,1
100761,47,Female,Central,65900.0,38,Basic,7,45.38,317.66,33,0,0.55,4,14.96,1,392,2,0,1
100762,49,Female,South,45800.0,41,Standard,9,26.97,242.73,2,1,0.493,14,27.04,0,321,0,0,0
100763,47,Non-binary,East,56600.0,15,Basic,5,39.89,199.45,20,1,0.323,12,6.25,0,246,1,1,0
100764,43,Male,East,69200.0,14,Basic,8,44.49,355.92,20,0,0.528,6,3.46,3,94,0,0,1
100765,18,Female,North,16800.0,24,Standard,9,35.76,321.84,28,0,0.612,4,1.68,1,279,1,1,1
100766,40,Female,North,35500.0,24,Basic,7,26.97,188.79,17,1,0.244,18,6.2,2,367,0,1,0
100767,32,Female,East,36100.0,7,Premium,14,27.22,381.08,58,0,0.599,2,8.89,1,202,1,1,0
100768,22,Non-binary,North,25700.0,38,Basic,7,21.04,147.28,20,1,0.133,4,15.96,1,230,2,1,0
100769,61,Female,South,54100.0,6,Basic,5,34.67,173.35,28,0,0.639,7,11.72,3,0,0,1,0
100770,61,Female,West,70300.0,13,Premium,13,136.69,1776.97,26,0,0.438,3,11.72,2,1128,1,1,0
100771,57,Male,East,67300.0,28,Basic,4,22.19,88.76,29,0,0.423,10,10.96,1,0,1,1,1
100772,42,Female,North,57300.0,38,Premium,18,108.74,1957.32,85,1,0.245,9,2.7,1,1273,0,1,0
100773,57,Female,North,53600.0,13,Premium,5,58.07,290.35,75,0,0.494,8,2.11,0,0,1,0,1
100774,39,Male,Central,34700.0,22,Basic,5,14.68,73.4,24,0,0.695,6,7.01,2,87,0,1,1
100775,42,Female,Central,49100.0,18,Standard,8,46.28,370.24,27,0,0.151,5,4.76,1,127,1,0,0
100776,25,Male,East,31200.0,2,Basic,10,48.78,487.8,90,1,0.162,12,17.29,3,504,2,1,1
100777,44,Male,North,49500.0,18,Premium,11,136.42,1500.62,15,2,0.403,2,5.15,1,950,0,1,1
100778,40,Female,South,39000.0,11,Premium,13,153.49,1995.37,12,0,0.77,6,7.55,0,1108,0,1,0
100779,22,Male,South,36400.0,24,Basic,3,14.25,42.75,14,0,0.878,9,15.39,0,201,1,0,0
100780,38,Male,West,33800.0,9,Premium,5,76.84,384.2,44,0,0.564,10,8.72,0,339,1,0,1
100781,38,Male,East,45300.0,17,Basic,5,98.04,490.2,54,1,0.684,10,7.52,0,248,1,0,1
100782,62,Male,West,65500.0,22,Standard,8,71.6,572.8,5,1,0.279,13,4.87,1,282,0,1,0
100783,51,Female,South,58900.0,25,Basic,5,77.78,388.9,134,1,0.286,6,4.0,2,175,0,0,1
100784,39,Female,Central,64500.0,20,Basic,3,90.19,270.57,26,0,0.198,8,5.16,1,497,0,0,1
100785,42,Male,South,32400.0,52,Basic,8,12.57,100.56,141,1,0.479,5,9.15,2,144,1,0,1
100786,40,Female,South,15400.0,29,Basic,2,6.02,12.04,14,0,0.804,7,9.43,3,169,1,1,1
100787,36,Female,East,36800.0,36,Basic,5,20.39,101.95,34,1,0.148,3,6.31,2,127,0,1,1
100788,25,Male,East,18500.0,22,Standard,6,34.14,204.84,3,2,0.628,7,15.79,1,257,0,1,0
100789,37,Female,Central,15000.0,1,Premium,11,16.22,178.42,64,2,0.464,6,29.6,2,7,1,1,1
100790,29,Male,South,62900.0,9,Standard,10,112.68,1126.8,99,1,0.596,10,10.1,1,654,0,1,1
100791,23,Male,Central,40600.0,7,Basic,8,79.78,638.24,5,0,0.228,7,8.04,2,451,0,1,0
100792,46,Male,South,63900.0,20,Basic,6,38.35,230.1,21,0,0.578,5,19.36,2,0,0,1,0
100793,44,Female,South,,59,Premium,12,205.34,2464.08,93,0,0.349,10,5.63,4,1301,0,1,0
100794,18,Female,South,33900.0,28,Standard,6,33.81,202.86,44,0,0.189,4,17.39,2,185,0,1,0
100795,37,Male,North,40100.0,44,Basic,0,48.34,0.0,6,0,0.563,14,5.32,1,348,1,1,0
100796,52,Female,West,71700.0,12,Basic,8,40.25,322.0,16,1,0.269,7,22.67,2,238,0,1,0
100797,53,Male,North,63900.0,25,Premium,9,31.48,283.32,36,0,0.322,3,3.92,0,108,1,1,0
100798,52,Male,South,59800.0,52,Standard,9,87.48,787.32,54,0,0.051,9,13.86,2,516,1,0,1
100799,40,Female,South,49400.0,45,Basic,5,20.14,100.7,56,0,0.291,8,10.85,1,256,1,0,1
100800,28,Female,West,58000.0,15,Premium,8,38.56,308.48,3,2,0.415,10,5.58,1,397,1,0,0
100801,25,Male,Central,37000.0,22,Standard,6,15.39,92.34,56,0,0.675,11,2.69,2,128,3,0,1
100802,43,Female,West,37300.0,47,Premium,12,298.2,3578.4,5,0,0.39,7,14.62,2,1964,0,1,0
100803,44,Male,South,57400.0,14,Basic,5,46.02,230.1,57,0,0.789,11,13.03,0,108,0,0,1
100804,56,Male,South,70900.0,21,Premium,8,49.89,399.12,16,0,0.414,6,1.95,3,291,0,1,0
100805,53,Female,South,59200.0,4,Premium,8,7.49,59.92,104,2,0.573,12,8.6,1,129,0,1,1
100806,37,Male,Central,45300.0,42,Standard,8,30.21,241.68,34,1,0.236,1,1.38,2,103,1,1,1
100807,23,Female,North,17800.0,40,Premium,14,38.13,533.82,51,0,0.762,6,3.28,1,131,0,0,0
100808,35,Female,Central,45500.0,5,Basic,6,29.09,174.54,8,0,0.493,13,17.21,0,312,1,1,0
100809,42,Non-binary,West,33800.0,21,Standard,5,29.95,149.75,7,0,0.056,7,10.32,0,45,0,1,0
100810,36,Male,West,41600.0,49,Standard,8,111.47,891.76,13,1,0.378,8,9.98,1,462,0,1,0
100811,31,Male,West,31000.0,10,Standard,6,70.63,423.78,66,0,0.617,10,20.94,0,690,1,0,1
100812,42,Male,South,64600.0,30,Standard,3,64.82,194.46,20,1,0.29,15,11.55,0,572,1,0,0
100813,32,Male,South,63000.0,17,Premium,10,74.38,743.8,31,2,0.407,10,10.74,3,452,2,1,1
100814,31,Female,South,24300.0,49,Standard,12,57.96,695.52,89,0,0.199,3,10.4,2,389,2,1,1
100815,43,Female,North,51700.0,4,Standard,6,69.78,418.68,180,0,0.39,4,12.58,0,73,2,1,1
100816,34,Female,West,38900.0,4,Basic,7,10.17,71.19,47,0,0.39,13,4.82,1,371,1,0,1
100817,42,Female,East,57300.0,14,Standard,3,28.47,85.41,98,0,0.245,3,5.31,0,193,0,1,1
100818,43,Female,Central,53100.0,25,Standard,9,41.52,373.68,36,1,0.51,15,6.98,1,178,1,1,0
100819,24,Male,Central,28300.0,25,Premium,7,43.33,303.31,91,0,0.362,5,4.63,1,0,0,1,1
100820,33,Female,North,,5,Premium,10,17.16,171.6,2,0,0.367,4,14.1,2,73,0,1,0
100821,58,Male,North,63000.0,33,Standard,7,80.05,560.35,225,0,0.347,12,1.49,0,247,0,0,1
100822,24,Male,South,55900.0,38,Basic,5,5.0,25.0,18,0,0.36,3,2.4,1,0,0,1,0
100823,18,Non-binary,North,16900.0,25,Standard,6,100.04,600.24,18,0,0.229,11,8.49,1,477,1,1,0
100824,18,Female,West,31600.0,49,Standard,6,40.11,240.66,5,0,0.651,12,4.84,0,184,1,1,0
100825,39,Male,West,55100.0,35,Basic,3,44.17,132.51,17,0,0.564,4,10.16,2,199,1,0,1
100826,39,Male,West,54100.0,17,Basic,7,16.45,115.15,14,0,0.751,2,5.45,3,0,2,1,0
100827,37,Female,East,41900.0,60,Premium,15,117.2,1758.0,58,1,0.364,5,19.08,1,796,0,1,0
100828,55,Female,West,82300.0,66,Basic,7,32.77,229.39,7,1,0.597,9,7.73,0,110,1,0,0
100829,18,Female,East,15000.0,31,Premium,17,29.36,499.12,127,1,0.305,6,12.28,0,279,0,1,1
100830,44,Male,Central,37400.0,12,Basic,5,34.9,174.5,28,0,0.717,14,13.86,1,503,0,0,0
100831,59,Male,West,76200.0,48,Premium,9,148.09,1332.81,76,1,0.232,0,9.81,0,500,1,0,1
100832,24,Male,West,21400.0,8,Standard,10,21.51,215.1,161,0,0.348,3,6.02,1,0,1,1,1
100833,34,Male,North,30100.0,13,Standard,4,30.56,122.24,4,0,0.52,4,6.81,0,113,0,0,1
100834,29,Female,West,31900.0,44,Standard,12,124.51,1494.12,29,1,0.265,3,13.55,1,707,1,1,0
100835,27,Female,South,25600.0,11,Standard,8,41.41,331.28,38,1,0.56,11,13.09,0,229,1,1,1
100836,35,Male,South,53100.0,56,Standard,6,83.04,498.24,89,1,0.499,16,5.88,1,597,1,1,1
100837,58,Non-binary,East,78700.0,12,Basic,8,63.14,505.12,67,0,0.406,8,3.34,1,128,1,0,1
100838,63,Male,South,72000.0,20,Standard,11,62.92,692.12,11,0,0.388,5,9.57,1,668,2,0,0
100839,35,Female,North,58900.0,18,Premium,13,56.45,733.85,1,0,0.247,5,15.42,3,481,1,1,0
100840,64,Female,North,52300.0,38,Premium,11,54.83,603.13,100,0,0.237,5,8.3,0,285,0,1,1
100841,39,Female,West,49000.0,37,Premium,18,64.9,1168.2,130,1,0.292,8,2.38,2,685,0,0,1
100842,62,Female,West,88700.0,18,Standard,11,9.58,105.38,71,0,0.753,11,3.96,2,0,1,0,1
100843,38,Female,Central,60700.0,34,Standard,10,65.88,658.8,20,0,0.54,10,6.19,1,421,1,1,0
100844,41,Male,West,70000.0,28,Premium,6,226.24,1357.44,55,0,0.739,6,6.96,2,718,0,1,0
100845,44,Male,South,44400.0,39,Standard,4,63.48,253.92,27,0,0.203,3,13.32,0,102,0,1,0
100846,80,Female,West,99700.0,36,Basic,4,5.0,20.0,11,0,0.909,17,9.98,1,148,1,0,0
100847,50,Female,East,52400.0,12,Standard,5,61.28,306.4,61,0,0.851,5,14.7,2,127,1,1,1
100848,30,Female,South,47700.0,56,Basic,3,7.59,22.77,14,0,0.371,3,4.37,1,0,0,1,0
100849,52,Female,Central,78700.0,5,Basic,4,52.98,211.92,34,0,0.646,9,8.65,2,74,0,1,1
100850,34,Male,Central,32100.0,19,Standard,4,53.52,214.08,2,0,0.694,9,8.98,0,288,0,1,0
100851,33,Female,North,16300.0,34,Premium,10,38.37,383.7,119,2,0.125,6,14.18,0,85,1,1,1
100852,51,Male,West,85200.0,24,Basic,3,29.89,89.67,12,1,0.522,9,13.51,1,13,0,0,0
100853,39,Female,North,54800.0,22,Standard,4,14.49,57.96,17,0,0.447,13,13.63,1,0,1,0,0
100854,43,Female,Central,50300.0,19,Standard,14,128.78,1802.92,1,0,0.098,9,4.86,1,1060,0,0,0
100855,39,Non-binary,East,45700.0,17,Standard,8,53.25,426.0,13,1,0.709,14,25.26,0,250,1,0,0
100856,43,Female,North,22400.0,52,Standard,8,20.34,162.72,6,0,0.478,7,25.33,0,79,0,1,1
100857,45,Female,West,56600.0,22,Standard,5,47.69,238.45,3,0,0.234,5,10.77,0,260,1,0,0
100858,18,Male,East,20600.0,22,Basic,5,23.99,119.95,24,0,0.183,5,2.76,2,78,1,1,0
100859,48,Female,North,57200.0,14,Basic,5,22.7,113.5,11,0,0.428,9,4.62,2,0,0,0,1
100860,26,Female,West,36000.0,36,Standard,4,141.16,564.64,41,0,0.238,17,8.58,1,159,0,1,0
100861,20,Female,West,15000.0,8,Standard,2,23.46,46.92,4,0,0.426,19,14.64,0,114,1,0,0
100862,38,Female,East,53900.0,74,Basic,1,8.3,8.3,44,0,0.468,15,3.71,0,138,1,0,0
100863,40,Male,West,51500.0,12,Standard,6,10.68,64.08,5,0,0.549,13,10.59,2,7,0,1,0
100864,30,Female,North,43900.0,22,Standard,7,30.04,210.28,11,1,0.46,8,3.83,1,60,0,0,0
100865,50,Male,South,55800.0,31,Basic,6,98.41,590.46,8,0,0.236,7,4.25,3,198,1,1,0
100866,22,Male,West,32500.0,46,Basic,5,24.48,122.4,60,0,0.218,5,10.67,0,300,2,1,0
100867,34,Female,South,45600.0,19,Basic,2,34.01,68.02,56,0,0.384,1,21.4,0,122,0,1,1
100868,31,Female,South,44200.0,16,Premium,6,126.8,760.8,3,0,0.713,11,5.52,1,662,0,0,0
100869,38,Female,Central,53700.0,26,Premium,10,68.34,683.4,32,1,0.624,7,9.45,2,329,0,1,0
100870,43,Female,West,55700.0,14,Basic,4,68.16,272.64,6,0,0.547,10,7.01,2,181,0,1,0
100871,26,Female,East,61500.0,20,Standard,9,35.52,319.68,22,0,0.551,14,13.59,0,469,1,1,0
100872,48,Male,East,46300.0,61,Basic,6,17.41,104.46,3,0,0.479,8,12.35,1,14,0,1,0
100873,40,Female,Central,43700.0,12,Standard,6,107.96,647.76,132,0,0.422,2,5.56,0,335,1,1,1
100874,18,Male,Central,51700.0,3,Basic,10,49.75,497.5,27,0,0.288,2,6.81,1,317,0,1,1
100875,18,Male,North,25800.0,13,Standard,5,109.49,547.45,88,0,0.262,9,16.79,0,183,1,1,1
100876,39,Male,East,61000.0,8,Standard,7,59.72,418.04,96,1,0.417,10,3.92,1,345,1,1,1
100877,36,Female,North,47000.0,35,Basic,4,19.43,77.72,29,0,0.376,9,18.52,2,150,1,0,1
100878,38,Female,North,43800.0,16,Basic,9,45.28,407.52,3,1,0.135,2,13.19,0,298,0,1,0
100879,39,Non-binary,South,61800.0,49,Standard,6,75.28,451.68,11,0,,5,27.66,1,35,0,0,0
100880,42,Female,East,58100.0,20,Basic,4,56.4,225.6,32,0,0.43,22,9.08,0,237,2,0,0
100881,51,Male,West,37900.0,8,Premium,13,101.59,1320.67,14,1,0.737,11,3.14,1,883,0,1,0
100882,25,Male,Central,37100.0,45,Basic,5,45.54,227.7,68,0,0.495,2,2.24,0,7,0,1,0
100883,24,Male,South,19800.0,12,Basic,6,79.58,477.48,8,1,0.524,7,20.92,1,208,0,1,0
100884,25,Female,South,52400.0,3,Standard,10,27.08,270.8,21,0,0.298,4,4.57,2,409,2,0,1
100885,43,Female,North,76300.0,31,Basic,3,18.57,55.71,73,0,0.516,4,11.2,1,0,0,1,1
100886,55,Female,North,89400.0,14,Standard,8,29.45,235.6,65,1,0.633,13,11.68,1,140,1,0,1
100887,33,Male,North,,32,Standard,8,28.5,228.0,14,0,0.555,5,6.34,0,178,1,1,0
100888,18,Male,Central,21500.0,41,Standard,5,6.02,30.1,7,0,0.172,6,13.92,0,172,0,0,0
100889,18,Male,North,32500.0,28,Basic,6,35.22,211.32,43,1,0.383,6,4.39,2,32,0,0,1
100890,28,Male,West,24300.0,14,Premium,12,166.93,2003.16,95,0,0.532,12,8.79,0,927,1,0,0
100891,32,Non-binary,South,74100.0,46,Basic,1,64.84,64.84,8,0,0.28,12,6.23,2,84,1,1,1
100892,34,Male,East,59900.0,11,Standard,5,22.51,112.55,39,0,0.54,11,5.79,0,66,0,0,1
100893,40,Female,Central,53200.0,32,Premium,15,45.06,675.9,90,1,0.383,9,7.04,2,266,0,1,0
100894,35,Female,Central,58100.0,37,Basic,2,49.01,98.02,34,0,0.139,11,4.02,1,131,1,1,0
100895,53,Male,South,54400.0,24,Premium,12,141.61,1699.32,35,1,0.297,5,12.27,0,946,2,0,0
100896,30,Male,Central,23900.0,40,Standard,7,27.86,195.02,28,1,0.03,4,4.59,2,221,0,0,0
100897,28,Female,South,15000.0,28,Basic,5,19.42,97.1,151,0,0.556,6,6.36,2,274,1,1,1
100898,45,Male,West,54800.0,31,Standard,5,13.6,68.0,27,0,0.295,4,4.99,0,161,2,0,1
100899,19,Female,North,26000.0,40,Premium,11,162.86,1791.46,147,0,0.498,14,5.67,2,885,1,0,1
100900,44,Female,East,60000.0,27,Premium,13,127.16,1653.08,197,0,0.494,8,2.95,0,951,0,1,1
100901,40,Male,West,49100.0,43,Basic,9,24.02,216.18,116,0,0.294,3,17.87,2,125,0,0,1
100902,37,Female,West,52700.0,55,Standard,7,63.34,443.38,10,0,0.579,11,0.56,1,249,0,1,0
100903,60,Male,West,79300.0,33,Basic,2,36.26,72.52,29,1,0.375,12,0.98,0,83,0,1,0
100904,31,Male,South,19900.0,41,Basic,6,42.48,254.88,79,0,0.216,10,11.51,3,230,0,1,1
100905,66,Male,Central,85800.0,25,Basic,9,26.73,240.57,4,1,0.536,4,4.9,2,33,0,1,0
100906,36,Female,South,39400.0,55,Standard,6,143.59,861.54,9,0,0.462,6,10.72,1,517,1,0,0
100907,22,Male,South,39000.0,30,Basic,3,48.93,146.79,11,0,0.454,5,21.63,1,121,1,1,0
100908,40,Female,North,63200.0,38,Premium,6,141.52,849.12,4,0,0.132,5,11.0,0,404,0,1,0
100909,25,Male,South,49100.0,8,Basic,3,29.11,87.33,15,0,0.642,9,15.39,0,144,0,1,0
100910,29,Female,North,40300.0,36,Basic,6,22.42,134.52,15,0,0.403,16,6.08,0,432,0,1,0
100911,44,Non-binary,West,55200.0,26,Standard,9,40.78,367.02,3,1,0.578,9,2.26,1,163,0,0,0
100912,46,Male,North,,35,Standard,8,67.91,543.28,66,0,0.668,9,21.1,1,314,0,1,0
100913,31,Female,East,19300.0,38,Basic,9,40.95,368.55,12,0,0.332,8,13.71,1,392,1,1,0
100914,52,Female,North,47000.0,40,Premium,9,82.42,741.78,40,1,0.316,14,27.22,0,353,3,1,0
100915,54,Female,West,58300.0,37,Basic,2,61.21,122.42,58,0,0.525,4,18.76,1,245,0,1,0
100916,58,Male,South,47300.0,21,Standard,8,50.19,401.52,31,2,0.675,8,8.86,0,72,0,1,0
100917,46,Male,South,50800.0,68,Premium,14,42.91,600.74,2,1,0.17,8,7.89,0,238,0,0,0
100918,57,Male,East,60500.0,49,Standard,5,98.27,491.35,18,1,0.734,10,9.97,0,305,2,1,0
100919,18,Male,Central,29200.0,22,Standard,6,86.22,517.32,38,0,0.586,2,9.14,0,637,0,0,0
100920,35,Female,Central,43400.0,22,Basic,2,41.58,83.16,1,0,0.214,9,14.6,0,43,0,1,0
100921,28,Male,South,52500.0,1,Basic,6,89.14,534.84,9,0,0.499,8,4.73,1,601,3,1,1
100922,41,Female,Central,57900.0,10,Standard,10,89.64,896.4,80,0,0.565,5,13.02,3,493,0,1,1
100923,32,Male,East,40300.0,13,Premium,10,81.8,818.0,9,1,0.48,2,6.8,1,605,1,0,0
100924,37,Female,Central,41400.0,22,Basic,5,80.98,404.9,20,1,0.473,2,11.35,0,192,1,1,0
100925,63,Male,North,70100.0,54,Premium,13,187.72,2440.36,23,1,0.169,2,4.2,0,1369,0,1,0
100926,37,Female,North,45600.0,20,Standard,11,11.95,131.45,13,0,0.45,1,5.43,0,133,0,0,0
100927,44,Female,North,88000.0,10,Premium,9,147.79,1330.11,28,1,0.087,2,3.46,1,640,2,0,1
100928,36,Female,West,24700.0,35,Basic,3,33.98,101.94,37,0,0.244,14,3.05,2,499,0,1,1
100929,40,Male,North,35900.0,37,Basic,3,28.2,84.6,22,0,0.249,12,18.17,1,247,0,1,0
100930,39,Male,North,32900.0,20,Basic,7,86.02,602.14,40,0,0.658,10,4.01,2,463,1,1,1
100931,45,Female,East,57400.0,50,Standard,8,76.41,611.28,41,1,0.081,7,4.72,0,845,1,1,1
100932,54,Female,Central,65400.0,52,Premium,10,31.9,319.0,21,0,0.649,10,21.74,2,20,0,0,0
100933,60,Female,East,59900.0,5,Premium,11,71.76,789.36,14,1,0.231,12,8.54,1,397,0,0,0
100934,43,Male,West,64300.0,37,Basic,3,51.62,154.86,8,0,0.094,6,5.0,0,0,0,0,0
100935,47,Non-binary,North,60700.0,3,Standard,5,50.94,254.7,40,1,0.431,1,21.54,1,114,2,0,1
100936,24,Male,Central,46800.0,22,Premium,16,286.76,4588.16,74,0,0.506,7,22.44,0,2323,0,0,0
100937,38,Male,North,63800.0,89,Basic,8,22.49,179.92,2,0,0.769,3,2.42,2,154,1,0,0
100938,51,Female,South,29500.0,36,Standard,4,34.58,138.32,8,0,0.411,6,11.32,0,160,0,1,0
100939,50,Female,South,68000.0,15,Premium,9,34.51,310.59,5,0,0.632,14,7.77,1,592,0,0,0
100940,42,Male,South,32700.0,38,Premium,14,177.78,2488.92,47,1,0.194,2,6.14,0,911,1,1,0
100941,51,Male,West,62800.0,14,Premium,15,121.38,1820.7,46,0,0.603,2,15.0,0,1118,0,1,0
100942,45,Female,West,,30,Standard,8,115.37,922.96,19,0,0.636,10,15.07,1,359,3,1,0
100943,55,Male,North,,12,Standard,8,31.52,252.16,72,0,0.487,2,2.44,2,0,2,1,1
100944,43,Female,North,34900.0,18,Standard,10,49.32,493.2,3,0,0.153,5,6.76,1,414,1,1,0
100945,34,Female,North,57600.0,49,Basic,4,39.49,157.96,0,0,0.642,0,4.24,0,73,1,1,0
100946,43,Female,North,33700.0,67,Premium,8,143.76,1150.08,99,3,0.751,7,7.45,3,891,1,1,1
100947,18,Male,Central,38500.0,30,Basic,5,5.71,28.55,76,0,0.495,6,15.55,1,0,0,0,1
100948,44,Male,East,32700.0,41,Standard,6,52.32,313.92,63,0,0.307,7,25.88,1,62,0,1,0
100949,18,Male,North,27800.0,16,Standard,8,137.59,1100.72,26,0,0.071,3,3.15,2,524,0,0,1
100950,18,Male,North,53300.0,11,Basic,3,73.21,219.63,24,0,0.177,11,5.3,2,76,0,1,1
100951,45,Male,West,,28,Basic,7,113.52,794.64,24,0,0.819,13,13.26,2,532,1,0,0
100952,45,Female,West,31000.0,26,Basic,4,11.28,45.12,24,0,0.191,11,5.21,2,0,1,1,0
100953,24,Male,Central,23800.0,92,Basic,2,58.12,116.24,12,0,0.461,15,13.73,0,304,0,1,0
100954,30,Female,North,32100.0,22,Basic,6,38.57,231.42,57,0,0.729,4,14.16,0,277,0,1,0
100955,57,Male,East,96600.0,21,Basic,3,26.83,80.49,57,0,0.361,8,6.11,0,342,1,1,1
100956,33,Female,North,41300.0,36,Standard,8,20.44,163.52,237,1,0.453,2,7.34,1,0,0,1,1
100957,68,Female,West,90500.0,16,Basic,4,46.44,185.76,4,0,0.509,1,23.29,2,129,0,1,0
100958,39,Male,South,52100.0,13,Basic,4,107.96,431.84,90,0,0.467,5,5.26,1,377,0,1,1
100959,44,Female,West,35900.0,32,Basic,2,44.06,88.12,8,0,0.373,3,21.53,0,89,1,1,0
100960,60,Female,North,41900.0,7,Standard,11,52.24,574.64,6,0,0.392,7,10.43,1,162,2,0,0
100961,41,Male,West,41300.0,34,Basic,5,37.58,187.9,192,0,0.722,8,2.69,4,100,0,1,1
100962,26,Male,South,68000.0,18,Basic,7,73.84,516.88,21,1,0.687,10,5.85,1,19,1,0,0
100963,38,Female,West,50600.0,40,Standard,7,29.23,204.61,39,1,0.496,17,17.96,2,236,0,1,0
100964,39,Female,North,62700.0,56,Premium,11,79.06,869.66,67,0,0.071,8,2.82,1,404,0,1,0
100965,21,Female,West,15000.0,13,Basic,7,50.57,353.99,9,0,0.244,4,5.05,1,21,0,1,0
100966,36,Male,North,40500.0,21,Basic,4,42.76,171.04,18,0,0.316,18,12.39,0,435,1,1,0
100967,29,Male,West,49400.0,47,Basic,2,12.81,25.62,139,0,0.268,8,2.99,1,449,0,1,1
100968,51,Female,West,44100.0,30,Premium,12,93.66,1123.92,5,1,0.563,18,6.82,1,851,0,1,0
100969,39,Male,South,47100.0,68,Standard,7,49.05,343.35,97,0,0.376,5,4.34,2,0,0,1,1
100970,35,Male,South,31800.0,31,Standard,11,35.91,395.01,86,1,0.495,4,,1,18,0,1,1
100971,38,Non-binary,South,58600.0,54,Standard,7,80.23,561.61,63,0,0.53,9,9.66,2,327,0,0,0
100972,42,Female,South,56400.0,9,Standard,6,76.31,457.86,37,0,0.333,6,8.18,2,326,1,1,0
100973,47,Male,East,65100.0,13,Premium,9,182.93,1646.37,20,0,0.381,4,2.46,3,866,1,1,0
100974,26,Male,North,47800.0,62,Basic,5,24.28,121.4,62,0,0.598,4,27.43,2,0,2,1,1
100975,25,Female,North,31500.0,13,Basic,5,23.77,118.85,17,0,0.276,6,8.03,4,201,2,1,1
100976,53,Female,South,75300.0,63,Premium,9,31.45,283.05,20,0,0.192,12,2.18,2,163,0,1,0
100977,34,Female,South,34900.0,14,Basic,5,9.22,46.1,26,1,0.409,2,0.84,2,0,0,1,1
100978,21,Female,North,39600.0,8,Basic,8,24.77,198.16,43,0,0.507,6,7.85,0,345,1,1,1
100979,45,Male,West,26100.0,21,Basic,6,22.44,134.64,48,0,0.137,6,5.89,4,0,1,1,1
100980,45,Male,North,43200.0,9,Premium,14,42.53,595.42,149,0,0.447,6,13.23,1,464,1,0,0
100981,19,Female,Central,61400.0,37,Premium,7,82.64,578.48,49,1,0.415,5,7.14,2,767,2,1,0
100982,42,Male,West,59400.0,3,Standard,4,10.98,43.92,263,0,0.484,10,22.06,1,238,1,0,0
100983,49,Female,South,66000.0,78,Premium,10,140.98,1409.8,13,0,0.687,9,0.5,2,811,0,0,0
100984,44,Non-binary,Central,41200.0,26,Basic,5,37.07,185.35,1,1,0.396,4,2.08,1,188,0,1,0
100985,47,Female,East,40200.0,39,Standard,7,36.35,254.45,116,0,0.479,8,13.82,0,418,0,0,1
100986,21,Male,East,27100.0,42,Standard,5,25.06,125.3,26,1,0.336,6,6.13,0,95,1,1,0
100987,43,Male,South,50800.0,29,Basic,3,7.28,21.84,15,0,0.2,2,1.49,1,37,0,0,1
100988,35,Male,West,71000.0,34,Standard,8,34.09,272.72,87,1,0.316,13,7.81,0,348,1,1,1
100989,33,Male,North,56500.0,19,Standard,6,23.5,141.0,36,0,0.554,6,18.5,0,166,0,1,0
100990,50,Female,East,59900.0,42,Standard,11,21.72,238.92,36,0,0.414,4,2.77,1,182,1,1,0
100991,58,Male,North,66900.0,70,Premium,12,74.17,890.04,3,0,0.306,3,5.38,1,616,0,0,0
100992,62,Male,South,80400.0,19,Basic,7,70.47,493.29,22,0,0.428,6,14.37,2,382,0,1,0
100993,56,Female,East,45600.0,46,Basic,7,21.58,151.06,33,0,0.335,1,4.83,0,239,0,0,0
100994,38,Non-binary,North,20100.0,51,Premium,14,120.81,1691.34,45,0,0.421,12,0.52,0,724,1,0,0
100995,44,Female,South,63100.0,18,Standard,6,70.7,424.2,3,0,0.316,7,18.66,2,232,0,0,1
100996,49,Female,West,58500.0,25,Basic,2,23.03,46.06,5,0,0.547,4,11.53,2,141,1,1,0
100997,41,Male,South,31500.0,24,Standard,11,25.03,275.33,69,1,0.615,12,4.1,0,489,0,0,1
100998,41,Female,North,20500.0,22,Standard,7,27.46,192.22,73,1,0.353,5,9.23,0,123,1,0,1
100999,50,Female,South,70900.0,15,Basic,2,61.19,122.38,44,0,0.204,8,3.49,1,204,0,0,0
101000,38,Female,Central,39700.0,25,Basic,2,80.31,160.62,17,0,0.478,4,4.77,2,0,0,0,1
101001,30,Male,West,45000.0,21,Standard,9,57.88,520.92,7,1,0.612,10,13.24,0,246,0,0,0
101002,34,Male,East,39500.0,57,Basic,3,38.73,116.19,1,0,0.667,8,1.76,2,118,0,1,0
101003,47,Female,West,55100.0,30,Premium,14,90.62,1268.68,52,0,0.266,13,3.22,0,611,0,1,0
101004,39,Male,West,39700.0,16,Basic,5,91.65,458.25,40,0,0.456,8,9.26,0,238,0,1,0
101005,43,Male,West,50700.0,60,Standard,5,18.97,94.85,32,0,0.218,7,,1,184,1,1,0
101006,48,Male,West,64600.0,53,Standard,11,42.96,472.56,39,1,0.464,4,7.84,3,0,0,1,0
101007,34,Male,Central,39300.0,22,Basic,5,88.11,440.55,46,0,0.404,5,13.72,1,167,2,1,1
101008,49,Male,East,52800.0,29,Basic,6,57.81,346.86,18,1,0.491,12,7.11,2,421,0,1,0
101009,44,Female,South,61200.0,58,Basic,9,27.76,249.84,23,1,0.377,7,11.74,1,349,2,1,0
101010,23,Female,North,42200.0,44,Standard,9,78.57,707.13,69,3,0.38,11,6.8,1,367,2,1,1
101011,58,Male,North,50100.0,6,Basic,7,55.71,389.97,56,0,0.481,4,0.74,0,25,1,1,0
101012,32,Female,East,40900.0,12,Premium,9,49.7,447.3,113,0,0.676,4,0.52,1,152,1,0,1
101013,18,Female,Central,20700.0,17,Standard,5,78.45,392.25,40,1,0.079,11,10.4,1,139,0,1,1
101014,25,Female,West,34800.0,18,Basic,3,29.95,89.85,33,0,0.815,2,6.92,2,0,0,1,1
101015,26,Female,West,55700.0,24,Basic,3,34.77,104.31,64,1,0.475,8,3.2,1,68,0,1,1
101016,40,Male,West,53900.0,33,Basic,5,28.56,142.8,20,0,0.663,5,9.85,3,200,3,0,1
101017,35,Female,Central,74400.0,24,Standard,7,77.8,544.6,31,0,0.411,1,4.7,1,199,2,1,1
101018,35,Male,West,47200.0,51,Premium,12,224.19,2690.28,1,0,0.537,6,21.1,1,1385,0,1,0
101019,47,Male,South,53200.0,19,Standard,2,84.28,168.56,49,0,0.061,3,7.92,3,519,0,0,1
101020,43,Female,East,51500.0,51,Standard,8,30.53,244.24,84,1,0.271,11,19.66,3,13,1,1,1
101021,43,Female,South,53700.0,30,Basic,6,32.65,195.9,27,1,0.335,6,7.39,1,119,0,1,0
101022,44,Female,North,57200.0,29,Standard,4,19.06,76.24,18,0,0.396,16,15.43,1,228,0,1,0
101023,47,Male,South,41700.0,41,Premium,16,70.6,1129.6,48,1,0.305,9,,4,809,0,0,1
101024,18,Female,South,24700.0,37,Basic,3,83.73,251.19,73,0,,12,7.89,0,417,0,1,1
101025,34,Male,North,33100.0,24,Premium,15,133.04,1995.6,34,1,0.063,8,7.84,0,1189,1,1,0
101026,18,Female,North,42400.0,14,Basic,5,19.96,99.8,65,0,0.32,12,9.31,1,144,2,0,1
101027,39,Female,Central,21000.0,58,Basic,8,23.67,189.36,24,0,0.206,14,13.96,1,28,2,1,0
101028,39,Female,South,50100.0,28,Premium,10,129.77,1297.7,6,0,0.162,11,2.48,3,622,0,0,0
101029,53,Female,West,40000.0,28,Standard,8,27.74,221.92,27,1,0.553,8,2.97,1,5,3,0,1
101030,54,Female,North,68300.0,102,Basic,5,48.76,243.8,16,0,0.71,10,11.68,1,481,1,0,0
101031,42,Male,Central,45200.0,52,Basic,5,12.68,63.4,53,0,0.601,12,5.71,1,285,0,1,1
101032,32,Female,West,15900.0,23,Basic,5,13.19,65.95,26,0,0.315,5,14.54,0,26,0,0,1
101033,45,Male,Central,66800.0,26,Basic,4,28.12,112.48,32,0,0.16,1,12.38,0,197,0,1,1
101034,32,Male,East,,13,Premium,10,88.29,882.9,32,1,0.608,8,5.45,1,323,0,1,0
101035,39,Male,East,47500.0,10,Standard,2,21.84,43.68,15,0,0.099,6,11.53,0,207,0,0,0
101036,52,Male,South,70000.0,23,Basic,2,30.31,60.62,47,0,0.262,2,10.37,1,123,0,1,1
101037,32,Female,South,60600.0,36,Standard,7,33.82,236.74,32,0,0.347,16,4.65,0,556,1,1,0
101038,49,Male,West,34900.0,14,Basic,8,78.48,627.84,0,0,0.144,8,10.56,3,282,0,1,0
101039,48,Female,North,,44,Basic,4,18.36,73.44,1,0,0.575,0,11.1,0,0,1,1,0
101040,27,Male,North,51700.0,11,Basic,7,56.38,394.66,91,0,0.46,8,2.43,1,284,0,1,1
101041,52,Female,Central,76400.0,23,Basic,7,26.47,185.29,38,0,0.253,7,24.31,0,60,0,0,1
101042,48,Male,North,74400.0,42,Basic,3,16.48,49.44,17,0,0.089,4,9.92,0,111,0,1,0
101043,40,Male,West,84800.0,82,Standard,5,85.97,429.85,68,1,0.387,6,6.03,2,458,2,1,0
101044,29,Male,North,31300.0,64,Basic,8,35.91,287.28,104,0,0.052,5,10.57,0,7,2,0,1
101045,28,Female,South,42700.0,55,Basic,5,68.35,341.75,27,0,0.509,11,12.82,1,280,1,1,0
101046,32,Male,South,36500.0,28,Standard,3,24.11,72.33,8,0,0.426,7,4.52,1,127,0,1,0
101047,46,Male,East,26900.0,46,Standard,6,66.67,400.02,72,1,0.361,10,14.53,2,70,0,0,0
101048,27,Female,West,35300.0,21,Premium,7,58.6,410.2,51,1,0.456,14,8.06,1,151,1,0,1
101049,45,Female,Central,25700.0,40,Premium,11,14.55,160.05,68,0,0.52,5,13.67,0,230,0,0,0
101050,23,Female,South,25500.0,9,Basic,8,29.08,232.64,12,0,0.374,2,12.99,1,68,0,0,1
101051,36,Female,South,24500.0,33,Basic,8,70.2,561.6,12,0,0.29,8,10.04,1,388,0,1,0
101052,40,Male,West,55000.0,9,Standard,6,55.32,331.92,127,1,0.622,8,9.97,1,159,0,1,1
101053,71,Female,North,67500.0,53,Standard,6,67.56,405.36,32,3,0.201,7,15.98,3,472,0,1,1
101054,21,Male,North,,44,Premium,7,85.99,601.93,7,0,0.51,4,4.84,0,233,0,1,0
101055,58,Male,East,78100.0,68,Standard,14,25.74,360.36,14,0,0.507,9,9.85,1,392,1,1,0
101056,41,Male,West,41400.0,10,Standard,6,53.02,318.12,86,0,0.245,7,12.03,1,318,0,1,1
101057,44,Male,South,46700.0,102,Premium,14,56.68,793.52,30,0,0.63,8,2.2,2,536,1,1,1
101058,41,Male,North,36200.0,26,Basic,5,12.02,60.1,32,0,0.166,0,5.39,3,295,0,1,1
101059,45,Male,Central,69700.0,52,Standard,6,40.14,240.84,26,2,0.48,4,2.07,1,61,1,1,0
101060,37,Female,Central,49800.0,13,Standard,12,37.83,453.96,83,1,,7,12.75,0,149,2,1,1
101061,58,Male,West,57400.0,35,Standard,8,77.8,622.4,15,0,0.478,16,22.31,0,544,0,1,0
101062,33,Non-binary,West,15500.0,24,Basic,1,24.16,24.16,19,0,0.719,10,4.24,0,98,1,0,0
101063,54,Female,Central,97300.0,44,Basic,7,26.99,188.93,10,0,0.506,14,8.72,2,147,0,0,0
101064,31,Male,East,68100.0,5,Basic,6,12.36,74.16,61,2,0.229,11,6.35,0,0,0,0,1
101065,38,Non-binary,West,67200.0,12,Basic,5,58.36,291.8,0,0,0.494,3,7.82,2,157,0,0,1
101066,25,Female,East,24800.0,56,Standard,9,62.71,564.39,20,1,0.22,8,7.07,2,335,2,0,0
101067,45,Male,South,46600.0,12,Basic,6,56.88,341.28,28,1,0.306,3,5.59,1,332,0,1,1
101068,58,Male,West,71600.0,24,Premium,12,91.05,1092.6,22,0,0.493,5,3.18,1,456,0,1,0
101069,38,Female,West,34500.0,22,Standard,6,26.5,159.0,8,0,0.347,9,26.48,1,118,1,1,0
101070,36,Female,South,31200.0,32,Standard,11,66.98,736.78,78,0,0.32,6,13.44,2,133,1,1,0
101071,25,Female,East,55100.0,14,Basic,6,17.36,104.16,26,0,0.156,6,0.71,1,267,0,1,0
101072,36,Male,West,44300.0,59,Basic,5,65.57,327.85,48,0,0.58,3,12.55,4,464,1,1,0
101073,18,Female,South,15000.0,33,Standard,7,57.71,403.97,45,0,0.637,10,7.83,0,71,0,1,0
101074,27,Male,West,49900.0,63,Basic,2,7.41,14.82,82,0,0.091,3,7.96,2,87,1,1,1
101075,42,Male,North,42800.0,44,Premium,12,136.16,1633.92,46,1,0.685,6,0.5,1,858,0,0,0
101076,56,Male,East,36400.0,32,Standard,7,23.57,164.99,9,0,0.426,11,11.43,0,217,0,1,0
101077,76,Female,Central,67200.0,2,Basic,6,49.22,295.32,21,0,0.442,7,5.99,0,314,0,1,0
101078,31,Female,Central,33100.0,40,Standard,11,11.47,126.17,57,0,0.76,10,12.95,2,0,2,1,0
101079,58,Female,Central,69100.0,39,Premium,9,143.93,1295.37,160,0,0.442,3,5.83,1,640,0,1,1
101080,42,Female,West,53200.0,62,Premium,9,105.58,950.22,5,0,0.441,4,5.18,1,384,0,1,0
101081,37,Female,East,63200.0,30,Premium,8,33.25,266.0,6,1,0.283,15,9.31,1,409,1,1,0
101082,45,Female,West,50300.0,1,Standard,8,20.42,163.36,35,0,0.104,4,24.21,0,32,1,0,1
101083,40,Female,South,42400.0,28,Basic,7,15.45,108.15,65,0,0.299,4,3.09,3,229,0,1,1
101084,40,Male,East,66300.0,41,Standard,7,123.92,867.44,51,0,0.35,2,15.98,2,709,0,1,0
101085,34,Female,East,56900.0,28,Standard,7,52.67,368.69,30,0,0.408,9,7.66,2,271,0,1,0
101086,21,Female,East,27900.0,19,Premium,14,44.1,617.4,6,1,0.639,11,19.13,2,886,2,1,0
101087,19,Male,South,33000.0,46,Premium,6,73.71,442.26,35,0,0.186,5,6.38,2,298,0,1,0
101088,47,Male,South,48900.0,4,Standard,4,104.84,419.36,1,1,0.681,14,13.86,0,80,2,1,0
101089,35,Male,South,27900.0,27,Basic,6,27.98,167.88,2,1,0.09,9,4.69,0,112,0,1,0
101090,31,Male,South,71100.0,20,Standard,4,52.74,210.96,2,0,0.425,9,34.09,2,0,2,1,0
101091,39,Female,South,40400.0,12,Premium,7,54.59,382.13,5,1,0.214,9,4.64,1,441,1,0,0
101092,49,Male,North,61600.0,32,Standard,5,12.46,62.3,11,0,0.123,5,,2,0,1,1,0
101093,41,Male,Central,28600.0,68,Basic,2,34.48,68.96,13,1,0.272,5,,1,0,0,1,0
101094,30,Male,North,49700.0,13,Basic,5,27.12,135.6,22,0,0.552,6,5.47,0,266,0,0,0
101095,55,Male,West,46300.0,40,Standard,7,55.34,387.38,101,0,0.366,6,0.96,2,118,0,1,1
101096,60,Female,South,91400.0,36,Premium,13,197.27,2564.51,2,3,0.559,15,15.2,0,1514,0,0,0
101097,45,Female,Central,78800.0,10,Basic,6,44.17,265.02,27,0,0.148,6,1.45,2,140,0,0,1
101098,52,Male,West,68200.0,36,Standard,7,77.82,544.74,14,0,0.176,4,9.44,0,184,0,1,0
101099,55,Male,Central,64800.0,21,Basic,3,45.36,136.08,30,1,0.7,3,5.46,1,144,0,0,1
101100,54,Female,Central,59600.0,16,Basic,12,13.79,165.48,21,0,0.374,14,31.31,1,158,1,1,0
101101,47,Female,West,54900.0,16,Basic,14,18.16,254.24,22,2,0.39,7,8.63,2,260,1,0,1
101102,47,Female,North,61300.0,107,Standard,2,63.35,126.7,15,0,0.682,13,25.06,0,195,0,1,0
101103,46,Female,East,55900.0,6,Premium,11,18.35,201.85,30,1,0.199,12,10.79,2,3,0,1,1
101104,25,Female,South,48400.0,54,Standard,5,20.83,104.15,121,0,0.869,5,1.09,2,135,1,0,1
101105,48,Male,Central,43600.0,23,Standard,3,53.55,160.65,11,0,0.393,10,12.49,5,117,1,1,0
101106,21,Female,Central,52200.0,13,Standard,5,52.05,260.25,20,0,0.278,20,9.8,1,0,2,1,0
101107,29,Female,South,32500.0,20,Premium,6,15.55,93.3,64,0,0.282,7,7.53,1,100,0,1,0
101108,56,Female,West,53700.0,57,Premium,6,86.22,517.32,61,1,0.459,13,7.44,0,477,0,1,0
101109,50,Male,South,63500.0,59,Standard,1,25.6,25.6,28,0,0.241,7,9.43,2,0,1,0,1
101110,58,Male,West,72000.0,12,Standard,13,85.49,1111.37,26,1,0.262,6,1.98,1,683,0,1,0
101111,35,Male,East,19800.0,35,Standard,8,28.24,225.92,10,0,0.635,9,3.5,2,314,1,0,0
101112,24,Male,East,27000.0,33,Standard,7,53.55,374.85,106,0,0.481,11,10.62,1,12,1,1,0
101113,36,Non-binary,Central,15000.0,22,Basic,4,28.77,115.08,34,0,0.333,6,0.5,1,438,1,1,0
101114,40,Male,South,39400.0,37,Premium,12,132.14,1585.68,78,0,0.381,14,2.75,0,876,2,0,0
101115,40,Male,West,40000.0,44,Standard,10,24.81,248.1,1,1,0.685,6,,1,27,0,1,0
101116,54,Female,West,66400.0,12,Standard,8,17.7,141.6,55,0,0.341,0,2.5,1,0,0,1,1
101117,34,Male,South,32200.0,6,Basic,11,31.08,341.88,10,0,0.304,0,1.98,2,129,0,1,1
101118,44,Female,South,,10,Standard,3,113.15,339.45,34,1,0.39,5,20.07,0,118,0,1,1
101119,26,Male,North,53900.0,19,Basic,4,95.96,383.84,18,1,0.251,3,3.46,0,186,0,1,0
101120,45,Female,East,82500.0,22,Basic,5,55.24,276.2,20,0,0.694,10,10.56,1,344,1,0,0
101121,39,Female,Central,35100.0,46,Premium,11,138.06,1518.66,107,1,0.227,19,5.5,0,1086,0,1,0
101122,29,Female,North,52700.0,25,Premium,14,33.24,465.36,2,1,0.672,1,6.57,2,202,0,1,0
101123,36,Male,North,50500.0,19,Premium,10,20.19,201.9,40,2,0.4,4,34.96,0,0,1,0,0
101124,37,Male,East,21700.0,5,Basic,3,14.7,44.1,33,0,0.272,5,13.75,0,0,0,1,0
101125,35,Female,South,33100.0,56,Standard,9,35.34,318.06,4,0,0.186,4,5.31,3,192,2,0,0
101126,62,Male,South,27400.0,12,Basic,5,19.04,95.2,10,0,0.248,12,12.04,3,153,1,1,0
101127,38,Female,East,51500.0,59,Basic,5,47.21,236.05,21,0,0.232,19,4.62,0,273,0,1,0
101128,36,Male,South,30000.0,18,Basic,9,21.47,193.23,10,1,0.407,8,12.82,1,217,0,0,0
101129,18,Female,West,29900.0,11,Standard,6,8.57,51.42,38,0,0.235,19,7.61,1,489,1,0,0
101130,27,Female,South,72500.0,27,Basic,5,34.76,173.8,27,0,0.392,8,5.36,2,87,0,1,0
101131,36,Male,East,67400.0,14,Basic,5,82.59,412.95,68,0,0.211,16,3.15,1,280,0,1,1
101132,30,Male,South,28700.0,21,Basic,6,90.64,543.84,64,1,0.502,1,10.99,0,29,0,1,0
101133,57,Male,South,50900.0,26,Basic,9,45.25,407.25,140,1,0.279,13,17.79,1,487,1,1,1
101134,37,Male,East,64200.0,43,Premium,11,64.8,712.8,7,0,0.766,4,12.05,1,425,1,1,0
101135,56,Male,West,50000.0,80,Basic,5,49.23,246.15,58,0,0.543,10,4.12,3,205,1,1,0
101136,40,Female,Central,62800.0,16,Standard,7,38.59,270.13,12,0,0.622,6,7.12,1,277,0,0,0
101137,39,Female,North,86300.0,28,Basic,6,42.12,252.72,174,0,0.32,16,1.53,1,327,1,0,1
101138,38,Non-binary,East,56500.0,9,Basic,4,13.55,54.2,14,0,0.27,7,7.63,2,0,0,0,0
101139,39,Female,East,64500.0,39,Basic,7,16.43,115.01,24,2,0.672,8,4.3,1,150,0,0,1
101140,61,Male,North,83800.0,30,Premium,10,210.63,2106.3,84,0,0.442,4,11.04,0,1251,1,0,0
101141,18,Female,West,20200.0,5,Premium,7,79.55,556.85,4,0,0.614,5,3.35,0,282,0,0,0
101142,18,Female,South,32100.0,31,Premium,10,136.69,1366.9,4,0,0.047,5,6.09,1,841,0,1,0
101143,32,Female,Central,27900.0,13,Basic,5,31.57,157.85,21,0,0.178,7,3.04,2,0,0,0,1
101144,39,Male,East,66000.0,21,Standard,6,48.21,289.26,62,0,0.057,10,24.53,3,74,0,1,1
101145,48,Male,North,41300.0,68,Premium,14,159.72,2236.08,23,1,0.422,4,11.4,0,993,1,1,0
101146,45,Female,West,63500.0,6,Basic,3,71.19,213.57,22,1,0.348,1,22.56,3,211,0,0,1
101147,34,Female,North,59000.0,41,Basic,2,56.09,112.18,44,0,0.609,3,3.4,1,246,1,0,1
101148,52,Female,West,53400.0,12,Basic,2,65.42,130.84,1,0,0.556,2,5.79,0,0,1,1,0
101149,52,Female,West,50200.0,10,Premium,15,86.81,1302.15,26,1,0.16,17,5.29,1,841,0,0,0
101150,41,Female,East,47500.0,16,Basic,1,88.24,88.24,39,0,0.275,6,18.52,0,98,0,0,1
101151,52,Male,South,47800.0,9,Basic,10,37.48,374.8,54,1,0.087,10,18.04,2,426,0,0,1
101152,43,Female,South,53900.0,92,Standard,7,57.4,401.8,44,0,0.149,2,0.5,2,615,2,1,0
101153,32,Female,East,28500.0,6,Basic,6,30.58,183.48,6,1,0.38,9,7.67,1,98,1,0,1
101154,48,Female,West,44700.0,8,Basic,7,82.09,574.63,89,0,0.248,4,1.88,0,359,0,0,1
101155,40,Female,East,56600.0,4,Basic,4,25.61,102.44,3,0,0.287,14,28.52,1,156,1,0,1
101156,39,Female,South,56600.0,13,Standard,7,45.83,320.81,50,1,0.296,6,8.47,1,0,1,1,1
101157,58,Male,West,61900.0,27,Basic,6,46.3,277.8,2,0,0.336,12,8.35,2,182,1,1,0
101158,18,Male,West,15000.0,29,Standard,10,31.23,312.3,82,0,,2,11.68,2,345,1,0,1
101159,21,Male,West,47200.0,32,Standard,9,91.86,826.74,23,1,0.294,2,26.63,1,642,0,1,0
101160,24,Female,South,27400.0,33,Standard,7,5.61,39.27,5,0,0.641,11,7.29,1,410,0,1,0
101161,34,Male,East,72100.0,49,Standard,10,22.43,224.3,17,0,0.343,3,2.87,0,0,0,1,0
101162,36,Male,South,43200.0,68,Standard,6,74.57,447.42,7,0,0.403,4,11.6,0,458,0,1,0
101163,19,Male,West,30900.0,38,Standard,6,25.55,153.3,20,1,0.092,4,11.23,0,0,0,0,1
101164,26,Male,West,29600.0,26,Basic,3,11.77,35.31,1,0,0.35,8,3.26,2,0,0,0,1
101165,28,Female,Central,40900.0,12,Premium,10,71.68,716.8,15,0,0.683,13,3.83,0,517,3,0,0
101166,71,Non-binary,South,127000.0,28,Standard,4,39.28,157.12,1,0,0.453,2,11.16,0,22,1,0,0
101167,62,Male,West,64900.0,37,Standard,6,85.95,515.7,15,0,0.146,10,20.88,2,182,0,1,0
101168,34,Male,Central,61100.0,20,Standard,10,96.83,968.3,22,0,0.609,10,6.36,0,709,0,1,0
101169,34,Male,North,,43,Basic,6,23.62,141.72,66,0,0.619,7,7.42,0,12,1,1,1
101170,24,Non-binary,North,50100.0,33,Standard,10,54.46,544.6,80,0,0.159,13,9.83,1,702,0,0,1
101171,18,Female,North,15000.0,14,Basic,4,32.52,130.08,133,0,0.592,5,3.4,2,249,3,0,1
101172,37,Male,East,73300.0,16,Standard,6,46.37,278.22,26,0,0.704,12,4.42,3,240,0,0,0
101173,26,Male,South,40400.0,54,Premium,8,38.1,304.8,42,0,0.364,10,7.2,1,221,0,0,0
101174,38,Male,North,43300.0,4,Standard,12,39.82,477.84,37,2,0.702,19,10.92,0,208,1,1,1
101175,18,Male,East,40600.0,5,Basic,10,31.81,318.1,53,0,0.486,5,20.83,0,150,0,1,1
101176,29,Female,West,40500.0,10,Premium,9,211.07,1899.63,3,2,0.433,9,8.63,0,867,1,1,1
101177,41,Female,Central,33800.0,96,Standard,5,21.5,107.5,0,0,0.316,5,4.74,1,224,0,1,0
101178,44,Female,West,18800.0,34,Basic,4,22.54,90.16,9,1,0.488,12,13.84,2,325,1,0,0
101179,44,Male,Central,78300.0,16,Standard,4,55.69,222.76,24,0,0.246,14,18.65,2,332,0,1,0
101180,22,Male,East,28700.0,34,Basic,7,12.36,86.52,3,1,0.316,3,4.83,4,73,0,1,0
101181,50,Male,West,49800.0,15,Basic,9,30.62,275.58,5,0,0.221,8,5.6,0,135,0,0,0
101182,29,Male,South,31000.0,26,Standard,8,115.83,926.64,59,0,0.825,11,22.11,0,599,0,1,0
101183,47,Male,Central,76100.0,17,Standard,8,21.08,168.64,37,1,0.298,14,3.39,0,368,0,1,0
101184,39,Female,Central,41100.0,33,Basic,5,22.98,114.9,44,0,0.656,8,1.05,1,154,1,1,0
101185,21,Male,West,39900.0,22,Standard,6,28.65,171.9,87,0,0.614,2,12.57,3,0,1,0,1
101186,35,Male,South,39500.0,16,Standard,7,20.74,145.18,88,2,0.849,6,13.52,0,42,0,0,1
101187,44,Male,South,35100.0,26,Premium,9,63.92,575.28,143,0,0.421,9,14.76,2,713,4,1,1
101188,47,Male,South,68200.0,19,Basic,5,5.61,28.05,20,0,0.32,10,5.06,2,61,0,1,0
101189,37,Non-binary,North,61500.0,19,Basic,4,18.18,72.72,4,0,0.487,5,21.95,1,96,1,0,0
101190,59,Female,North,57400.0,7,Premium,16,151.13,2418.08,4,0,0.326,5,6.6,1,1134,2,1,0
101191,52,Male,South,59800.0,33,Premium,7,36.67,256.69,61,1,0.138,7,14.81,2,85,1,1,0
101192,36,Male,North,46500.0,116,Standard,10,48.17,481.7,5,0,0.501,17,19.62,0,303,0,1,1
101193,49,Female,Central,63700.0,27,Basic,4,55.93,223.72,163,0,0.374,3,10.72,2,277,3,0,1
101194,64,Female,East,99300.0,20,Premium,5,82.9,414.5,49,0,0.68,3,6.4,0,116,1,1,1
101195,64,Female,West,67200.0,20,Standard,3,33.19,99.57,21,0,0.431,6,4.14,1,56,1,1,0
101196,23,Female,South,28100.0,53,Basic,7,43.97,307.79,16,1,0.758,5,11.91,1,102,1,1,0
101197,27,Male,South,34100.0,1,Standard,6,49.96,299.76,197,0,0.316,3,0.7,2,116,2,1,1
101198,58,Female,South,,27,Standard,9,101.55,913.95,13,0,0.064,5,12.97,2,309,0,1,0
101199,25,Female,Central,15000.0,23,Basic,5,50.92,254.6,17,1,0.275,15,10.86,0,451,2,1,0
101200,22,Male,North,,22,Standard,4,75.39,301.56,3,0,0.704,2,10.04,1,50,0,1,0
101201,33,Female,West,49600.0,25,Standard,2,50.32,100.64,74,0,0.337,5,6.92,2,249,0,0,1
101202,44,Male,South,52700.0,11,Premium,11,110.24,1212.64,40,0,0.246,2,,0,510,0,1,0
101203,38,Female,South,46100.0,11,Basic,9,127.05,1143.45,10,0,0.483,8,2.97,1,699,0,1,0
101204,31,Female,North,27800.0,6,Basic,3,31.75,95.25,8,0,0.611,9,16.33,1,346,0,1,1
101205,30,Non-binary,East,42900.0,33,Standard,8,53.68,429.44,5,0,0.507,6,23.01,4,307,0,1,0
101206,30,Male,North,41800.0,2,Standard,2,87.14,174.28,131,0,0.202,8,3.96,1,245,0,0,1
101207,28,Male,Central,44100.0,28,Premium,11,98.53,1083.83,41,0,0.52,12,5.41,1,569,1,1,0
101208,69,Male,North,81000.0,16,Standard,12,56.14,673.68,36,0,0.594,5,9.08,2,355,2,0,1
101209,43,Female,South,57300.0,11,Basic,4,33.79,135.16,54,0,0.452,6,8.23,1,0,1,1,1
101210,51,Male,North,77800.0,26,Basic,3,27.79,83.37,61,1,0.24,6,13.04,0,38,2,1,1
101211,33,Female,Central,50300.0,18,Basic,3,50.0,150.0,6,1,0.166,7,3.04,0,75,0,1,0
101212,37,Female,East,52800.0,26,Standard,3,45.22,135.66,113,1,0.05,5,12.51,1,120,0,1,1
101213,30,Female,East,15000.0,11,Standard,10,61.91,619.1,10,1,0.586,6,10.99,0,210,0,0,0
101214,18,Male,East,42700.0,31,Standard,7,20.24,141.68,4,0,0.619,8,,1,0,0,0,0
101215,21,Female,Central,26700.0,22,Standard,4,61.27,245.08,8,1,0.781,6,3.48,0,269,1,1,1
101216,18,Female,North,29100.0,42,Basic,8,76.06,608.48,47,1,0.668,4,5.05,1,507,1,0,0
101217,18,Female,West,15000.0,7,Premium,6,18.8,112.8,8,0,0.34,6,8.3,2,51,2,1,1
101218,23,Male,West,62000.0,18,Basic,6,30.0,180.0,39,0,0.494,15,7.8,2,4,0,0,1
101219,56,Female,North,29500.0,16,Basic,3,16.15,48.45,0,0,0.488,10,7.59,1,81,1,1,0
101220,38,Male,North,67800.0,36,Basic,7,28.75,201.25,10,0,0.144,7,12.82,3,42,0,1,0
101221,56,Female,East,70100.0,48,Basic,3,27.33,81.99,25,0,0.487,14,10.43,1,140,0,1,1
101222,44,Male,North,26000.0,27,Premium,10,42.22,422.2,85,1,,4,9.64,0,435,1,1,0
101223,49,Female,South,86000.0,22,Standard,8,39.6,316.8,62,0,0.523,6,9.07,0,390,0,1,0
101224,27,Male,South,43700.0,42,Standard,4,109.3,437.2,9,0,0.642,7,4.48,1,42,1,1,0
101225,46,Female,North,21600.0,19,Basic,1,62.77,62.77,57,0,0.236,9,,1,131,0,1,1
101226,48,Female,West,50600.0,68,Basic,1,79.31,79.31,33,0,0.612,0,4.9,1,0,2,0,1
101227,32,Female,East,48800.0,14,Standard,6,32.06,192.36,8,0,0.459,5,2.31,0,64,1,1,0
101228,46,Female,East,78600.0,3,Basic,9,55.3,497.7,51,0,0.202,3,14.19,1,387,1,1,1
101229,46,Female,East,48900.0,7,Basic,4,28.87,115.48,32,0,0.199,11,7.58,1,0,2,1,1
101230,32,Female,South,15000.0,18,Premium,9,119.8,1078.2,14,0,0.665,3,8.22,3,525,0,1,0
101231,24,Male,East,,90,Standard,9,5.0,45.0,84,0,0.479,6,12.35,0,22,0,1,0
101232,24,Male,Central,40700.0,11,Premium,5,82.28,411.4,11,0,0.689,8,4.86,1,242,1,0,0
101233,40,Female,South,17600.0,68,Standard,7,61.93,433.51,21,2,0.222,7,11.39,0,358,3,1,0
101234,43,Female,East,56500.0,27,Standard,5,39.19,195.95,52,1,0.356,7,12.66,1,171,0,0,1
101235,29,Female,West,44700.0,11,Standard,9,35.18,316.62,40,0,0.238,7,21.87,2,32,0,1,1
101236,39,Female,East,43400.0,19,Premium,16,68.34,1093.44,60,1,0.678,8,4.0,2,613,0,0,1
101237,46,Female,South,43000.0,45,Basic,3,5.87,17.61,53,0,0.164,5,1.14,2,0,0,1,1
101238,47,Female,North,47000.0,21,Basic,1,19.08,19.08,81,0,0.508,4,5.15,1,0,0,0,1
101239,59,Female,East,62400.0,11,Standard,7,21.62,151.34,12,1,0.646,2,12.88,0,176,1,1,1
101240,56,Male,West,69100.0,18,Standard,10,100.48,1004.8,0,1,0.525,16,10.41,0,557,1,0,0
101241,26,Male,West,46600.0,51,Standard,6,60.03,360.18,109,0,0.378,5,2.02,1,0,0,1,1
101242,61,Male,West,38800.0,107,Premium,7,157.06,1099.42,11,2,0.446,2,22.82,1,534,0,1,0
101243,32,Female,North,44900.0,43,Premium,8,9.84,78.72,14,1,0.594,8,9.63,1,0,0,0,0
101244,53,Male,West,68100.0,71,Basic,10,21.43,214.3,37,0,0.311,8,20.69,0,107,1,1,0
101245,40,Female,East,51300.0,42,Standard,7,77.85,544.95,20,0,0.123,9,11.07,1,296,0,1,1
101246,34,Female,Central,37500.0,42,Standard,6,26.0,156.0,37,1,0.455,4,5.43,2,0,0,1,1
101247,18,Male,West,47900.0,36,Standard,7,85.09,595.63,19,0,0.204,6,7.79,0,410,0,1,0
101248,37,Female,South,64900.0,32,Standard,11,32.16,353.76,34,0,0.379,13,1.45,3,293,0,0,0
101249,19,Female,West,23800.0,14,Basic,5,100.52,502.6,9,0,0.697,4,5.85,2,344,1,0,0
101250,52,Male,East,59100.0,25,Basic,7,18.08,126.56,3,0,0.497,14,3.34,0,391,0,1,0
101251,59,Male,South,77800.0,43,Standard,4,122.27,489.08,49,1,0.315,10,3.3,0,355,0,0,1
101252,29,Male,East,56400.0,32,Basic,6,44.0,264.0,124,0,0.549,8,1.05,0,300,0,0,1
101253,43,Female,North,40300.0,6,Basic,6,25.01,150.06,20,0,0.403,3,4.48,0,37,2,1,1
101254,30,Female,North,24800.0,51,Basic,9,64.5,580.5,54,1,0.316,7,14.29,0,644,1,0,1
101255,31,Non-binary,West,44200.0,37,Premium,16,56.6,905.6,5,1,0.747,7,5.67,3,414,0,1,0
101256,49,Female,South,41700.0,49,Premium,18,73.66,1325.88,31,2,0.735,4,10.24,0,866,0,1,0
101257,38,Female,West,19800.0,11,Standard,8,84.47,675.76,10,1,0.31,5,3.09,4,81,0,0,1
101258,62,Female,East,58300.0,6,Standard,10,61.11,611.1,13,1,0.272,26,4.9,0,589,0,0,0
101259,33,Male,West,48100.0,21,Basic,5,5.0,25.0,4,0,0.397,13,4.78,1,276,0,0,0
101260,52,Male,West,82100.0,33,Premium,5,67.3,336.5,15,0,0.36,5,4.9,2,116,1,0,0
101261,40,Female,West,39000.0,64,Basic,5,15.0,75.0,41,2,0.143,14,19.79,2,345,1,1,0
101262,49,Male,South,55700.0,30,Standard,6,37.91,227.46,11,0,0.28,6,6.49,1,201,2,0,0
101263,33,Female,Central,44400.0,82,Standard,10,13.14,131.4,57,0,0.493,5,3.78,2,159,0,1,0
101264,38,Male,South,37900.0,18,Basic,3,72.2,216.6,117,1,0.509,9,5.67,1,377,1,1,1
101265,37,Female,West,35900.0,36,Standard,6,14.78,88.68,10,0,0.382,11,27.95,3,272,1,0,1
101266,28,Female,East,42200.0,5,Standard,4,45.5,182.0,93,0,0.287,6,4.3,0,0,0,1,1
101267,48,Female,South,39700.0,45,Standard,8,77.77,622.16,31,0,0.322,3,5.88,4,153,1,0,0
101268,47,Non-binary,East,44800.0,61,Standard,6,25.75,154.5,115,1,0.21,7,8.75,0,182,0,1,1
101269,47,Male,East,52700.0,31,Basic,4,20.94,83.76,22,0,0.719,4,12.42,3,14,1,0,1
101270,59,Male,South,,9,Premium,13,205.22,2667.86,6,4,0.392,9,12.67,0,1294,0,1,1
101271,58,Female,South,44800.0,25,Standard,10,29.63,296.3,48,1,0.232,2,9.72,0,476,0,0,1
101272,34,Female,North,41400.0,17,Standard,4,41.83,167.32,8,0,0.479,3,10.86,0,154,1,1,0
101273,44,Female,Central,34600.0,19,Basic,2,5.0,10.0,28,1,0.635,3,3.44,3,102,1,1,1
101274,31,Female,East,30800.0,25,Standard,5,38.59,192.95,118,1,0.527,9,2.64,1,77,0,1,1
101275,39,Female,North,59000.0,9,Standard,12,69.23,830.76,15,1,0.511,5,12.01,0,350,1,0,1
101276,31,Male,West,39300.0,30,Basic,6,47.5,285.0,136,0,0.279,5,3.7,0,215,0,1,1
101277,60,Male,East,91300.0,18,Basic,5,26.97,134.85,6,0,0.712,5,17.3,1,201,1,1,0
101278,44,Male,West,,34,Standard,5,38.47,192.35,34,0,0.767,5,,5,350,0,0,1
101279,36,Female,East,58700.0,34,Standard,8,68.56,548.48,11,1,0.611,0,12.47,1,444,1,1,0
101280,55,Female,North,74300.0,11,Basic,5,20.96,104.8,39,0,0.567,1,6.17,1,53,0,0,1
101281,18,Male,North,27800.0,20,Premium,8,22.73,181.84,11,0,0.483,12,4.29,0,317,0,1,0
101282,18,Female,West,15000.0,20,Premium,11,63.06,693.66,6,0,0.618,15,4.46,2,471,1,1,0
101283,49,Male,West,56000.0,24,Standard,6,70.32,421.92,48,0,0.476,2,9.71,2,242,0,0,0
101284,40,Male,West,41400.0,56,Basic,5,37.42,187.1,20,0,0.556,9,3.52,1,56,1,0,0
101285,42,Female,North,42800.0,15,Standard,8,115.46,923.68,15,1,0.556,6,5.35,0,577,0,0,0
101286,22,Female,West,34000.0,20,Premium,11,68.18,749.98,8,2,0.065,6,6.08,1,130,1,0,0
101287,39,Male,South,27700.0,34,Basic,5,79.23,396.15,99,1,0.183,3,4.17,0,345,1,1,1
101288,65,Male,West,60400.0,26,Basic,3,31.28,93.84,63,0,0.233,8,2.88,1,0,0,0,1
101289,50,Male,South,44200.0,44,Standard,11,79.13,870.43,44,0,0.358,14,1.9,0,490,1,1,0
101290,41,Male,West,46300.0,33,Basic,3,58.62,175.86,14,1,0.621,0,4.83,2,0,0,0,1
101291,33,Male,Central,31500.0,20,Standard,11,84.49,929.39,36,1,0.338,8,16.66,0,235,1,1,1
101292,34,Female,South,,28,Premium,13,62.91,817.83,63,1,0.49,3,14.73,1,617,1,0,0
101293,18,Male,West,29900.0,52,Basic,8,12.2,97.6,51,0,0.343,5,9.79,0,0,1,1,0
101294,42,Male,East,44600.0,10,Standard,8,40.29,322.32,177,0,0.412,2,1.88,1,40,1,1,1
101295,50,Female,South,58500.0,10,Standard,8,48.7,389.6,5,1,0.361,11,24.98,0,129,0,0,0
101296,19,Female,South,15000.0,12,Standard,8,34.23,273.84,8,1,0.084,5,8.84,1,124,1,1,0
101297,30,Male,West,27800.0,21,Basic,1,24.88,24.88,22,0,0.383,8,4.77,0,311,0,0,0
101298,24,Male,South,62300.0,22,Standard,7,27.35,191.45,0,0,0.372,8,9.49,0,74,0,0,0
101299,26,Female,North,25800.0,57,Standard,7,22.62,158.34,18,0,0.79,12,2.03,0,10,0,1,0
101300,40,Male,Central,19400.0,17,Basic,4,49.61,198.44,50,0,0.482,4,19.26,2,271,1,1,0
101301,18,Male,East,32800.0,7,Premium,7,12.87,90.09,27,0,0.47,3,1.47,1,131,0,0,0
101302,47,Male,West,45600.0,52,Standard,9,21.9,197.1,10,0,0.399,9,22.27,2,123,1,0,0
101303,49,Female,East,60900.0,16,Standard,15,37.82,567.3,37,0,0.302,3,25.98,0,426,0,0,0
101304,36,Female,East,43800.0,40,Standard,10,40.0,400.0,12,0,0.447,7,10.97,0,55,0,0,0
101305,18,Female,West,35700.0,46,Standard,10,60.98,609.8,7,1,0.658,4,6.94,0,291,1,0,0
101306,26,Male,North,34200.0,29,Basic,6,31.73,190.38,39,0,0.468,2,5.82,1,323,0,1,1
101307,55,Male,South,60000.0,24,Standard,5,58.1,290.5,85,0,0.525,8,6.27,1,251,2,1,1
101308,18,Female,East,44100.0,14,Basic,5,42.44,212.2,18,0,0.428,5,4.94,2,94,2,1,0
101309,34,Male,Central,15000.0,13,Basic,6,67.92,407.52,151,0,0.35,14,16.43,2,251,0,1,1
101310,24,Female,South,15100.0,48,Basic,7,39.47,276.29,67,1,0.751,1,7.99,4,0,0,0,1
101311,49,Male,Central,45900.0,32,Standard,5,34.34,171.7,25,1,0.131,8,2.06,3,88,0,0,1
101312,30,Female,West,15700.0,48,Standard,9,173.84,1564.56,131,0,0.576,11,9.64,0,1110,2,1,1
101313,44,Male,East,46000.0,17,Basic,5,63.61,318.05,84,0,0.648,10,22.33,2,196,0,1,1
101314,46,Male,South,46500.0,54,Basic,5,73.98,369.9,70,0,0.746,4,6.58,1,0,0,1,1
101315,63,Male,North,84400.0,67,Premium,6,87.1,522.6,12,0,0.37,5,8.5,2,598,1,1,0
101316,36,Female,East,43900.0,9,Basic,1,32.03,32.03,15,0,0.147,11,4.77,2,0,3,1,1
101317,44,Female,North,49700.0,9,Basic,6,33.38,200.28,0,1,0.339,1,8.75,0,233,0,0,1
101318,20,Female,South,24600.0,42,Premium,10,24.49,244.9,5,0,0.425,7,4.35,1,195,0,0,0
101319,54,Non-binary,South,47500.0,28,Basic,2,20.76,41.52,34,0,0.271,2,6.33,0,8,1,0,1
101320,29,Female,Central,50900.0,21,Basic,8,23.31,186.48,110,0,0.06,9,5.93,0,0,0,1,1
101321,32,Male,South,58200.0,46,Basic,6,17.94,107.64,15,0,0.311,2,3.04,1,0,4,0,0
101322,39,Male,East,31000.0,16,Standard,5,14.29,71.45,10,0,0.195,1,4.72,1,0,0,0,1
101323,19,Female,South,51600.0,16,Standard,12,69.51,834.12,46,2,0.489,5,7.71,0,471,1,1,1
101324,42,Female,North,41400.0,10,Basic,2,21.44,42.88,29,0,,7,12.6,2,0,0,0,1
101325,52,Female,South,49800.0,50,Standard,7,28.74,201.18,7,0,0.324,5,1.36,0,140,0,1,0
101326,43,Male,West,58400.0,8,Basic,3,30.6,91.8,96,0,0.221,0,27.24,0,173,1,1,1
101327,18,Non-binary,East,35900.0,46,Basic,9,30.01,270.09,14,1,0.778,4,19.73,1,37,0,0,0
101328,37,Female,South,,37,Standard,6,47.04,282.24,42,0,0.607,5,42.35,0,230,1,0,0
101329,49,Non-binary,West,52600.0,47,Premium,10,77.19,771.9,197,0,0.563,5,8.77,2,799,0,0,1
101330,18,Female,North,44400.0,11,Standard,10,41.33,413.3,50,0,0.726,6,9.49,0,119,0,1,0
101331,25,Female,West,,24,Standard,5,73.3,366.5,101,0,0.718,8,9.6,3,234,0,1,1
101332,50,Male,North,57400.0,14,Standard,14,103.69,1451.66,2,2,0.148,3,2.59,5,682,1,1,1
101333,43,Male,Central,75500.0,63,Basic,7,21.72,152.04,26,0,0.567,11,5.26,3,379,1,0,0
101334,44,Female,Central,34000.0,27,Standard,9,70.19,631.71,81,0,0.668,13,14.14,0,534,1,0,0
101335,63,Male,West,64300.0,17,Standard,4,88.62,354.48,31,0,0.181,10,14.05,1,383,2,1,0
101336,45,Male,North,68000.0,13,Standard,8,63.44,507.52,25,1,0.241,7,5.38,1,150,0,0,1
101337,48,Male,East,63900.0,29,Standard,7,17.91,125.37,28,1,0.549,13,6.06,3,0,1,0,0
101338,74,Male,West,93700.0,17,Basic,3,63.93,191.79,40,0,0.466,5,2.0,3,24,0,1,1
101339,36,Female,East,26600.0,19,Standard,7,56.81,397.67,17,0,0.647,6,6.57,3,327,1,1,0
101340,29,Female,South,42900.0,23,Standard,9,64.02,576.18,61,0,0.327,9,13.18,0,537,1,1,1
101341,45,Male,East,,87,Standard,3,35.61,106.83,49,0,0.615,8,9.91,1,313,1,0,0
101342,45,Male,North,85500.0,26,Basic,6,21.04,126.24,52,0,0.35,7,4.94,1,35,1,0,1
101343,32,Female,East,52600.0,16,Basic,7,43.77,306.39,77,0,0.151,1,6.51,1,60,1,0,1
101344,26,Female,North,35300.0,26,Standard,6,81.83,490.98,62,0,0.699,6,4.27,2,331,1,1,1
101345,69,Female,East,80500.0,14,Standard,6,40.79,244.74,58,0,0.38,7,9.21,0,104,0,1,1
101346,43,Male,South,52500.0,63,Basic,7,18.89,132.23,143,1,0.522,5,15.0,1,87,1,1,1
101347,29,Female,North,48200.0,41,Standard,5,32.19,160.95,72,0,0.283,3,4.87,1,117,0,1,0
101348,51,Female,North,47400.0,9,Premium,9,37.34,336.06,2,2,0.357,3,15.94,0,451,1,0,1
101349,38,Female,Central,66100.0,40,Basic,5,16.25,81.25,54,0,0.675,11,6.83,1,267,2,0,1
101350,36,Male,East,26600.0,29,Standard,5,33.02,165.1,8,2,0.097,3,5.25,0,4,0,1,0
101351,46,Male,East,57500.0,36,Basic,6,24.85,149.1,120,0,0.387,6,17.31,2,0,1,1,1
101352,22,Female,West,20300.0,51,Basic,6,27.59,165.54,275,0,0.706,5,23.08,1,120,1,1,1
101353,44,Female,East,53300.0,11,Standard,8,44.24,353.92,82,0,0.142,8,11.0,1,292,3,1,1
101354,64,Female,South,85500.0,23,Basic,6,40.5,243.0,22,0,0.473,11,13.97,1,293,1,0,0
101355,45,Male,East,29700.0,34,Standard,6,39.73,238.38,45,0,0.684,8,11.24,0,358,0,0,0
101356,34,Male,South,40800.0,47,Standard,7,31.13,217.91,2,0,0.3,5,13.25,1,96,1,0,0
101357,32,Male,East,21100.0,39,Basic,7,15.5,108.5,57,0,0.545,17,3.03,1,241,0,0,0
101358,34,Male,North,39300.0,23,Basic,7,23.86,167.02,38,1,0.456,8,11.89,1,0,2,1,0
101359,36,Female,Central,24900.0,49,Premium,9,36.16,325.44,47,0,0.728,18,15.22,0,404,0,1,0
101360,34,Female,East,45500.0,21,Premium,12,117.72,1412.64,60,1,0.319,6,1.62,1,916,0,0,1
101361,51,Female,South,53400.0,19,Basic,3,59.14,177.42,62,0,0.487,10,11.35,1,235,1,1,1
101362,18,Female,East,38500.0,4,Premium,15,203.15,3047.25,62,0,0.564,15,6.65,0,1790,0,1,0
101363,50,Female,North,75600.0,10,Premium,6,16.85,101.1,69,0,0.438,7,6.48,1,0,0,1,1
101364,34,Male,South,43300.0,22,Basic,6,39.43,236.58,37,0,,7,2.21,0,90,1,1,1
101365,44,Female,Central,65200.0,10,Standard,4,85.61,342.44,53,0,0.318,1,3.93,2,59,2,0,1
101366,24,Male,West,53100.0,6,Basic,5,22.97,114.85,34,0,0.679,3,9.15,1,75,0,1,1
101367,56,Female,West,51200.0,12,Basic,5,5.0,25.0,3,0,0.352,3,3.07,0,324,2,0,1
101368,55,Female,East,83200.0,67,Basic,9,59.06,531.54,65,2,0.66,4,22.91,0,319,0,0,1
101369,51,Male,South,58800.0,8,Basic,12,33.75,405.0,15,2,0.612,11,3.7,0,332,1,0,1
101370,19,Female,North,15300.0,9,Standard,9,30.53,274.77,91,0,0.537,8,9.11,1,168,2,0,1
101371,50,Female,East,62600.0,45,Basic,9,76.71,690.39,161,0,0.386,6,14.42,1,362,2,1,1
101372,44,Female,East,51700.0,34,Basic,6,21.35,128.1,66,0,0.65,9,9.97,0,98,1,0,1
101373,18,Male,North,15000.0,24,Premium,15,167.33,2509.95,133,1,0.834,5,4.36,1,1067,1,1,1
101374,39,Female,North,32500.0,43,Standard,5,13.14,65.7,8,0,0.713,7,9.89,2,65,1,0,0
101375,44,Male,North,75600.0,27,Standard,8,18.22,145.76,17,0,0.157,6,11.42,0,0,0,1,0
101376,46,Non-binary,South,58500.0,1,Basic,6,45.29,271.74,1,1,0.147,2,4.31,1,0,0,0,1
101377,41,Male,North,70600.0,15,Standard,9,103.71,933.39,48,0,,6,6.19,0,410,1,1,0
101378,43,Female,South,,98,Basic,2,24.43,48.86,28,0,,3,10.18,2,147,0,1,0
101379,58,Male,East,54800.0,27,Standard,8,39.39,315.12,63,0,0.143,5,5.87,4,228,0,1,0
101380,55,Female,South,39600.0,53,Standard,7,47.3,331.1,12,0,0.545,3,37.43,0,409,2,0,0
101381,18,Male,North,41600.0,56,Basic,8,72.13,577.04,207,0,0.659,7,9.48,2,288,0,1,1
101382,35,Male,East,49900.0,38,Standard,2,122.97,245.94,19,0,0.091,3,7.86,0,69,0,1,0
101383,37,Female,West,40300.0,24,Standard,5,51.58,257.9,17,0,,6,3.36,1,0,0,1,0
101384,18,Female,South,16900.0,13,Basic,6,30.46,182.76,73,1,0.161,11,15.4,0,200,1,0,1
101385,40,Male,South,64700.0,8,Basic,4,28.25,113.0,16,0,0.347,17,3.96,0,100,2,1,0
101386,55,Male,East,60700.0,55,Basic,4,15.25,61.0,56,0,0.15,17,9.68,0,0,0,1,0
101387,25,Male,South,32300.0,32,Premium,6,96.51,579.06,18,2,0.676,5,9.9,1,293,1,1,0
101388,43,Female,South,43300.0,33,Premium,10,74.81,748.1,25,0,,9,5.01,1,945,0,1,0
101389,27,Male,South,,38,Basic,3,46.33,138.99,10,0,0.639,6,5.23,1,88,0,1,0
101390,30,Male,South,47100.0,19,Basic,7,31.46,220.22,25,0,0.549,1,5.25,1,0,1,1,1
101391,58,Male,West,46200.0,48,Basic,6,41.28,247.68,40,0,0.231,11,4.52,1,190,1,1,0
101392,32,Female,West,42400.0,28,Standard,6,53.61,321.66,49,2,0.254,6,24.08,1,364,0,0,1
101393,45,Male,South,67000.0,21,Basic,5,54.64,273.2,93,0,0.592,3,3.55,1,170,0,0,1
101394,18,Male,South,26800.0,33,Premium,7,98.02,686.14,45,0,0.176,2,12.32,1,506,1,1,0
101395,63,Female,Central,85500.0,49,Basic,7,6.32,44.24,5,0,0.493,12,14.79,0,371,0,1,0
101396,47,Female,East,74300.0,20,Standard,7,20.35,142.45,10,0,0.377,1,1.74,1,112,0,1,0
101397,37,Female,Central,58700.0,97,Basic,2,15.41,30.82,0,0,0.374,9,4.22,1,0,1,1,0
101398,46,Female,West,47100.0,8,Basic,4,14.01,56.04,28,0,0.052,0,26.38,0,170,0,1,1
101399,21,Male,South,30400.0,36,Basic,8,5.27,42.16,42,0,0.53,11,3.53,1,31,0,0,1
101400,54,Female,South,67000.0,14,Basic,4,16.21,64.84,117,0,0.428,5,6.5,1,53,0,1,1
101401,35,Male,North,37600.0,28,Premium,10,105.84,1058.4,14,1,0.483,8,2.18,0,546,0,1,0
101402,36,Female,West,38100.0,42,Standard,8,66.92,535.36,91,1,0.626,5,13.07,0,224,0,0,0
101403,33,Male,South,34400.0,120,Standard,4,81.94,327.76,38,0,0.656,6,6.26,1,411,0,1,0
101404,31,Male,West,76000.0,5,Basic,4,7.94,31.76,54,0,0.368,7,11.35,1,222,0,1,1
101405,48,Male,East,52700.0,11,Basic,1,63.98,63.98,34,0,0.62,9,20.86,1,0,0,0,1
101406,42,Male,West,65800.0,37,Premium,8,19.17,153.36,81,0,0.348,8,11.92,2,61,0,1,1
101407,47,Female,West,43400.0,50,Basic,8,14.34,114.72,63,1,0.21,5,7.9,1,91,0,1,0
101408,39,Male,North,71800.0,18,Standard,5,16.72,83.6,17,1,0.424,10,2.66,2,192,2,0,0
101409,46,Male,South,49300.0,10,Premium,12,61.39,736.68,43,0,0.43,13,3.34,1,472,2,1,0
101410,34,Female,East,43900.0,38,Standard,6,87.17,523.02,2,0,0.651,9,35.85,0,533,0,1,0
101411,68,Non-binary,West,49800.0,16,Basic,7,22.44,157.08,4,0,0.688,7,7.75,1,0,0,0,0
101412,19,Female,West,44600.0,60,Basic,4,39.26,157.04,106,1,0.801,1,6.61,0,234,0,1,1
101413,55,Male,East,81800.0,35,Basic,3,17.41,52.23,42,1,0.406,11,44.31,0,421,1,1,0
101414,57,Female,West,,37,Basic,3,19.09,57.27,20,0,0.556,6,1.83,0,102,0,1,0
101415,28,Male,South,,55,Standard,4,79.45,317.8,3,0,0.291,23,0.91,1,381,0,1,0
101416,68,Female,North,56800.0,83,Premium,11,210.99,2320.89,21,0,0.16,6,4.44,3,761,3,1,0
101417,52,Female,Central,69100.0,12,Standard,6,62.79,376.74,79,0,0.627,9,10.05,1,127,0,0,1
101418,52,Female,East,56300.0,21,Basic,6,30.39,182.34,48,1,0.145,1,9.5,6,0,0,0,1
101419,39,Non-binary,West,66700.0,60,Basic,4,62.78,251.12,83,0,0.271,2,5.69,0,225,0,1,0
101420,36,Female,South,48600.0,27,Basic,1,59.01,59.01,16,0,0.07,4,6.72,0,267,0,0,1
101421,36,Male,East,58100.0,17,Premium,10,92.08,920.8,33,0,0.675,3,4.36,0,346,0,0,0
101422,44,Male,South,70000.0,25,Basic,7,16.37,114.59,18,1,0.385,5,5.11,0,0,0,1,0
101423,57,Male,South,61000.0,79,Standard,2,8.21,16.42,6,0,0.256,7,12.38,0,196,1,1,0
101424,41,Female,North,49400.0,26,Premium,8,39.96,319.68,47,0,0.251,11,3.31,0,129,1,1,0
101425,27,Male,West,,40,Premium,12,128.93,1547.16,139,1,0.687,10,14.7,2,787,1,1,1
101426,50,Male,South,54200.0,21,Basic,3,44.12,132.36,13,0,0.718,10,4.54,2,177,4,0,1
101427,51,Female,South,86300.0,7,Premium,6,62.01,372.06,19,0,0.184,9,5.49,2,404,0,0,1
101428,48,Female,South,67100.0,49,Basic,2,27.93,55.86,30,0,0.338,3,15.24,1,12,2,1,1
101429,49,Male,South,42800.0,21,Premium,9,27.73,249.57,39,1,0.269,9,3.41,2,173,0,0,1
101430,35,Female,East,67000.0,53,Basic,5,19.79,98.95,9,1,0.412,8,10.39,0,71,1,1,0
101431,27,Female,West,42000.0,39,Basic,6,16.35,98.1,4,2,0.379,5,9.89,1,0,0,1,0
101432,28,Female,West,49100.0,33,Standard,10,11.61,116.1,167,0,0.447,5,6.67,1,365,2,0,1
101433,18,Male,South,34900.0,63,Standard,2,24.46,48.92,43,0,0.386,19,15.28,1,305,0,1,0
101434,42,Male,East,56700.0,21,Premium,13,39.62,515.06,78,0,0.257,7,8.15,1,100,1,0,0
101435,38,Male,North,19000.0,48,Basic,7,21.06,147.42,51,1,0.812,12,4.87,1,0,2,1,1
101436,33,Male,East,57700.0,26,Basic,4,50.74,202.96,79,0,0.326,5,9.98,2,268,0,0,1
101437,18,Female,Central,15000.0,20,Standard,9,47.57,428.13,16,0,0.591,2,11.48,1,153,1,1,0
101438,23,Female,East,47000.0,37,Standard,11,51.92,571.12,24,2,0.176,10,2.58,1,216,0,0,1
101439,54,Female,Central,63600.0,18,Basic,3,33.11,99.33,17,0,0.355,7,8.12,2,42,2,1,1
101440,30,Female,North,51100.0,22,Standard,4,89.65,358.6,6,0,0.589,15,0.5,0,118,1,1,0
101441,44,Female,West,54900.0,30,Basic,4,37.43,149.72,34,1,0.178,1,8.48,1,64,1,1,1
101442,21,Male,West,,61,Basic,3,97.8,293.4,45,0,0.628,10,2.8,0,163,0,0,0
101443,58,Female,West,66200.0,65,Basic,5,27.61,138.05,42,0,0.643,14,,2,77,1,0,0
101444,37,Female,West,50000.0,11,Basic,6,43.5,261.0,40,0,0.333,8,6.82,2,208,1,1,1
101445,43,Female,North,57400.0,19,Basic,5,117.5,587.5,104,0,0.861,2,5.25,0,299,0,1,1
101446,69,Female,West,102800.0,43,Standard,7,31.31,219.17,19,0,0.324,16,9.29,1,335,1,0,0
101447,59,Female,East,75400.0,17,Basic,6,39.27,235.62,55,0,0.152,10,2.19,1,179,2,1,0
101448,35,Female,East,25700.0,19,Basic,13,28.64,372.32,68,0,0.823,10,7.0,0,259,2,1,1
101449,31,Female,North,32500.0,25,Standard,4,60.75,243.0,50,0,0.277,8,16.83,5,210,0,0,1
101450,35,Male,North,52500.0,41,Standard,5,47.95,239.75,27,0,0.246,5,11.48,1,50,0,1,0
101451,46,Male,Central,72200.0,32,Premium,9,158.84,1429.56,12,1,0.531,10,15.86,4,687,0,1,0
101452,38,Male,South,36900.0,66,Standard,6,108.52,651.12,86,1,0.564,10,2.0,0,189,0,1,1
101453,34,Male,South,74600.0,30,Standard,13,36.58,475.54,63,0,0.3,1,4.49,1,548,0,0,1
101454,58,Male,North,68500.0,33,Basic,2,41.35,82.7,14,0,0.39,6,2.68,0,0,0,0,0
101455,38,Male,East,52900.0,26,Standard,1,66.4,66.4,21,0,0.618,6,10.69,0,128,0,1,0
101456,69,Male,West,58900.0,36,Standard,11,36.46,401.06,59,0,0.485,5,15.59,1,173,0,0,0
101457,40,Male,Central,64500.0,20,Basic,7,44.84,313.88,67,1,0.239,6,5.02,0,310,0,0,1
101458,62,Female,East,63600.0,37,Premium,13,145.82,1895.66,28,0,0.333,5,7.63,0,1062,0,1,0
101459,44,Female,South,42300.0,17,Standard,8,64.84,518.72,32,0,0.503,12,7.38,1,749,1,1,0
101460,52,Female,North,55900.0,58,Basic,4,37.19,148.76,26,2,0.346,1,11.92,2,90,1,0,0
101461,30,Female,South,58800.0,27,Premium,8,78.25,626.0,80,0,0.4,8,17.91,2,586,0,1,1
101462,28,Male,East,44000.0,74,Premium,7,184.42,1290.94,115,0,0.678,6,1.89,2,661,0,0,1
101463,45,Female,Central,41200.0,57,Basic,7,30.96,216.72,49,2,0.657,7,7.59,3,0,1,1,1
101464,52,Male,North,52900.0,33,Standard,8,75.87,606.96,49,0,0.093,4,4.56,2,545,0,1,1
101465,40,Male,South,68600.0,44,Premium,16,54.79,876.64,99,0,0.344,1,3.42,1,394,2,1,1
101466,22,Male,West,28500.0,37,Standard,4,7.02,28.08,30,0,0.412,2,11.22,1,45,0,1,0
101467,21,Female,East,38700.0,11,Premium,15,50.51,757.65,29,0,0.259,3,17.6,2,473,0,0,0
101468,20,Female,West,41200.0,32,Basic,9,30.17,271.53,50,0,0.574,9,25.02,1,320,1,0,1
101469,18,Female,East,15000.0,31,Premium,9,92.65,833.85,2,1,0.616,26,7.48,3,732,0,1,0
101470,40,Non-binary,South,66600.0,26,Standard,1,113.18,113.18,1,0,0.469,7,27.45,1,272,1,0,0
101471,54,Male,East,50300.0,39,Basic,3,32.58,97.74,94,0,0.528,16,7.37,3,44,0,0,1
101472,39,Male,South,42900.0,33,Basic,8,41.64,333.12,60,0,0.579,8,17.8,1,295,0,1,1
101473,18,Male,West,49600.0,35,Standard,5,91.63,458.15,90,1,0.366,5,17.84,1,9,1,1,1
101474,37,Male,North,66300.0,71,Basic,4,61.03,244.12,72,1,0.458,2,22.87,3,225,0,1,1
101475,37,Male,East,52900.0,30,Basic,6,55.13,330.78,13,1,0.397,11,4.0,0,215,0,0,0
101476,66,Female,Central,83800.0,49,Basic,4,36.38,145.52,134,0,0.189,0,6.59,0,231,1,1,1
101477,20,Female,East,43600.0,27,Basic,5,42.01,210.05,11,0,0.126,13,10.65,5,334,2,0,0
101478,34,Female,South,63200.0,72,Basic,9,56.62,509.58,39,0,0.264,17,5.44,2,222,0,1,0
101479,61,Male,Central,90700.0,43,Standard,10,22.09,220.9,34,1,0.262,2,4.88,1,0,1,1,1
101480,45,Male,South,55200.0,33,Standard,12,46.46,557.52,44,0,0.369,22,6.49,0,272,0,1,0
101481,46,Male,West,44300.0,18,Basic,7,25.0,175.0,109,1,0.273,5,7.22,1,0,1,1,1
101482,40,Male,North,,73,Standard,4,17.97,71.88,8,0,0.38,7,3.24,0,0,0,1,0
101483,43,Male,Central,53500.0,55,Basic,5,27.69,138.45,88,0,0.707,15,4.11,2,349,0,1,1
101484,49,Female,North,,17,Premium,11,158.67,1745.37,90,0,0.232,6,11.1,1,919,1,1,1
101485,28,Female,South,23300.0,8,Premium,8,146.69,1173.52,27,0,0.104,4,11.95,1,604,0,0,1
101486,50,Male,Central,64500.0,24,Premium,9,35.11,315.99,59,0,0.239,19,1.16,2,438,1,1,0
101487,21,Male,East,15000.0,14,Basic,2,32.14,64.28,4,1,0.395,4,9.79,0,237,1,1,0
101488,43,Male,South,52900.0,25,Premium,11,11.27,123.97,37,1,0.837,6,7.84,1,7,0,0,0
101489,41,Female,North,51900.0,47,Standard,8,97.32,778.56,38,0,0.468,18,9.0,1,740,0,0,0
101490,31,Non-binary,North,42000.0,54,Standard,4,78.68,314.72,120,0,0.282,2,4.94,0,252,1,1,1
101491,39,Male,South,59900.0,8,Premium,2,99.2,198.4,2,0,0.723,6,11.81,1,49,0,1,0
101492,31,Male,East,50400.0,10,Basic,4,55.95,223.8,2,0,0.282,6,0.84,0,95,1,0,0
101493,25,Female,East,65800.0,14,Standard,9,47.26,425.34,61,1,0.127,8,7.3,1,378,0,1,1
101494,34,Male,Central,36000.0,32,Basic,3,16.86,50.58,20,0,0.18,6,8.86,3,279,1,1,1
101495,25,Male,West,38600.0,57,Basic,4,41.35,165.4,18,0,0.474,10,10.06,2,167,0,1,0
101496,43,Male,Central,54800.0,27,Premium,10,157.46,1574.6,37,1,,5,10.71,3,676,0,1,0
101497,24,Male,East,36100.0,7,Standard,6,49.56,297.36,18,0,0.758,12,,0,199,0,1,0
101498,48,Male,South,38800.0,35,Standard,6,23.53,141.18,41,0,0.501,16,12.47,2,357,0,1,0
101499,24,Male,East,17100.0,21,Basic,3,26.63,79.89,22,0,0.178,7,6.04,0,0,0,1,0
101500,32,Male,South,41400.0,21,Premium,13,140.72,1829.36,35,1,0.395,0,10.21,1,1002,1,1,0
101501,31,Female,North,18300.0,32,Standard,5,61.38,306.9,2,1,0.72,4,1.3,1,0,1,0,0
101502,56,Female,West,59400.0,40,Basic,6,18.62,111.72,20,0,0.516,7,0.86,0,62,0,1,0
101503,43,Female,West,42700.0,53,Basic,3,67.8,203.4,134,0,0.348,3,4.38,4,43,1,1,1
101504,36,Male,South,40900.0,58,Basic,4,21.0,84.0,25,0,0.476,7,5.17,1,175,1,1,0
101505,45,Female,South,69500.0,48,Standard,11,20.41,224.51,54,0,0.109,3,16.29,0,174,0,1,0
101506,18,Female,South,15000.0,45,Basic,7,25.28,176.96,38,0,0.217,10,,0,81,0,0,0
101507,38,Male,East,59200.0,10,Basic,8,24.09,192.72,92,0,0.491,12,4.36,2,349,1,0,1
101508,65,Male,South,64700.0,43,Basic,9,77.34,696.06,78,1,0.645,13,2.63,0,397,1,1,1
101509,41,Female,Central,43600.0,26,Basic,2,37.47,74.94,49,0,0.502,19,3.67,1,103,0,0,1
101510,40,Female,East,55400.0,57,Standard,5,9.65,48.25,17,0,0.244,12,9.45,2,105,1,1,0
101511,46,Male,South,50800.0,20,Premium,10,118.75,1187.5,130,0,0.541,5,5.53,0,638,1,1,1
101512,51,Female,West,46900.0,24,Premium,11,90.15,991.65,50,0,0.601,6,12.64,2,413,0,1,0
101513,18,Female,Central,22800.0,18,Premium,12,39.04,468.48,2,1,0.814,14,11.08,1,60,1,1,1
101514,18,Female,West,15000.0,20,Standard,4,14.43,57.72,4,0,0.493,7,3.51,0,21,1,0,0
101515,42,Female,East,56100.0,65,Premium,9,157.3,1415.7,24,1,0.357,10,14.37,2,971,0,0,0
101516,30,Male,South,15000.0,18,Basic,8,17.85,142.8,26,1,0.687,3,12.25,1,90,0,1,0
101517,56,Female,West,76500.0,30,Basic,16,56.17,898.72,37,0,0.302,5,21.35,1,494,0,0,0
101518,35,Male,West,52800.0,20,Premium,13,77.01,1001.13,148,1,0.607,7,5.51,0,783,0,1,1
101519,18,Female,Central,50400.0,30,Standard,12,14.56,174.72,18,1,0.63,0,2.13,0,64,4,1,0
101520,23,Female,South,63300.0,35,Basic,4,54.3,217.2,21,0,0.124,11,27.13,0,164,0,1,0
101521,18,Female,West,41100.0,42,Basic,4,35.99,143.96,53,1,0.731,16,11.01,3,54,2,1,1
101522,36,Male,South,36300.0,28,Basic,2,6.49,12.98,3,0,0.504,9,4.12,1,62,0,1,0
101523,37,Female,North,76500.0,69,Basic,9,24.65,221.85,107,0,0.293,7,18.01,1,311,0,1,1
101524,33,Female,South,25500.0,8,Premium,8,23.43,187.44,5,0,0.236,0,4.4,0,480,0,0,0
101525,53,Female,North,34600.0,18,Basic,6,49.4,296.4,2,1,0.491,7,5.5,1,424,0,1,0
101526,55,Male,East,89100.0,17,Standard,11,30.66,337.26,74,0,0.678,22,13.44,1,239,1,0,1
101527,37,Female,South,54500.0,14,Basic,4,16.39,65.56,22,0,0.471,13,2.95,2,247,1,0,0
101528,18,Male,West,15000.0,40,Standard,4,31.83,127.32,34,1,0.688,10,4.8,1,0,1,1,0
101529,47,Male,East,36600.0,17,Standard,5,43.49,217.45,62,0,0.155,9,5.46,1,237,1,1,1
101530,46,Male,North,62300.0,2,Basic,7,28.54,199.78,20,0,0.356,8,5.3,4,0,0,0,1
101531,43,Male,West,39600.0,33,Basic,6,41.36,248.16,18,0,0.175,3,12.42,2,355,0,1,0
101532,52,Female,North,50100.0,70,Basic,7,16.56,115.92,51,0,0.46,7,6.8,2,171,1,1,0
101533,24,Male,North,61200.0,3,Standard,3,29.59,88.77,50,0,0.409,5,4.73,0,0,1,1,0
101534,65,Male,Central,102700.0,39,Basic,4,75.98,303.92,8,0,0.297,18,,1,238,0,0,0
101535,27,Female,North,38600.0,51,Standard,4,62.1,248.4,55,0,0.284,13,12.05,0,417,1,0,0
101536,49,Male,South,55300.0,19,Basic,8,14.04,112.32,56,0,0.525,7,9.5,4,0,2,1,1
101537,18,Female,East,40600.0,35,Premium,11,77.84,856.24,63,0,0.157,6,9.52,1,152,0,1,0
101538,27,Male,South,28700.0,1,Standard,8,36.54,292.32,102,0,0.369,2,13.56,0,98,1,1,1
101539,59,Male,South,35700.0,31,Standard,9,11.18,100.62,45,0,0.358,11,5.49,0,0,1,1,0
101540,36,Male,West,15000.0,42,Basic,3,51.54,154.62,52,1,0.331,10,7.6,0,162,0,1,1
101541,50,Female,East,57400.0,21,Basic,8,36.19,289.52,85,1,0.51,11,10.48,1,465,1,1,1
101542,42,Male,East,63100.0,21,Basic,4,37.66,150.64,10,0,0.396,12,4.77,4,42,0,0,0
101543,38,Male,Central,47200.0,36,Basic,6,59.76,358.56,3,0,0.463,5,6.52,2,387,0,1,0
101544,57,Female,North,76400.0,28,Basic,4,39.05,156.2,40,0,0.453,12,6.13,1,194,0,0,1
101545,36,Male,East,57800.0,55,Standard,5,168.64,843.2,27,1,0.441,10,3.25,1,535,0,0,0
101546,18,Male,South,47400.0,30,Premium,14,45.5,637.0,54,1,0.538,7,11.74,2,144,4,1,1
101547,29,Male,North,41100.0,37,Basic,3,18.02,54.06,53,0,0.441,6,15.18,0,222,0,0,1
101548,46,Non-binary,Central,58500.0,21,Premium,12,102.22,1226.64,29,0,0.359,2,9.54,0,611,1,1,1
101549,44,Female,West,52200.0,21,Basic,5,56.19,280.95,10,0,0.166,3,13.14,0,0,2,1,0
101550,19,Female,North,25300.0,46,Basic,3,24.59,73.77,32,1,0.709,10,10.46,2,0,2,1,1
101551,30,Female,South,17400.0,49,Basic,4,66.81,267.24,61,0,0.32,11,14.61,2,245,2,1,0
101552,31,Female,South,56800.0,10,Basic,9,16.35,147.15,34,0,0.519,10,13.68,1,0,1,1,0
101553,34,Female,West,37800.0,25,Standard,7,5.0,35.0,5,0,0.478,11,1.61,0,41,1,0,0
101554,21,Male,South,24700.0,37,Basic,3,42.36,127.08,6,1,0.228,17,9.73,3,362,2,1,1
101555,31,Female,Central,32800.0,3,Standard,6,18.23,109.38,34,1,0.233,11,3.93,1,53,1,1,1
101556,30,Male,North,20600.0,24,Standard,7,6.28,43.96,17,0,0.389,1,0.78,1,0,1,0,0
101557,49,Female,South,56300.0,90,Basic,10,27.72,277.2,5,1,0.465,14,18.61,0,354,2,1,0
101558,50,Female,Central,65600.0,15,Basic,5,31.02,155.1,12,0,0.543,4,7.99,0,77,1,1,0
101559,37,Male,Central,36200.0,14,Premium,9,110.66,995.94,45,0,0.099,10,11.73,4,645,0,1,1
101560,34,Male,South,57700.0,27,Basic,4,24.35,97.4,8,0,0.102,1,10.48,2,62,0,0,1
101561,41,Female,East,44700.0,28,Standard,6,99.29,595.74,160,0,0.188,9,5.89,0,194,0,1,1
101562,28,Male,Central,16000.0,23,Standard,4,80.17,320.68,9,0,0.471,2,8.29,2,0,1,1,0
101563,24,Male,West,52900.0,50,Standard,5,49.32,246.6,13,0,0.374,8,5.23,0,60,2,1,0
101564,27,Female,East,39300.0,6,Basic,5,11.09,55.45,145,1,0.476,8,3.2,2,49,0,1,1
101565,31,Female,West,52400.0,14,Premium,5,27.8,139.0,31,1,0.687,7,9.78,1,175,1,0,0
101566,24,Male,Central,46100.0,25,Basic,3,29.44,88.32,59,0,0.229,4,21.59,1,290,1,1,1
101567,41,Female,East,36600.0,57,Standard,11,70.59,776.49,20,0,0.209,5,5.28,0,318,1,1,0
101568,48,Male,North,49200.0,18,Standard,6,85.48,512.88,26,0,0.324,6,3.51,0,104,0,0,0
101569,18,Male,East,42500.0,13,Premium,18,113.93,2050.74,55,1,0.432,9,14.35,1,850,0,0,1
101570,39,Female,West,73600.0,4,Standard,7,82.69,578.83,57,1,0.43,20,14.86,1,257,0,1,1
101571,36,Male,East,46000.0,12,Standard,5,32.05,160.25,10,1,0.485,12,4.81,3,103,1,1,0
101572,43,Female,South,43000.0,5,Premium,12,11.47,137.64,18,2,0.677,2,3.28,2,300,0,0,1
101573,39,Female,West,71500.0,17,Basic,10,25.71,257.1,23,0,0.464,11,19.3,1,56,1,1,0
101574,20,Female,South,21100.0,40,Standard,2,81.53,163.06,1,0,0.509,11,7.46,1,0,1,1,0
101575,23,Female,Central,37400.0,35,Standard,3,23.44,70.32,76,0,0.788,7,10.88,0,286,0,0,1
101576,39,Female,South,42000.0,41,Basic,8,30.73,245.84,44,1,0.317,8,3.16,2,214,1,1,1
101577,52,Female,West,64100.0,10,Basic,3,9.6,28.8,28,1,0.295,10,2.5,1,56,0,0,1
101578,18,Male,East,15000.0,7,Standard,10,38.57,385.7,71,0,0.313,12,10.94,0,431,0,0,1
101579,43,Female,North,46500.0,34,Basic,4,53.76,215.04,83,0,0.531,11,19.52,0,16,0,1,1
101580,54,Female,East,53400.0,47,Premium,8,44.58,356.64,43,0,0.753,3,10.2,0,144,1,1,0
101581,37,Male,North,55300.0,27,Standard,7,18.97,132.79,25,0,0.091,2,13.37,0,92,1,1,0
101582,46,Female,West,56900.0,36,Standard,10,49.24,492.4,22,0,0.528,5,5.75,2,365,0,1,0
101583,30,Male,West,51700.0,26,Basic,9,20.45,184.05,27,0,0.104,6,8.99,1,177,1,1,0
101584,37,Male,North,34500.0,19,Premium,8,50.57,404.56,2,0,0.258,3,10.9,1,317,1,0,0
101585,18,Female,East,25100.0,22,Premium,8,37.31,298.48,75,1,0.385,8,16.14,3,120,0,0,1
101586,18,Female,Central,36800.0,47,Standard,5,10.07,50.35,55,2,0.532,4,1.26,1,0,0,0,1
101587,51,Female,South,71400.0,25,Basic,5,30.35,151.75,41,0,0.269,10,7.55,0,336,0,1,0
101588,26,Female,Central,15400.0,46,Standard,7,39.49,276.43,66,0,0.263,19,24.01,0,521,0,0,0
101589,33,Male,North,46700.0,30,Basic,2,7.44,14.88,75,0,0.371,6,4.26,0,0,0,1,1
101590,21,Male,North,19500.0,17,Basic,5,51.21,256.05,32,0,0.35,1,5.61,0,124,1,1,0
101591,21,Male,East,43600.0,37,Basic,7,46.37,324.59,34,0,0.559,9,2.29,2,239,0,1,0
101592,37,Female,South,72100.0,26,Basic,3,13.89,41.67,14,0,0.257,9,15.22,1,24,1,0,0
101593,30,Male,Central,15000.0,54,Premium,9,187.69,1689.21,6,2,0.458,5,22.83,2,798,1,1,0
101594,44,Female,West,43500.0,14,Standard,7,81.1,567.7,20,0,0.278,8,3.67,0,592,0,1,0
101595,45,Male,West,57300.0,5,Standard,8,40.0,320.0,14,0,,6,1.88,2,62,1,1,1
101596,43,Male,West,51700.0,40,Standard,9,28.95,260.55,91,0,0.218,9,15.25,1,148,0,1,1
101597,42,Female,West,64000.0,61,Basic,6,58.47,350.82,42,0,0.046,18,3.67,0,134,0,0,1
101598,60,Female,West,69000.0,47,Premium,8,23.47,187.76,92,0,0.396,8,23.58,1,0,0,0,1
101599,25,Female,West,27200.0,64,Standard,11,20.41,224.51,5,1,0.503,2,19.85,0,72,1,0,0
101600,38,Male,West,32700.0,73,Basic,1,32.96,32.96,23,1,0.494,1,5.58,2,226,0,0,1
101601,54,Female,East,45600.0,24,Standard,10,47.69,476.9,79,0,0.552,2,10.54,0,431,0,0,1
101602,55,Male,South,52800.0,12,Standard,5,139.26,696.3,2,0,0.347,1,2.04,1,347,1,0,0
101603,21,Male,East,22900.0,2,Standard,6,59.76,358.56,5,1,0.481,2,13.53,3,148,0,1,1
101604,35,Female,South,49500.0,5,Basic,3,26.42,79.26,50,0,0.314,4,1.43,1,0,0,1,1
101605,57,Male,South,62900.0,39,Standard,5,36.18,180.9,51,0,0.32,9,7.69,4,164,0,1,1
101606,46,Female,South,45500.0,6,Basic,8,30.15,241.2,76,1,0.445,5,4.42,1,47,0,1,1
101607,42,Female,South,36700.0,32,Standard,9,11.06,99.54,7,0,0.469,8,2.77,0,197,1,1,0
101608,36,Male,North,35300.0,40,Standard,5,52.62,263.1,6,0,0.394,8,2.7,1,52,0,1,0
101609,34,Female,West,35300.0,28,Standard,2,35.63,71.26,23,0,0.128,9,13.42,1,164,1,0,0
101610,43,Male,West,41300.0,21,Standard,6,100.49,602.94,15,0,0.433,9,8.46,1,539,0,1,0
101611,36,Non-binary,South,54500.0,14,Premium,10,42.08,420.8,38,2,0.028,4,8.58,1,371,0,1,1
101612,38,Female,Central,66200.0,67,Basic,7,90.1,630.7,43,0,0.831,4,2.07,0,193,1,1,0
101613,40,Male,Central,32400.0,2,Standard,6,12.85,77.1,26,1,0.679,8,10.79,1,67,0,1,0
101614,30,Female,Central,55100.0,14,Standard,6,19.87,119.22,55,0,0.329,18,9.26,1,433,2,1,0
101615,46,Male,North,,21,Standard,9,27.71,249.39,33,1,0.464,11,10.33,0,208,0,0,0
101616,77,Non-binary,South,86600.0,19,Standard,6,12.7,76.2,33,0,0.672,10,22.5,1,135,0,1,0
101617,18,Male,South,49400.0,42,Premium,18,60.59,1090.62,19,0,0.599,4,9.9,1,639,1,0,0
101618,43,Male,West,49400.0,30,Standard,2,137.22,274.44,45,0,0.484,9,14.27,2,392,1,1,1
101619,29,Female,East,44100.0,9,Standard,9,70.12,631.08,110,0,0.272,1,25.22,1,165,1,1,1
101620,47,Male,West,57300.0,45,Standard,3,37.86,113.58,46,0,0.42,5,20.15,0,302,1,0,0
101621,40,Female,West,49600.0,14,Standard,6,29.26,175.56,56,0,0.201,2,2.62,2,0,2,0,1
101622,49,Male,Central,63900.0,33,Standard,10,84.36,843.6,22,0,0.252,19,2.78,0,465,1,1,0
101623,54,Female,East,62800.0,63,Standard,3,134.03,402.09,18,0,0.12,7,2.24,2,707,3,0,0
101624,42,Female,Central,57300.0,16,Premium,13,122.65,1594.45,73,0,0.728,6,10.8,1,796,0,0,1
101625,54,Female,West,,17,Standard,9,32.3,290.7,6,0,0.451,13,31.93,0,85,1,0,0
101626,18,Female,South,19100.0,24,Standard,5,10.22,51.1,48,1,0.165,10,10.39,2,0,1,0,1
101627,60,Female,West,58500.0,24,Standard,11,70.45,774.95,93,0,0.463,6,0.79,1,642,0,1,1
101628,44,Female,North,47600.0,31,Basic,3,18.34,55.02,13,0,0.378,10,26.65,0,52,2,1,0
101629,53,Male,North,75400.0,38,Basic,4,22.74,90.96,46,0,0.869,10,18.87,2,314,0,1,0
101630,23,Male,Central,26300.0,13,Basic,6,26.82,160.92,4,1,0.874,0,12.68,1,0,0,0,1
101631,28,Female,South,46600.0,26,Standard,8,53.82,430.56,2,1,0.416,10,8.3,2,78,0,1,0
101632,41,Male,East,53600.0,11,Standard,8,91.94,735.52,59,0,0.552,4,6.12,0,498,0,0,1
101633,39,Female,Central,41800.0,41,Basic,5,50.59,252.95,7,0,0.182,2,2.54,4,74,0,0,1
101634,43,Male,South,70100.0,52,Standard,11,28.74,316.14,5,0,0.36,2,3.24,2,364,1,0,0
101635,53,Female,South,71600.0,19,Premium,6,106.65,639.9,20,0,0.355,10,3.75,1,446,2,0,0
101636,18,Male,North,28000.0,29,Basic,7,41.88,293.16,84,1,0.106,8,10.7,2,133,0,1,1
101637,52,Female,East,59200.0,61,Basic,4,61.68,246.72,7,0,0.489,3,3.44,0,214,1,1,0
101638,39,Female,North,49300.0,34,Basic,6,30.68,184.08,90,1,0.411,1,9.9,0,248,1,1,1
101639,36,Male,North,23700.0,11,Standard,11,28.12,309.32,4,0,0.392,7,5.86,0,0,0,1,0
101640,20,Male,West,18400.0,7,Standard,10,14.53,145.3,27,1,0.331,3,5.85,0,161,0,0,1
101641,46,Male,South,61100.0,15,Basic,9,30.24,272.16,0,0,0.267,8,28.21,1,227,0,1,0
101642,18,Female,East,15000.0,22,Premium,9,134.09,1206.81,57,1,0.474,6,10.43,1,335,0,1,1
101643,47,Male,North,45100.0,44,Basic,6,38.17,229.02,87,1,0.324,9,1.55,2,267,0,1,1
101644,20,Male,East,24400.0,21,Basic,6,19.58,117.48,17,0,0.497,8,7.53,0,0,0,0,0
101645,40,Female,East,89600.0,11,Standard,9,41.85,376.65,111,0,0.646,7,18.59,0,366,0,0,1
101646,37,Female,South,55500.0,22,Basic,7,33.99,237.93,31,0,,2,7.17,0,225,0,1,0
101647,54,Female,South,77600.0,23,Standard,9,30.47,274.23,44,3,0.405,5,24.97,0,215,0,1,1
101648,37,Female,South,34800.0,15,Basic,7,44.44,311.08,1,1,0.586,5,19.86,0,151,1,1,0
101649,30,Female,North,44500.0,21,Basic,6,23.08,138.48,105,2,0.498,2,6.33,0,326,0,0,1
101650,32,Female,North,16700.0,29,Basic,7,68.72,481.04,38,0,0.483,6,2.97,2,351,1,1,0
101651,56,Male,East,59500.0,6,Standard,5,55.53,277.65,167,0,0.255,3,13.01,1,328,0,1,1
101652,46,Male,North,61700.0,23,Basic,5,43.12,215.6,17,0,0.448,23,6.65,2,485,0,0,0
101653,34,Male,South,23400.0,100,Premium,8,58.26,466.08,13,0,0.256,2,4.74,2,143,2,1,0
101654,36,Male,North,50600.0,33,Standard,8,21.0,168.0,0,0,0.394,6,2.75,1,171,2,1,0
101655,19,Female,West,35600.0,45,Standard,5,75.01,375.05,13,0,0.28,1,9.56,3,74,0,1,0
101656,44,Male,South,44300.0,61,Standard,8,25.23,201.84,7,0,0.724,7,20.79,0,135,1,1,0
101657,18,Male,East,16300.0,68,Premium,10,184.82,1848.2,5,0,0.497,2,3.39,1,1118,1,0,0
101658,49,Male,East,47400.0,17,Basic,6,23.11,138.66,7,0,0.435,15,10.03,0,383,1,1,0
101659,41,Female,South,45000.0,7,Basic,1,39.98,39.98,0,0,0.204,7,7.16,0,344,0,0,1
101660,70,Male,South,73000.0,50,Premium,10,49.13,491.3,99,0,0.711,10,4.88,0,287,1,0,1
101661,25,Male,South,41800.0,22,Basic,6,24.61,147.66,21,0,0.444,6,20.94,1,0,0,0,0
101662,38,Male,East,39500.0,23,Standard,9,70.09,630.81,92,0,0.696,6,2.23,1,343,2,1,1
101663,62,Male,South,92200.0,37,Premium,6,90.16,540.96,17,0,0.278,7,,1,233,1,0,0
101664,54,Male,North,84500.0,26,Premium,17,56.9,967.3,23,2,0.471,13,2.42,1,800,0,1,0
101665,30,Male,Central,42700.0,31,Standard,5,27.15,135.75,3,1,0.446,7,5.25,1,232,0,1,0
101666,42,Male,West,46000.0,33,Basic,4,12.32,49.28,5,0,0.572,3,17.22,0,0,0,1,0
101667,39,Non-binary,North,40500.0,50,Standard,14,25.11,351.54,21,1,0.652,16,11.7,2,309,0,0,0
101668,43,Male,Central,56200.0,35,Standard,9,16.27,146.43,29,1,0.395,4,8.84,0,293,1,1,0
101669,30,Female,North,46300.0,11,Basic,4,14.36,57.44,46,0,0.189,4,8.1,2,147,1,0,1
101670,38,Male,North,44200.0,11,Standard,3,53.77,161.31,38,0,0.218,3,2.54,0,190,0,0,1
101671,18,Female,North,22500.0,16,Premium,11,42.06,462.66,191,0,0.058,2,6.87,1,252,0,0,1
101672,41,Female,Central,54800.0,34,Standard,8,50.91,407.28,1,1,0.493,5,14.22,3,427,1,1,0
101673,45,Female,South,54600.0,12,Standard,3,94.69,284.07,74,0,0.522,6,2.17,2,258,2,0,1
101674,36,Female,West,37100.0,12,Standard,6,85.64,513.84,32,0,0.5,0,5.01,1,384,1,1,1
101675,18,Female,East,29600.0,32,Basic,7,8.05,56.35,73,0,0.678,8,14.67,1,0,0,0,1
101676,52,Female,East,51800.0,17,Standard,10,83.85,838.5,25,1,0.374,10,9.32,2,810,1,0,1
101677,44,Female,South,42200.0,65,Standard,12,14.68,176.16,124,0,0.16,7,11.38,0,0,0,0,1
101678,30,Male,North,39300.0,18,Standard,6,33.49,200.94,43,1,0.506,3,6.38,3,277,1,0,1
101679,35,Male,West,36100.0,42,Standard,7,102.5,717.5,4,1,,4,17.78,2,612,2,0,1
101680,19,Non-binary,South,18700.0,24,Basic,4,26.13,104.52,34,0,0.409,6,5.52,2,42,1,1,0
101681,26,Female,East,50200.0,10,Basic,4,31.59,126.36,29,0,0.578,3,8.28,1,0,2,1,1
101682,32,Female,North,35800.0,17,Standard,8,8.78,70.24,12,1,0.349,3,9.29,1,334,0,0,0
101683,55,Male,West,89000.0,25,Premium,10,42.38,423.8,72,0,0.492,10,25.96,1,449,2,1,0
101684,31,Female,West,49100.0,18,Basic,2,35.38,70.76,124,0,0.352,9,14.42,1,182,0,1,1
101685,47,Non-binary,East,44100.0,60,Standard,8,70.03,560.24,91,3,0.206,6,4.43,2,257,1,1,1
101686,32,Male,East,57500.0,13,Standard,7,101.15,708.05,86,0,,2,30.6,1,510,0,1,1
101687,42,Male,South,40800.0,19,Standard,6,34.32,205.92,3,1,0.355,3,10.79,1,92,1,1,0
101688,37,Female,South,73700.0,35,Premium,10,190.78,1907.8,88,1,0.268,10,,1,1107,2,0,1
101689,50,Female,North,61600.0,77,Premium,13,145.6,1892.8,53,0,0.442,15,7.48,0,1065,0,0,0
101690,32,Male,West,48900.0,38,Premium,11,119.48,1314.28,27,0,,5,6.8,0,728,1,1,0
101691,19,Female,North,29400.0,33,Basic,5,31.31,156.55,123,0,0.573,7,34.29,3,0,0,0,1
101692,21,Male,North,34600.0,46,Basic,5,54.31,271.55,78,0,0.929,7,2.96,1,276,2,1,0
101693,32,Male,North,38100.0,54,Basic,4,16.56,66.24,78,0,0.697,10,1.68,2,120,1,1,1
101694,23,Female,North,19800.0,61,Standard,7,74.33,520.31,34,0,0.645,6,11.63,3,291,1,1,0
101695,44,Female,East,57500.0,38,Basic,8,5.0,40.0,39,0,0.517,6,15.42,3,0,1,1,0
101696,33,Female,West,56600.0,30,Premium,13,39.07,507.91,47,0,0.415,14,14.65,2,361,0,0,0
101697,70,Female,South,60700.0,13,Premium,10,92.03,920.3,4,0,0.431,3,13.87,0,355,0,1,0
101698,18,Male,South,49600.0,32,Standard,8,97.57,780.56,54,1,0.659,6,3.76,1,454,0,1,0
101699,42,Male,East,59200.0,68,Standard,9,19.47,175.23,16,0,0.372,9,9.47,2,302,1,1,0
101700,24,Male,East,27600.0,3,Basic,4,115.07,460.28,20,0,0.478,13,8.12,0,546,0,1,1
101701,33,Female,West,35900.0,57,Premium,13,124.64,1620.32,95,2,0.439,9,15.59,1,782,1,1,1
101702,41,Female,West,75900.0,30,Basic,11,5.0,55.0,19,2,0.23,7,8.88,2,289,0,0,1
101703,18,Male,West,41100.0,49,Basic,3,77.02,231.06,38,0,0.178,6,9.16,1,216,1,1,1
101704,42,Male,West,66800.0,39,Premium,6,137.97,827.82,16,0,0.522,6,14.92,0,470,0,1,0
101705,64,Male,Central,68200.0,27,Premium,9,145.33,1307.97,4,1,0.452,10,5.83,1,548,2,1,0
101706,33,Male,East,50000.0,30,Basic,6,21.44,128.64,21,0,0.414,0,9.29,0,56,0,0,0
101707,42,Male,East,55700.0,41,Standard,9,18.72,168.48,26,0,0.635,3,12.0,2,153,1,1,0
101708,52,Female,West,57900.0,14,Standard,5,11.16,55.8,56,1,0.383,7,4.1,1,138,0,0,1
101709,37,Female,North,47600.0,27,Premium,13,99.09,1288.17,73,1,0.248,9,10.07,2,776,0,1,1
101710,31,Male,South,55900.0,38,Standard,5,28.26,141.3,72,0,0.29,6,3.1,0,282,0,1,0
101711,18,Female,Central,50400.0,44,Basic,4,38.55,154.2,14,0,0.184,8,0.5,0,238,0,1,0
101712,47,Male,East,52000.0,41,Standard,7,58.54,409.78,11,2,0.152,5,1.93,2,136,0,1,0
101713,38,Female,North,28600.0,22,Premium,8,142.91,1143.28,2,0,0.359,13,15.27,3,774,1,1,0
101714,26,Female,South,58600.0,29,Basic,10,34.54,345.4,4,0,0.283,5,10.83,2,76,0,1,0
101715,41,Female,North,73000.0,11,Standard,11,87.29,960.19,36,0,0.471,2,13.93,1,393,0,0,1
101716,31,Male,South,46000.0,55,Basic,9,28.2,253.8,16,1,0.228,8,3.39,0,92,3,1,0
101717,32,Male,East,66400.0,33,Basic,6,86.84,521.04,2,0,0.308,4,10.5,1,433,0,1,0
101718,47,Female,East,60100.0,29,Standard,7,36.65,256.55,42,0,0.174,19,5.75,2,181,2,1,0
101719,22,Female,East,19100.0,29,Standard,5,70.67,353.35,6,0,0.366,4,9.7,2,190,0,1,0
101720,53,Female,North,42900.0,24,Premium,11,55.53,610.83,19,1,0.118,5,2.9,1,319,0,1,0
101721,21,Female,South,15000.0,45,Standard,10,39.75,397.5,171,0,0.328,6,3.8,0,326,0,1,1
101722,30,Male,North,39500.0,29,Standard,7,61.07,427.49,46,1,0.523,6,4.39,1,447,1,1,1
101723,64,Female,South,65200.0,13,Standard,6,59.64,357.84,100,1,0.14,12,4.68,1,56,0,0,1
101724,54,Female,East,54100.0,16,Basic,3,12.1,36.3,9,1,0.218,4,8.1,1,109,2,1,1
101725,40,Female,North,47400.0,9,Basic,2,17.49,34.98,41,0,0.492,4,7.86,0,60,0,1,1
101726,27,Male,Central,48600.0,67,Basic,2,36.47,72.94,19,0,0.583,8,3.58,1,92,0,1,0
101727,32,Male,East,33600.0,25,Standard,6,45.32,271.92,113,0,0.062,2,9.31,0,86,0,1,1
101728,40,Male,North,38900.0,71,Standard,12,12.76,153.12,30,0,0.388,7,3.82,1,370,0,0,0
101729,39,Male,South,41200.0,31,Basic,6,47.55,285.3,8,0,0.224,5,6.03,0,97,0,0,0
101730,38,Non-binary,North,59900.0,21,Standard,9,89.68,807.12,69,0,0.712,6,4.71,1,689,0,0,1
101731,39,Female,North,47000.0,25,Standard,1,23.24,23.24,14,0,0.249,6,12.44,2,0,0,1,0
101732,36,Male,Central,49000.0,30,Basic,6,15.54,93.24,29,0,0.682,3,4.53,0,101,0,1,0
101733,20,Male,West,51600.0,14,Basic,3,24.6,73.8,12,0,0.357,12,6.43,2,205,0,1,1
101734,32,Female,West,81100.0,10,Premium,13,118.13,1535.69,50,0,0.568,2,16.78,0,924,0,0,1
101735,51,Male,East,68300.0,52,Standard,11,56.83,625.13,7,1,0.72,9,12.34,0,183,0,1,0
101736,21,Male,Central,38400.0,21,Basic,3,56.33,168.99,66,0,0.378,3,9.28,2,113,0,1,1
101737,37,Male,Central,29500.0,72,Standard,7,44.56,311.92,49,1,0.37,0,6.07,0,104,1,1,0
101738,28,Female,North,42700.0,39,Basic,4,26.99,107.96,57,0,0.614,1,14.42,0,142,1,0,1
101739,40,Female,North,49800.0,19,Premium,11,160.54,1765.94,54,1,0.841,22,3.66,0,1174,2,0,0
101740,34,Male,South,55700.0,89,Standard,6,75.31,451.86,33,0,0.593,10,5.84,2,365,0,1,0
101741,58,Female,South,60500.0,53,Standard,8,68.39,547.12,16,0,,2,41.66,0,215,0,0,0
101742,46,Female,East,57400.0,8,Basic,4,24.73,98.92,96,1,0.628,2,9.05,0,84,1,0,1
101743,22,Female,South,40300.0,15,Basic,3,5.0,15.0,6,0,0.357,4,1.33,1,140,2,0,1
101744,48,Female,West,83100.0,1,Premium,5,29.15,145.75,17,1,0.749,18,1.92,2,149,0,0,1
101745,29,Male,North,60300.0,23,Basic,9,18.36,165.24,15,0,0.229,5,5.33,0,81,0,1,1
101746,31,Male,West,58100.0,82,Basic,5,18.45,92.25,50,1,0.317,6,24.45,0,134,0,1,1
101747,43,Male,South,61900.0,6,Standard,6,61.67,370.02,10,0,0.297,9,5.64,3,201,0,1,0
101748,33,Female,North,36200.0,34,Standard,7,160.86,1126.02,157,0,0.418,4,4.09,0,665,1,1,1
101749,51,Female,West,69500.0,102,Basic,7,24.09,168.63,47,0,0.113,9,5.76,1,240,0,0,0
101750,29,Female,South,,24,Basic,1,5.29,5.29,22,0,0.142,10,2.23,1,125,0,1,1
101751,31,Female,West,37500.0,33,Basic,4,37.06,148.24,46,1,0.628,12,2.01,1,58,1,1,0
101752,30,Male,Central,64300.0,20,Basic,6,34.71,208.26,50,0,0.393,5,27.69,0,362,0,0,0
101753,32,Female,North,48800.0,15,Premium,12,9.0,108.0,11,1,0.685,9,13.07,0,414,0,1,0
101754,53,Female,South,64400.0,44,Standard,5,37.65,188.25,76,1,0.2,7,5.88,3,156,1,1,1
101755,47,Male,North,60500.0,44,Standard,4,50.97,203.88,52,1,0.189,14,8.05,1,408,1,0,1
101756,61,Male,North,67500.0,36,Basic,6,20.65,123.9,52,1,0.512,6,18.59,4,124,0,1,1
101757,68,Female,Central,45300.0,18,Standard,5,95.1,475.5,42,0,0.389,7,2.85,1,0,1,1,0
101758,26,Male,West,17900.0,37,Standard,6,107.18,643.08,20,1,0.067,5,11.26,2,164,1,1,0
101759,40,Male,South,57500.0,8,Basic,4,9.19,36.76,88,0,0.517,1,4.29,0,0,1,0,1
101760,24,Male,West,20800.0,39,Standard,8,34.12,272.96,52,1,0.684,8,7.97,0,227,0,0,0
101761,29,Male,Central,36900.0,14,Basic,1,29.07,29.07,107,0,0.266,5,9.79,1,183,0,1,1
101762,31,Female,South,23200.0,13,Standard,10,54.36,543.6,27,1,0.382,7,7.23,2,289,1,1,0
101763,25,Female,North,24600.0,69,Standard,7,86.3,604.1,114,0,0.377,12,9.93,0,407,1,0,1
101764,25,Female,West,34600.0,2,Basic,1,26.2,26.2,95,0,0.348,15,9.52,3,95,2,0,1
101765,37,Male,West,59000.0,24,Basic,8,24.15,193.2,60,0,0.467,6,4.04,1,341,0,1,0
101766,23,Male,North,48500.0,8,Basic,4,22.39,89.56,42,0,0.594,5,5.28,1,94,2,1,0
101767,50,Male,East,48100.0,30,Basic,6,44.6,267.6,43,1,0.43,12,19.15,1,234,2,1,0
101768,27,Male,North,40800.0,16,Basic,6,13.58,81.48,38,1,0.476,6,10.04,0,34,3,0,1
101769,76,Female,East,63100.0,9,Standard,6,13.96,83.76,4,0,0.143,10,1.16,0,155,0,1,0
101770,33,Female,East,43000.0,21,Standard,4,116.26,465.04,15,0,0.467,3,8.95,3,269,1,1,1
101771,40,Female,South,62200.0,13,Premium,10,30.86,308.6,47,2,0.553,4,3.97,2,70,0,0,1
101772,22,Female,West,30900.0,13,Basic,4,140.5,562.0,2,1,0.423,8,13.05,3,321,0,1,0
101773,61,Male,East,87300.0,40,Basic,3,40.33,120.99,41,0,0.549,13,5.01,1,286,2,1,0
101774,54,Male,West,73900.0,7,Standard,5,37.4,187.0,140,0,0.098,1,9.3,0,329,1,1,1
101775,43,Female,East,55100.0,3,Basic,9,45.4,408.6,73,0,0.484,2,27.37,0,0,0,1,1
101776,21,Male,South,27400.0,31,Standard,7,50.98,356.86,96,0,0.562,1,13.08,2,123,0,0,1
101777,42,Female,South,43300.0,23,Standard,13,19.34,251.42,1,4,0.214,8,2.38,0,140,0,0,1
101778,24,Male,North,15000.0,15,Basic,12,21.31,255.72,18,3,0.624,11,9.14,3,468,1,1,0
101779,58,Female,West,47900.0,40,Basic,4,65.16,260.64,56,0,0.601,1,9.74,2,526,1,0,1
101780,50,Male,East,72300.0,73,Basic,6,26.4,158.4,61,0,0.277,6,8.26,0,74,2,1,0
101781,40,Female,South,70100.0,26,Basic,7,45.64,319.48,5,1,0.452,10,9.63,4,367,1,0,1
101782,18,Female,Central,15000.0,26,Standard,8,82.48,659.84,8,0,0.146,5,9.67,2,281,0,0,0
101783,26,Male,West,36600.0,10,Basic,4,5.0,20.0,12,0,0.663,8,3.78,1,165,0,0,0
101784,48,Female,North,34500.0,8,Standard,8,47.87,382.96,42,0,0.178,4,3.31,2,244,2,1,0
101785,55,Female,North,49500.0,24,Standard,5,24.69,123.45,90,1,0.295,1,3.32,1,0,0,0,1
101786,53,Female,East,64900.0,5,Basic,5,41.39,206.95,38,0,0.868,10,13.65,0,210,1,1,0
101787,18,Male,North,20700.0,5,Basic,3,11.19,33.57,16,0,0.556,5,6.2,2,97,1,0,1
101788,43,Female,Central,24900.0,34,Premium,15,115.14,1727.1,47,1,0.409,10,1.22,0,1260,1,1,0
101789,52,Male,East,84400.0,8,Basic,3,9.57,28.71,55,0,0.593,6,4.92,0,114,0,0,1
101790,18,Male,North,27300.0,35,Basic,3,44.7,134.1,91,1,0.357,4,7.04,0,0,0,1,1
101791,39,Male,South,32500.0,56,Standard,7,62.79,439.53,54,0,0.495,17,3.43,3,514,1,0,1
101792,43,Female,South,53500.0,33,Basic,3,37.83,113.49,13,0,0.403,5,4.48,0,86,0,1,0
101793,35,Male,East,43000.0,7,Standard,12,59.85,718.2,14,2,0.51,2,10.38,1,290,0,0,1
101794,18,Female,South,33900.0,90,Basic,4,90.03,360.12,69,1,0.376,16,0.55,1,194,1,0,0
101795,35,Male,West,39400.0,27,Basic,6,20.09,120.54,30,1,0.114,8,10.78,1,0,0,0,0
101796,35,Female,West,,26,Standard,14,38.2,534.8,4,0,0.203,8,11.89,1,357,1,1,0
101797,37,Male,Central,59300.0,23,Basic,6,8.84,53.04,43,0,0.274,10,1.73,2,291,0,0,1
101798,32,Male,North,22800.0,15,Basic,6,11.98,71.88,72,0,0.161,8,4.99,2,196,0,1,1
101799,33,Female,South,32500.0,11,Premium,10,76.89,768.9,16,0,0.275,8,2.07,1,647,0,1,0
101800,38,Female,West,58700.0,2,Basic,6,68.13,408.78,13,0,0.262,11,11.15,0,330,2,1,0
101801,45,Female,South,45900.0,8,Standard,13,96.49,1254.37,11,0,0.585,14,10.56,0,820,0,1,0
101802,35,Male,South,43000.0,21,Standard,7,26.83,187.81,79,0,0.48,12,5.04,1,200,1,0,1
101803,34,Female,Central,36600.0,34,Standard,2,141.15,282.3,34,1,0.125,11,20.57,2,526,2,1,1
101804,40,Male,West,43200.0,12,Standard,4,18.35,73.4,43,0,0.424,4,9.02,2,42,0,1,1
101805,18,Male,Central,21100.0,31,Standard,6,74.49,446.94,69,0,0.429,11,8.3,0,273,0,1,1
101806,45,Male,South,36000.0,20,Basic,3,17.69,53.07,4,0,0.433,16,10.22,3,431,0,1,1
101807,39,Female,East,54400.0,24,Premium,8,46.72,373.76,135,1,0.425,6,9.01,2,450,2,1,1
101808,40,Female,South,63800.0,47,Basic,5,27.13,135.65,65,2,0.171,10,18.56,1,0,0,0,1
101809,51,Female,South,56900.0,31,Standard,11,43.58,479.38,9,1,0.21,9,8.56,1,409,0,0,0
101810,18,Male,North,41300.0,36,Standard,7,79.51,556.57,10,0,0.262,3,8.9,4,562,0,0,0
101811,18,Female,West,21100.0,96,Standard,11,79.62,875.82,80,0,0.273,4,4.82,1,421,0,0,0
101812,43,Female,South,44000.0,12,Standard,11,68.96,758.56,11,0,0.377,6,11.8,1,417,1,0,0
101813,39,Female,East,53700.0,44,Standard,8,67.0,536.0,17,0,0.664,7,3.1,3,457,0,1,0
101814,41,Male,Central,55800.0,36,Standard,5,76.11,380.55,9,0,0.681,9,3.14,1,354,0,1,0
101815,33,Male,West,40700.0,35,Standard,13,109.36,1421.68,76,3,0.584,4,5.18,1,860,1,1,1
101816,48,Female,North,66000.0,29,Standard,6,25.76,154.56,35,0,0.249,5,7.89,2,0,0,0,1
101817,51,Female,East,41300.0,33,Basic,7,43.97,307.79,30,0,0.264,12,7.52,2,488,0,1,0
101818,45,Female,East,49400.0,21,Standard,7,66.45,465.15,178,2,0.743,6,4.69,4,498,1,1,1
101819,36,Female,South,58600.0,26,Premium,12,80.8,969.6,18,0,0.11,2,16.0,0,776,0,1,0
101820,18,Non-binary,North,41500.0,51,Basic,4,28.1,112.4,89,0,0.244,16,3.92,0,0,2,0,1
101821,49,Female,East,69200.0,16,Basic,1,48.9,48.9,81,0,0.301,3,5.19,0,0,1,1,1
101822,55,Male,West,77400.0,18,Premium,15,101.7,1525.5,13,1,0.326,16,22.52,2,872,0,0,0
101823,47,Male,Central,50300.0,34,Basic,2,6.75,13.5,44,0,0.449,7,18.07,1,11,0,1,1
101824,28,Male,South,15000.0,32,Standard,5,42.5,212.5,138,0,0.495,2,3.92,0,98,0,1,1
101825,48,Female,South,52900.0,20,Standard,4,80.51,322.04,30,0,0.66,13,11.25,1,541,2,0,0
101826,50,Male,North,67300.0,35,Standard,5,73.72,368.6,7,0,0.633,2,12.47,2,8,0,1,0
101827,59,Female,Central,78100.0,34,Basic,5,6.54,32.7,5,0,0.514,12,8.34,2,0,1,1,0
101828,28,Female,West,30100.0,87,Standard,2,110.42,220.84,38,0,0.298,6,1.96,1,305,0,1,0
101829,36,Non-binary,Central,31500.0,105,Standard,4,44.12,176.48,25,0,0.735,9,2.92,3,282,1,1,0
101830,49,Female,East,45300.0,115,Standard,5,72.89,364.45,4,1,0.173,17,6.31,3,209,1,1,0
101831,40,Female,North,41300.0,34,Standard,5,43.16,215.8,5,1,0.133,1,5.09,0,285,1,0,0
101832,24,Female,East,15000.0,47,Premium,10,122.68,1226.8,17,0,0.082,2,8.05,1,732,1,1,0
101833,44,Female,South,45300.0,34,Standard,6,17.26,103.56,52,0,0.476,5,6.8,1,0,1,1,0
101834,47,Male,South,56200.0,24,Basic,5,57.44,287.2,10,0,0.278,5,12.23,0,101,1,0,0
101835,40,Male,North,47500.0,36,Basic,9,36.59,329.31,13,1,0.364,10,2.94,0,0,1,0,0
101836,42,Male,North,46200.0,24,Basic,4,34.77,139.08,48,0,0.542,4,10.84,1,181,1,1,1
101837,36,Female,South,35500.0,27,Premium,11,112.23,1234.53,12,0,0.451,7,4.44,3,605,1,1,0
101838,58,Female,Central,58000.0,26,Basic,4,27.75,111.0,54,1,0.752,1,7.87,2,115,1,1,1
101839,27,Female,West,28800.0,26,Standard,11,65.07,715.77,54,1,0.553,5,3.4,1,82,0,0,1
101840,31,Male,West,50200.0,16,Standard,6,49.97,299.82,58,1,0.332,0,5.37,1,255,0,0,1
101841,39,Male,South,47900.0,44,Standard,7,33.11,231.77,3,1,0.107,9,10.52,1,0,0,1,0
101842,50,Male,West,102700.0,35,Standard,6,83.1,498.6,1,1,0.101,4,13.1,2,165,0,0,0
101843,20,Male,South,25200.0,16,Basic,4,30.64,122.56,2,0,0.32,3,19.01,2,198,0,0,0
101844,22,Male,North,37900.0,25,Standard,8,49.62,396.96,127,0,,3,11.35,0,250,2,0,1
101845,18,Female,South,23700.0,11,Basic,5,26.74,133.7,33,0,0.258,1,4.37,3,33,0,1,1
101846,39,Male,North,43300.0,30,Basic,6,24.27,145.62,2,0,0.458,6,16.36,0,134,0,0,0
101847,24,Male,Central,55600.0,51,Basic,5,5.38,26.9,20,1,0.279,5,14.61,0,0,1,1,0
101848,34,Male,West,57200.0,21,Premium,6,222.55,1335.3,1,0,0.202,12,10.13,0,947,1,1,0
101849,48,Female,South,31900.0,43,Basic,1,18.87,18.87,64,0,0.075,15,4.66,1,0,0,1,1
101850,31,Male,East,26000.0,26,Basic,7,22.17,155.19,18,0,0.481,5,8.45,0,102,1,0,0
101851,42,Female,South,48900.0,22,Basic,4,72.28,289.12,139,0,0.68,4,6.64,1,301,1,0,1
101852,35,Male,North,36900.0,15,Basic,8,27.74,221.92,142,1,0.016,8,9.45,0,423,0,1,1
101853,48,Male,East,35400.0,23,Basic,5,20.5,102.5,114,0,0.248,7,11.17,0,199,2,1,1
101854,45,Male,West,55300.0,44,Standard,7,109.03,763.21,30,0,0.436,8,12.17,0,611,0,1,0
101855,30,Female,West,15000.0,33,Standard,6,63.82,382.92,105,0,0.458,13,10.03,2,86,1,1,0
101856,37,Female,North,47800.0,13,Standard,10,28.09,280.9,20,2,0.107,5,0.78,2,0,2,1,1
101857,53,Male,East,71500.0,36,Premium,9,87.23,785.07,65,0,0.321,15,19.11,2,330,0,1,0
101858,44,Male,North,64900.0,29,Basic,5,48.94,244.7,142,0,0.534,3,29.83,2,0,1,0,1
101859,21,Male,North,28800.0,12,Standard,5,14.33,71.65,122,1,0.425,14,14.28,1,203,0,1,1
101860,48,Female,North,77700.0,9,Standard,13,20.15,261.95,37,2,0.709,1,5.9,1,113,0,1,1
101861,25,Male,North,39300.0,9,Standard,8,81.15,649.2,13,2,0.505,15,7.11,1,412,1,1,0
101862,57,Male,South,76900.0,46,Basic,4,91.8,367.2,27,0,0.319,4,31.41,0,184,1,0,0
101863,52,Female,South,50000.0,12,Basic,4,41.74,166.96,74,0,0.458,7,32.47,1,0,1,1,1
101864,43,Female,West,73100.0,22,Basic,10,26.61,266.1,10,0,0.21,5,8.35,1,0,0,1,0
101865,41,Male,South,49800.0,35,Basic,5,62.04,310.2,28,0,0.339,15,21.25,1,521,1,1,0
101866,36,Female,North,67200.0,33,Standard,2,43.19,86.38,40,0,0.113,2,15.56,1,0,1,1,1
101867,48,Male,Central,75500.0,33,Basic,3,15.47,46.41,108,0,0.386,8,24.45,0,234,0,0,1
101868,34,Male,Central,46800.0,11,Premium,16,35.99,575.84,80,0,0.268,11,,1,498,2,1,0
101869,42,Female,North,56500.0,35,Premium,11,51.97,571.67,96,0,0.347,17,19.47,3,580,0,1,1
101870,50,Female,South,55900.0,21,Basic,3,56.9,170.7,64,0,0.659,9,11.57,2,206,0,1,1
101871,32,Non-binary,North,29800.0,28,Premium,12,136.15,1633.8,3,3,0.359,2,7.56,1,820,0,1,0
101872,31,Male,Central,48700.0,27,Standard,8,59.67,477.36,0,1,0.32,9,6.65,0,199,0,1,0
101873,23,Male,South,40400.0,24,Basic,6,18.18,109.08,1,0,0.531,5,7.47,2,165,0,0,0
101874,25,Male,North,15000.0,50,Premium,13,90.9,1181.7,31,1,0.102,3,1.4,1,460,1,1,0
101875,18,Male,West,26800.0,45,Basic,2,23.5,47.0,58,0,0.614,16,,1,90,3,0,1
101876,48,Male,West,68700.0,120,Basic,5,59.79,298.95,39,2,0.501,6,3.29,1,371,1,0,0
101877,63,Male,South,91300.0,64,Basic,1,31.23,31.23,58,0,0.332,8,11.15,3,115,1,1,1
101878,58,Male,South,76200.0,7,Standard,5,35.5,177.5,144,0,0.297,2,1.83,3,0,0,1,1
101879,18,Female,South,,26,Basic,8,46.69,373.52,14,2,0.236,10,3.41,1,0,0,0,0
101880,48,Female,South,41700.0,60,Standard,5,32.79,163.95,16,0,0.108,3,2.57,0,0,1,1,0
101881,57,Male,South,60200.0,23,Premium,13,20.99,272.87,100,1,0.304,9,8.64,0,365,1,1,1
101882,33,Female,West,61800.0,20,Premium,14,20.65,289.1,84,0,0.7,7,16.09,0,274,1,0,1
101883,40,Male,West,40400.0,10,Premium,8,134.69,1077.52,9,2,0.4,11,5.7,1,571,2,1,1
101884,18,Male,West,42800.0,9,Basic,6,21.87,131.22,49,1,0.203,14,13.71,2,291,1,0,1
101885,42,Female,West,42100.0,43,Standard,3,8.16,24.48,2,0,0.597,11,14.47,0,36,0,1,0
101886,25,Female,East,42100.0,28,Premium,13,44.93,584.09,176,1,0.083,6,23.47,2,289,1,1,1
101887,42,Male,South,37600.0,3,Basic,2,7.73,15.46,46,0,0.732,7,18.25,1,0,1,1,1
101888,19,Female,West,26200.0,52,Premium,10,67.76,677.6,83,2,0.635,6,13.56,0,582,0,1,0
101889,46,Male,North,38800.0,57,Standard,7,65.04,455.28,43,0,0.538,14,28.74,0,557,0,1,0
101890,52,Male,North,80500.0,22,Premium,11,80.72,887.92,34,0,0.405,3,10.83,4,466,0,1,1
101891,29,Female,North,28700.0,26,Basic,4,9.85,39.4,20,0,,10,7.11,0,207,0,1,0
101892,24,Male,West,15000.0,65,Basic,5,90.33,451.65,10,0,0.574,14,,1,341,0,1,0
101893,18,Male,East,15000.0,22,Premium,10,169.08,1690.8,17,1,0.575,4,5.14,1,742,1,1,0
101894,36,Female,South,43900.0,5,Basic,5,43.21,216.05,29,0,0.569,19,6.16,1,422,2,1,0
101895,31,Female,East,33900.0,43,Premium,10,44.82,448.2,26,1,0.38,7,20.16,3,185,1,1,0
101896,19,Female,West,38000.0,55,Basic,6,91.52,549.12,22,0,0.312,9,8.55,3,184,2,1,0
101897,45,Male,North,50400.0,29,Basic,4,11.64,46.56,11,0,0.337,3,15.59,0,0,0,0,0
101898,33,Female,South,58600.0,12,Standard,8,14.93,119.44,32,0,0.548,4,7.08,0,388,1,0,0
101899,25,Female,West,29300.0,60,Premium,7,53.95,377.65,9,1,0.244,3,7.32,1,432,0,1,0
101900,32,Female,West,55700.0,19,Standard,6,22.31,133.86,79,0,0.318,11,10.98,1,142,0,1,1
101901,53,Female,South,47900.0,14,Standard,8,52.33,418.64,52,0,0.36,14,20.6,0,347,0,1,0
101902,47,Female,South,34500.0,29,Basic,7,10.55,73.85,43,0,0.332,7,8.69,0,275,0,0,0
101903,37,Male,Central,34500.0,22,Basic,7,35.27,246.89,73,0,0.678,3,10.53,1,0,1,1,1
101904,47,Female,South,39700.0,41,Standard,6,57.62,345.72,45,2,0.3,3,13.71,2,33,1,0,1
101905,24,Male,Central,16300.0,95,Standard,8,39.2,313.6,74,0,0.275,29,9.37,2,531,1,1,0
101906,39,Female,West,53700.0,13,Premium,7,116.37,814.59,30,0,0.373,12,1.71,0,615,1,1,0
101907,41,Female,Central,46100.0,45,Basic,7,20.71,144.97,6,1,0.76,9,16.09,1,57,0,0,0
101908,33,Female,North,44200.0,21,Basic,4,27.45,109.8,3,1,0.508,6,7.05,0,172,1,1,0
101909,45,Male,East,61000.0,41,Standard,5,57.05,285.25,7,1,0.752,3,11.08,1,102,0,1,0
101910,29,Male,South,15000.0,30,Standard,2,23.22,46.44,103,0,0.428,12,10.25,0,432,1,1,1
101911,46,Female,South,62600.0,18,Standard,9,56.28,506.52,43,1,0.241,11,6.45,3,434,1,1,1
101912,46,Male,South,37700.0,46,Basic,5,45.71,228.55,77,0,0.127,11,12.76,2,323,0,1,1
101913,18,Female,South,19900.0,20,Standard,6,25.86,155.16,36,1,0.555,15,14.5,3,222,2,1,0
101914,54,Male,South,35700.0,14,Basic,3,36.34,109.02,2,0,0.743,7,7.77,2,57,2,1,1
101915,18,Male,East,37200.0,44,Standard,5,140.24,701.2,23,0,0.343,5,14.11,1,511,2,0,0
101916,31,Female,South,16700.0,14,Basic,6,27.49,164.94,73,1,0.271,9,8.99,2,236,0,1,1
101917,52,Female,South,43500.0,43,Basic,6,36.58,219.48,38,0,0.408,9,11.26,0,323,0,0,0
101918,35,Female,South,28400.0,27,Basic,7,17.39,121.73,72,0,0.786,3,10.02,0,0,1,1,0
101919,20,Male,West,28100.0,29,Basic,4,50.91,203.64,30,0,0.386,4,7.87,1,49,0,1,1
101920,25,Female,North,32400.0,12,Basic,4,33.42,133.68,167,0,0.61,5,3.92,3,0,0,0,1
101921,52,Male,West,71700.0,29,Basic,0,44.6,0.0,95,0,0.397,7,2.66,1,0,0,1,1
101922,18,Female,South,26500.0,19,Standard,5,48.98,244.9,22,0,0.519,9,2.66,1,206,0,0,0
101923,54,Male,East,75700.0,67,Standard,5,58.84,294.2,52,0,0.491,7,8.98,0,625,0,1,0
101924,38,Female,West,52300.0,9,Basic,2,41.84,83.68,116,0,0.275,9,2.74,2,99,1,1,1
101925,23,Male,East,19500.0,53,Basic,3,26.07,78.21,18,0,0.222,1,5.17,2,297,0,1,0
101926,31,Female,East,31000.0,56,Standard,8,14.24,113.92,53,1,0.519,9,9.39,1,83,0,1,1
101927,26,Female,Central,56700.0,36,Basic,8,18.61,148.88,138,0,0.169,13,9.42,1,108,1,1,1
101928,50,Female,North,75600.0,64,Basic,6,9.75,58.5,52,0,0.177,1,0.95,1,0,1,1,1
101929,49,Male,South,69000.0,22,Basic,7,23.1,161.7,96,0,0.661,5,9.89,2,0,0,1,1
101930,18,Female,Central,41400.0,24,Basic,6,38.82,232.92,31,0,0.294,5,5.45,0,228,0,1,0
101931,34,Male,West,49700.0,38,Standard,10,60.92,609.2,42,1,0.611,4,7.6,1,602,0,0,1
101932,28,Non-binary,East,42200.0,23,Standard,11,34.53,379.83,19,1,0.402,3,2.96,1,116,0,1,0
101933,56,Female,South,64800.0,4,Basic,5,50.67,253.35,54,0,0.607,0,4.51,1,243,0,1,1
101934,21,Female,South,54600.0,9,Basic,7,26.06,182.42,25,1,0.244,6,1.4,2,0,1,0,1
101935,60,Female,Central,61400.0,10,Basic,3,68.92,206.76,42,0,0.304,4,,1,0,0,0,1
101936,39,Female,West,51300.0,44,Premium,12,25.22,302.64,22,1,,1,5.62,1,103,1,1,0
101937,24,Female,South,,26,Basic,7,10.68,74.76,9,1,0.214,10,8.24,0,57,0,0,0
101938,30,Male,North,19400.0,42,Basic,7,29.92,209.44,148,2,0.579,2,1.98,0,321,1,1,1
101939,29,Female,West,63900.0,47,Standard,8,52.23,417.84,130,2,0.078,8,4.38,0,202,1,1,1
101940,22,Female,East,40400.0,22,Basic,4,42.94,171.76,5,0,0.485,4,16.95,0,130,0,1,0
101941,40,Male,Central,45900.0,32,Basic,4,61.52,246.08,64,0,0.27,6,4.58,1,106,0,1,1
101942,23,Female,South,,9,Standard,6,21.78,130.68,14,0,0.796,10,7.27,3,166,1,0,1
101943,18,Male,South,,16,Standard,6,150.03,900.18,48,1,0.546,8,2.99,1,409,0,1,0
101944,34,Male,South,37200.0,22,Basic,7,17.05,119.35,64,1,0.259,4,13.68,2,0,0,1,1
101945,18,Female,East,15000.0,27,Basic,3,59.78,179.34,34,0,0.321,8,3.86,1,59,0,1,1
101946,29,Male,South,34300.0,8,Standard,3,21.05,63.15,63,0,0.164,6,13.43,3,165,0,0,1
101947,27,Male,North,46100.0,22,Basic,9,7.05,63.45,15,3,0.148,11,10.88,1,233,1,0,0
101948,28,Male,South,43800.0,14,Standard,3,99.47,298.41,45,0,0.375,6,3.44,1,470,0,0,0
101949,65,Male,North,94900.0,89,Basic,4,23.56,94.24,31,0,0.59,2,9.55,1,0,1,1,0
101950,40,Male,West,53000.0,28,Basic,3,40.74,122.22,80,0,0.276,3,6.14,2,174,1,1,1
101951,42,Male,South,16100.0,42,Basic,6,11.73,70.38,31,0,0.226,7,3.09,0,279,0,0,0
101952,18,Male,South,55300.0,42,Basic,4,78.51,314.04,103,0,0.623,9,1.55,1,28,1,0,1
101953,30,Male,West,27600.0,29,Standard,9,11.75,105.75,33,0,0.316,12,2.08,2,282,0,1,0
101954,42,Male,North,53100.0,35,Standard,9,57.3,515.7,90,0,,11,3.04,0,160,0,1,0
101955,26,Male,East,37000.0,33,Basic,3,73.64,220.92,21,0,0.109,11,22.11,0,295,2,1,0
101956,51,Female,West,62700.0,33,Basic,8,14.92,119.36,129,1,0.473,19,1.27,3,98,0,0,1
101957,23,Male,East,33400.0,61,Standard,4,51.26,205.04,25,0,0.266,4,7.33,2,164,0,1,0
101958,35,Female,East,45100.0,27,Basic,5,17.41,87.05,4,0,0.315,7,12.12,0,43,0,0,0
101959,31,Female,West,21800.0,13,Standard,2,33.07,66.14,44,0,0.183,3,7.61,0,0,2,0,1
101960,41,Female,Central,86100.0,43,Basic,6,32.27,193.62,19,0,0.193,11,12.39,2,103,0,0,1
101961,31,Female,West,49500.0,11,Standard,6,54.19,325.14,13,2,0.587,3,5.6,1,288,2,1,1
101962,35,Male,South,44900.0,24,Basic,2,35.49,70.98,80,0,0.367,10,2.17,1,210,0,1,1
101963,36,Female,East,70900.0,18,Basic,6,55.46,332.76,32,0,0.442,4,3.84,2,56,0,1,0
101964,29,Male,East,23400.0,22,Standard,7,85.31,597.17,33,0,0.429,20,22.16,1,306,1,1,0
101965,45,Male,South,65800.0,37,Basic,2,58.34,116.68,61,0,0.37,5,7.64,1,0,1,0,1
101966,42,Female,South,43000.0,35,Basic,2,59.15,118.3,31,1,0.587,3,3.71,0,156,0,0,0
101967,38,Female,West,52600.0,23,Basic,7,38.75,271.25,35,0,0.728,4,2.45,0,162,0,0,0
101968,33,Male,South,48200.0,17,Basic,3,22.54,67.62,48,0,0.485,2,1.55,4,242,0,0,1
101969,49,Male,Central,24700.0,48,Standard,3,96.91,290.73,63,0,0.603,9,3.85,4,262,0,0,1
101970,36,Female,Central,25100.0,38,Basic,4,14.06,56.24,127,0,0.286,8,10.36,2,0,1,1,1
101971,35,Female,South,66400.0,8,Basic,6,25.31,151.86,189,0,0.169,4,7.31,1,0,0,1,1
101972,40,Female,North,45400.0,8,Basic,8,33.64,269.12,25,0,0.462,17,3.98,0,494,0,1,0
101973,61,Female,Central,96900.0,18,Standard,7,61.25,428.75,4,1,0.135,6,9.87,0,501,0,0,0
101974,22,Female,North,50100.0,5,Premium,4,175.69,702.76,38,1,0.433,9,7.11,0,325,0,1,1
101975,49,Non-binary,West,54400.0,10,Premium,17,45.25,769.25,10,0,0.393,3,14.74,2,315,3,0,0
101976,18,Female,North,23700.0,30,Premium,9,72.15,649.35,92,0,0.412,7,18.47,4,14,1,1,1
101977,42,Female,South,73900.0,34,Premium,12,29.27,351.24,55,0,0.467,10,6.54,4,389,2,1,0
101978,59,Male,South,96400.0,24,Premium,11,130.48,1435.28,19,0,0.345,2,3.46,1,755,0,1,0
101979,45,Male,South,49600.0,24,Basic,2,32.28,64.56,21,1,0.066,5,3.07,2,39,1,1,1
101980,41,Female,Central,71400.0,19,Standard,9,14.79,133.11,28,0,0.471,0,6.86,2,0,0,0,0
101981,32,Male,North,55700.0,15,Basic,6,44.86,269.16,16,0,0.658,10,5.99,1,0,1,1,0
101982,39,Male,North,64800.0,41,Premium,9,142.61,1283.49,67,0,0.365,4,4.75,2,732,1,1,1
101983,36,Female,West,46500.0,43,Basic,8,17.37,138.96,96,0,0.155,7,7.71,0,0,0,1,1
101984,29,Female,Central,29000.0,23,Standard,5,59.58,297.9,27,0,0.659,5,22.6,0,219,1,1,0
101985,35,Male,South,29400.0,10,Basic,3,44.08,132.24,4,0,0.375,10,4.56,0,331,2,0,0
101986,42,Male,West,32500.0,15,Standard,12,37.67,452.04,39,2,0.096,2,9.12,0,243,2,1,1
101987,29,Non-binary,North,65200.0,25,Standard,5,29.92,149.6,3,1,0.35,4,8.91,1,42,0,1,0
101988,29,Female,West,38600.0,23,Standard,7,126.42,884.94,106,0,0.414,11,7.39,0,640,1,0,1
101989,21,Male,West,15000.0,39,Premium,9,123.19,1108.71,43,1,0.35,0,6.58,1,473,0,1,0
101990,44,Female,Central,66700.0,15,Basic,5,105.2,526.0,1,0,0.342,6,13.83,0,274,0,0,0
101991,46,Male,East,47900.0,36,Standard,7,51.01,357.07,36,0,0.247,13,3.86,0,164,0,1,0
101992,42,Male,Central,41700.0,25,Premium,10,11.93,119.3,40,0,0.358,17,5.85,0,109,0,0,0
101993,52,Female,South,89300.0,87,Standard,8,57.17,457.36,17,1,0.646,3,11.41,2,178,1,1,0
101994,40,Female,West,30300.0,24,Standard,4,56.75,227.0,39,1,0.289,1,21.93,0,83,1,1,1
101995,44,Male,West,56000.0,16,Basic,11,32.28,355.08,30,2,0.507,6,2.94,1,378,0,1,0
101996,43,Male,South,43500.0,59,Standard,9,66.53,598.77,5,0,0.399,18,13.04,1,397,0,0,0
101997,38,Female,Central,36500.0,23,Basic,2,23.39,46.78,146,0,0.192,22,6.53,0,0,0,0,1
101998,32,Male,West,20800.0,34,Basic,5,37.87,189.35,44,0,,5,4.69,1,0,3,1,0
101999,68,Female,Central,76300.0,6,Basic,7,45.92,321.44,6,0,0.269,8,4.35,7,44,1,1,1
102000,33,Female,South,30000.0,51,Basic,3,48.37,145.11,256,1,0.534,7,3.95,1,287,0,1,1
102001,30,Female,West,47700.0,15,Basic,7,129.19,904.33,109,0,0.399,7,18.04,1,408,0,0,1
102002,45,Male,South,53000.0,11,Premium,12,104.77,1257.24,14,2,0.711,13,13.43,1,964,0,0,1
102003,42,Female,Central,46400.0,45,Standard,8,47.12,376.96,8,0,0.442,1,8.21,0,282,1,1,0
102004,21,Male,North,18700.0,14,Premium,11,125.34,1378.74,18,0,0.384,1,11.73,0,760,0,1,0
102005,54,Female,East,82200.0,13,Standard,8,38.27,306.16,5,2,0.172,10,5.03,1,272,0,0,0
102006,38,Male,North,57300.0,10,Premium,7,141.98,993.86,12,2,0.165,5,7.25,0,335,1,1,1
102007,25,Male,West,25100.0,18,Basic,1,26.44,26.44,33,0,0.15,13,,1,0,1,1,1
102008,54,Female,South,43200.0,14,Standard,6,69.0,414.0,151,0,0.49,7,3.6,3,228,1,1,1
102009,47,Female,Central,29100.0,41,Basic,7,56.25,393.75,18,0,,11,11.37,0,441,0,1,0
102010,23,Female,Central,48700.0,15,Basic,1,51.94,51.94,39,0,0.453,9,9.43,0,126,0,1,0
102011,62,Female,South,82500.0,17,Basic,6,75.61,453.66,52,0,0.094,6,6.22,0,580,1,0,1
102012,48,Male,West,71200.0,16,Standard,6,48.25,289.5,27,0,0.099,14,10.09,0,248,0,1,0
102013,39,Male,West,46300.0,37,Standard,8,24.46,195.68,233,0,0.723,3,10.13,1,145,0,1,1
102014,60,Female,South,79200.0,43,Basic,5,51.04,255.2,121,0,0.232,0,3.74,2,112,1,1,1
102015,41,Male,South,64200.0,25,Premium,10,45.27,452.7,38,0,0.39,4,13.92,0,0,1,1,0
102016,39,Female,North,47000.0,24,Premium,12,68.14,817.68,118,0,0.279,8,3.89,2,636,0,1,1
102017,30,Female,North,34400.0,27,Standard,8,51.98,415.84,43,1,0.565,16,19.29,1,333,0,0,0
102018,47,Female,East,41900.0,29,Standard,12,94.36,1132.32,23,2,0.538,2,21.36,0,550,0,0,0
102019,45,Female,East,59600.0,39,Standard,4,61.42,245.68,32,1,0.447,7,18.88,0,0,0,1,0
102020,39,Male,South,55800.0,37,Basic,2,30.34,60.68,174,0,0.845,5,5.12,2,164,1,0,1
102021,29,Female,Central,32800.0,1,Standard,3,18.81,56.43,41,0,0.57,7,11.15,1,132,1,1,0
102022,41,Male,North,45800.0,12,Basic,9,5.0,45.0,35,0,0.197,5,10.98,3,232,0,0,1
102023,38,Female,Central,44000.0,4,Premium,12,38.46,461.52,10,1,0.517,12,4.38,0,326,1,1,0
102024,22,Male,West,42900.0,30,Standard,10,35.96,359.6,31,0,0.252,4,11.28,0,362,1,1,0
102025,20,Female,West,15000.0,9,Basic,5,49.84,249.2,76,1,0.69,4,13.61,2,252,0,0,1
102026,46,Female,East,39100.0,34,Basic,4,15.0,60.0,54,0,0.455,11,10.99,2,43,1,1,0
102027,18,Female,North,15000.0,29,Basic,6,23.44,140.64,12,1,0.789,5,14.93,1,76,1,1,0
102028,42,Female,Central,48700.0,24,Basic,4,8.69,34.76,64,1,0.258,8,11.03,2,0,0,0,1
102029,33,Female,West,46700.0,21,Standard,4,35.28,141.12,44,0,0.365,3,5.11,1,12,1,1,1
102030,56,Female,West,49100.0,43,Standard,7,20.19,141.33,8,0,0.026,7,6.04,1,352,0,1,0
102031,33,Male,South,55000.0,36,Standard,3,163.89,491.67,31,1,0.374,21,8.39,0,371,2,1,0
102032,48,Female,East,77000.0,11,Standard,9,77.2,694.8,28,0,0.232,14,4.26,2,411,1,1,0
102033,34,Male,South,49000.0,29,Premium,5,50.28,251.4,17,0,0.246,7,0.5,2,413,0,1,0
102034,40,Male,East,64600.0,27,Basic,7,13.37,93.59,28,0,0.271,12,6.51,2,182,0,0,1
102035,49,Male,West,44600.0,51,Standard,7,49.18,344.26,31,1,0.606,8,2.55,0,255,0,0,0
102036,33,Male,North,29800.0,56,Standard,5,27.84,139.2,57,0,0.443,6,5.56,1,141,0,0,0
102037,52,Female,North,67500.0,25,Premium,13,97.21,1263.73,31,0,0.402,3,6.54,1,677,0,1,0
102038,26,Male,North,35100.0,83,Basic,4,21.91,87.64,12,1,0.107,5,9.08,2,189,0,1,0
102039,43,Male,North,39200.0,14,Basic,4,48.56,194.24,62,0,0.431,10,7.68,1,0,0,0,1
102040,51,Male,South,79300.0,7,Basic,6,40.33,241.98,230,0,0.247,11,4.32,1,67,0,0,1
102041,48,Female,North,60700.0,60,Premium,14,20.76,290.64,65,0,0.554,10,17.69,1,172,2,0,0
102042,64,Male,South,81500.0,13,Basic,5,17.61,88.05,14,1,0.405,5,5.03,0,0,1,0,0
102043,29,Female,West,29000.0,8,Basic,8,44.06,352.48,31,1,0.415,7,,1,0,0,0,1
102044,21,Male,West,54400.0,14,Premium,14,113.06,1582.84,0,0,0.438,21,,0,859,0,1,0
102045,26,Female,South,33400.0,17,Premium,13,37.36,485.68,27,2,0.159,12,6.08,2,261,1,1,0
102046,48,Female,North,70800.0,5,Standard,7,63.73,446.11,33,0,0.473,4,8.89,2,89,1,0,1
102047,45,Male,West,45500.0,20,Basic,1,73.01,73.01,76,0,0.482,6,1.43,0,18,0,0,1
102048,40,Male,South,51300.0,16,Standard,13,71.02,923.26,45,0,0.247,10,19.34,4,702,0,0,0
102049,24,Female,South,41500.0,26,Basic,5,12.7,63.5,20,0,0.207,7,5.43,1,274,1,1,0
102050,49,Male,East,85400.0,2,Basic,4,27.13,108.52,0,0,0.426,2,1.57,2,0,0,0,0
102051,23,Male,Central,26600.0,21,Standard,8,35.41,283.28,15,1,0.295,12,4.07,1,216,0,0,0
102052,54,Male,South,65000.0,92,Premium,12,125.87,1510.44,74,0,0.481,7,2.92,1,851,1,1,0
102053,76,Male,Central,91400.0,46,Basic,6,20.77,124.62,45,1,0.617,4,4.03,0,21,2,1,1
102054,44,Female,South,32900.0,8,Standard,13,101.91,1324.83,7,1,0.245,8,14.38,3,885,1,1,1
102055,47,Female,North,,14,Basic,4,10.46,41.84,30,0,0.523,6,14.78,3,0,0,1,0
102056,33,Male,North,28300.0,18,Basic,3,19.05,57.15,6,0,0.407,16,23.05,0,68,1,1,0
102057,18,Female,West,41500.0,59,Basic,10,29.37,293.7,32,0,0.735,2,8.29,2,92,0,0,1
102058,31,Male,East,64400.0,20,Basic,4,44.59,178.36,43,0,0.567,3,4.71,3,126,1,1,1
102059,25,Male,East,21700.0,18,Basic,1,12.67,12.67,4,0,0.431,9,5.08,1,18,0,0,0
102060,20,Male,Central,15000.0,9,Basic,6,58.86,353.16,16,0,0.861,11,7.83,0,323,0,1,0
102061,61,Female,East,90300.0,18,Basic,6,25.46,152.76,7,1,0.698,2,3.56,0,173,1,1,1
102062,43,Male,North,43800.0,20,Basic,1,13.92,13.92,17,0,0.108,9,25.46,1,0,0,0,0
102063,44,Male,West,47500.0,28,Basic,4,48.15,192.6,11,1,0.434,3,5.89,0,407,0,0,1
102064,35,Female,North,64600.0,13,Basic,3,25.92,77.76,5,0,0.472,8,8.5,2,254,1,0,1
102065,37,Female,East,64200.0,9,Standard,11,25.14,276.54,23,1,0.157,14,6.25,1,270,1,0,1
102066,52,Female,Central,73400.0,9,Standard,10,28.77,287.7,13,0,0.336,6,30.6,0,235,0,1,0
102067,39,Female,East,24000.0,47,Basic,4,40.67,162.68,52,0,0.529,3,8.77,1,97,1,1,0
102068,46,Male,South,37000.0,52,Premium,6,72.74,436.44,30,1,0.144,1,12.34,0,119,1,1,0
102069,36,Male,East,60800.0,48,Basic,8,13.44,107.52,207,0,0.487,1,6.52,2,68,1,0,1
102070,35,Female,North,48600.0,18,Standard,5,19.43,97.15,8,0,0.545,6,10.2,0,238,1,1,0
102071,21,Male,South,20000.0,46,Basic,5,94.67,473.35,29,0,0.492,3,6.81,4,267,1,1,1
102072,18,Female,East,23200.0,42,Basic,6,15.24,91.44,4,0,0.657,11,11.53,3,214,0,1,0
102073,36,Female,South,60700.0,33,Basic,8,20.35,162.8,43,0,0.256,3,3.82,4,291,2,1,0
102074,40,Female,North,70300.0,19,Basic,5,29.69,148.45,53,1,0.41,0,30.35,1,274,2,1,1
102075,22,Male,East,31700.0,33,Standard,4,62.87,251.48,37,0,0.768,1,14.63,0,0,3,0,0
102076,39,Male,South,38300.0,8,Basic,6,70.81,424.86,11,0,0.502,11,20.99,3,50,0,0,1
102077,40,Male,South,45000.0,43,Premium,4,170.21,680.84,18,1,0.178,4,5.32,2,602,2,1,0
102078,18,Male,Central,46800.0,3,Basic,8,22.46,179.68,18,0,0.148,10,24.29,1,73,0,1,1
102079,27,Female,North,,20,Standard,5,202.73,1013.65,20,0,0.389,9,4.63,2,947,1,1,0
102080,44,Male,North,55400.0,22,Basic,4,35.07,140.28,25,0,0.329,0,19.71,2,0,0,0,0
102081,44,Female,Central,45300.0,19,Premium,10,98.17,981.7,19,1,0.452,20,4.45,1,598,0,0,0
102082,24,Female,North,48900.0,44,Basic,4,39.71,158.84,19,0,0.195,14,20.22,1,223,0,1,0
102083,41,Male,Central,72600.0,9,Basic,7,59.58,417.06,45,0,0.099,5,41.46,1,211,0,1,1
102084,52,Female,West,40000.0,12,Standard,7,23.81,166.67,27,0,0.581,8,13.95,1,0,1,0,0
102085,49,Female,East,54200.0,26,Basic,2,47.89,95.78,43,0,0.353,5,9.21,0,33,1,0,1
102086,38,Female,South,63200.0,7,Standard,5,58.71,293.55,14,0,0.572,4,12.0,0,159,0,1,0
102087,33,Female,South,43300.0,18,Basic,2,59.72,119.44,68,0,0.37,1,6.95,0,235,2,1,1
102088,31,Male,West,33500.0,62,Premium,12,98.05,1176.6,2,0,0.071,2,14.03,0,621,0,1,0
102089,45,Female,North,56200.0,43,Premium,9,33.98,305.82,113,0,0.381,6,12.08,2,380,0,1,1
102090,42,Male,West,56000.0,69,Basic,3,137.73,413.19,8,0,0.391,2,4.16,0,240,0,1,0
102091,47,Non-binary,West,39800.0,24,Standard,7,19.24,134.68,129,1,0.209,15,18.68,1,76,2,1,1
102092,41,Male,West,51100.0,45,Basic,9,81.05,729.45,19,0,0.329,14,12.5,0,547,0,1,0
102093,50,Female,North,63500.0,47,Premium,11,62.08,682.88,200,1,0.473,7,5.52,0,134,0,0,1
102094,40,Male,West,42000.0,7,Basic,6,23.3,139.8,147,0,0.656,9,16.5,0,196,3,0,1
102095,49,Female,West,46500.0,15,Basic,3,37.78,113.34,43,0,,8,1.35,1,98,1,0,1
102096,50,Female,North,50900.0,19,Premium,9,80.09,720.81,42,0,0.426,6,6.57,1,306,0,0,1
102097,29,Male,Central,24900.0,94,Basic,4,26.89,107.56,31,0,0.355,2,4.7,1,97,1,1,0
102098,18,Female,North,39900.0,53,Premium,16,33.83,541.28,39,1,0.558,10,10.23,1,246,0,1,0
102099,59,Male,Central,,10,Standard,5,52.54,262.7,22,0,0.336,6,14.25,2,70,1,1,0
102100,42,Female,North,53400.0,66,Standard,6,40.99,245.94,12,2,0.302,5,1.94,1,238,0,0,0
102101,18,Male,South,22800.0,17,Basic,6,56.31,337.86,45,1,0.583,9,26.55,1,439,2,1,0
102102,30,Male,West,29500.0,36,Standard,5,84.15,420.75,28,1,0.21,6,3.77,1,438,0,0,0
102103,49,Non-binary,North,76600.0,20,Standard,3,11.43,34.29,6,1,0.32,5,21.58,1,0,0,1,1
102104,35,Female,North,42300.0,4,Basic,7,50.18,351.26,19,0,0.041,11,0.99,1,320,0,1,1
102105,32,Female,North,31900.0,67,Basic,8,51.14,409.12,2,0,0.356,3,3.06,0,143,1,1,0
102106,57,Male,West,54300.0,48,Standard,6,106.98,641.88,111,1,0.492,7,3.95,1,310,0,0,1
102107,25,Male,North,39400.0,21,Basic,5,13.11,65.55,1,0,0.683,8,9.1,1,311,0,1,0
102108,29,Female,East,50000.0,33,Standard,6,57.58,345.48,63,1,0.666,0,7.05,2,146,0,1,0
102109,42,Female,East,68600.0,15,Basic,5,93.13,465.65,30,0,0.315,7,17.37,0,415,0,0,1
102110,44,Male,East,50400.0,14,Premium,16,88.19,1411.04,35,1,0.679,14,21.39,1,662,0,1,0
102111,45,Male,South,50500.0,48,Standard,5,62.74,313.7,7,0,0.318,7,6.72,2,204,1,0,0
102112,51,Male,South,61200.0,44,Basic,5,23.65,118.25,184,0,0.397,7,12.38,0,195,0,1,1
102113,42,Male,Central,53100.0,80,Premium,14,193.09,2703.26,9,0,0.115,7,14.06,1,1370,0,1,0
102114,45,Female,West,42800.0,45,Premium,10,47.65,476.5,35,0,0.455,4,0.5,1,365,1,0,0
102115,36,Female,Central,65600.0,32,Premium,7,91.19,638.33,44,2,0.439,18,2.13,3,340,0,0,1
102116,40,Male,West,49200.0,46,Basic,5,58.12,290.6,33,1,,5,7.08,0,37,1,1,0
102117,40,Male,West,56400.0,35,Basic,9,39.39,354.51,142,1,0.175,12,0.82,2,411,0,1,1
102118,42,Female,Central,56700.0,37,Basic,8,8.15,65.2,175,0,0.299,8,22.0,4,91,1,1,1
102119,49,Male,South,63100.0,42,Premium,7,284.67,1992.69,2,1,0.188,6,2.57,0,888,1,0,0
102120,46,Female,Central,40500.0,47,Standard,5,5.0,25.0,16,0,0.438,3,8.01,0,0,2,0,0
102121,40,Female,North,48800.0,24,Basic,4,23.18,92.72,35,1,0.249,2,7.11,0,312,0,1,1
102122,28,Male,North,69400.0,3,Basic,6,55.51,333.06,27,0,0.4,10,5.0,1,328,0,0,1
102123,40,Female,East,71100.0,25,Premium,10,194.8,1948.0,63,1,0.198,0,16.71,2,1041,1,0,1
102124,39,Female,South,50100.0,12,Basic,7,43.86,307.02,61,0,0.085,14,4.8,0,382,3,1,1
102125,42,Male,South,45700.0,55,Standard,10,14.55,145.5,0,0,0.618,11,5.11,1,176,1,0,0
102126,68,Female,East,44500.0,63,Basic,3,39.77,119.31,7,0,0.22,11,10.87,0,148,0,1,0
102127,32,Female,East,34300.0,12,Basic,5,5.0,25.0,50,0,0.694,2,1.14,1,137,0,1,1
102128,44,Male,Central,51600.0,19,Basic,5,50.96,254.8,9,0,0.314,10,10.67,2,0,0,1,0
102129,53,Female,South,56800.0,23,Basic,3,24.59,73.77,18,0,0.351,5,11.79,0,270,1,1,0
102130,40,Male,South,45400.0,13,Basic,5,25.2,126.0,133,0,0.286,2,9.89,0,0,1,1,1
102131,69,Female,West,85200.0,35,Basic,3,83.35,250.05,2,0,0.581,12,0.5,0,529,0,1,0
102132,34,Female,East,29200.0,9,Basic,3,41.12,123.36,41,0,0.305,16,6.94,0,232,2,1,0
102133,43,Male,West,55600.0,30,Premium,8,75.07,600.56,71,0,0.17,8,10.05,0,423,0,1,0
102134,29,Female,South,,43,Standard,9,84.21,757.89,28,0,0.353,6,2.43,0,572,1,1,0
102135,34,Male,North,30800.0,38,Basic,7,55.32,387.24,5,1,0.143,5,3.63,0,21,1,1,0
102136,42,Male,Central,74200.0,36,Basic,1,5.0,5.0,54,0,0.382,12,7.9,0,144,0,0,1
102137,50,Male,North,68900.0,15,Basic,6,43.14,258.84,19,1,0.08,2,6.28,0,0,0,1,0
102138,43,Female,West,40700.0,61,Basic,4,19.76,79.04,44,1,0.12,13,1.56,3,231,0,0,0
102139,55,Female,South,70400.0,52,Standard,8,84.95,679.6,132,0,0.186,11,12.36,1,415,0,0,1
102140,38,Male,South,27500.0,19,Standard,11,98.13,1079.43,84,0,0.509,11,11.57,1,680,1,1,1
102141,35,Female,West,34900.0,41,Standard,7,39.31,275.17,4,0,0.32,2,10.93,0,0,0,1,0
102142,74,Male,South,99800.0,17,Basic,6,44.35,266.1,86,0,0.138,9,8.65,1,85,0,1,1
102143,44,Male,North,57600.0,41,Basic,9,23.17,208.53,39,0,0.193,9,8.73,1,134,0,1,0
102144,30,Female,West,43200.0,9,Basic,4,51.05,204.2,1,0,,0,7.43,4,287,0,0,1
102145,30,Female,North,53200.0,49,Basic,7,20.73,145.11,36,0,0.125,26,4.31,1,554,0,1,0
102146,27,Male,South,45100.0,18,Basic,6,21.23,127.38,34,0,0.511,16,3.67,0,0,0,0,0
102147,51,Male,East,55600.0,12,Basic,5,11.35,56.75,14,0,0.294,9,10.87,1,0,0,1,1
102148,34,Female,South,56300.0,11,Basic,5,46.55,232.75,23,0,0.609,5,7.92,0,200,0,0,1
102149,41,Male,East,26200.0,31,Basic,2,8.05,16.1,134,0,0.609,6,8.27,0,92,1,1,1
102150,38,Male,South,37700.0,5,Premium,11,54.11,595.21,53,1,0.293,5,3.44,1,337,0,1,1
102151,49,Female,South,56100.0,38,Basic,5,12.98,64.9,77,0,0.527,6,5.16,0,0,0,1,0
102152,28,Female,South,45200.0,22,Standard,7,53.02,371.14,11,1,0.172,6,1.17,2,324,0,0,0
102153,25,Male,Central,30100.0,43,Premium,13,167.6,2178.8,8,2,,16,4.06,1,1107,1,0,0
102154,42,Male,North,25800.0,4,Premium,11,43.35,476.85,167,1,0.254,6,15.0,1,245,0,0,1
102155,47,Male,Central,28600.0,27,Standard,10,73.37,733.7,21,0,0.635,7,0.5,3,500,0,1,0
102156,43,Female,South,50800.0,22,Standard,7,52.0,364.0,11,1,0.058,7,5.64,0,42,0,0,0
102157,28,Male,South,30800.0,13,Basic,4,31.47,125.88,30,1,0.797,5,9.86,2,262,1,0,1
102158,48,Male,West,43800.0,11,Basic,2,77.81,155.62,96,0,0.201,12,5.26,1,67,0,0,1
102159,29,Male,South,23400.0,40,Basic,2,62.4,124.8,39,0,0.731,3,3.55,1,154,2,1,1
102160,32,Female,East,43200.0,9,Standard,7,29.46,206.22,95,0,0.385,5,17.92,0,243,0,0,1
102161,27,Female,Central,54800.0,26,Basic,3,47.04,141.12,41,0,0.326,13,4.02,1,207,1,0,1
102162,56,Male,West,66000.0,7,Basic,3,69.27,207.81,64,0,0.527,3,11.44,1,162,1,1,1
102163,47,Female,East,74000.0,6,Basic,11,24.58,270.38,28,1,0.717,4,2.28,0,203,0,1,1
102164,47,Female,West,50300.0,25,Basic,7,5.0,35.0,15,0,0.614,11,5.92,0,79,0,0,0
102165,55,Male,South,69400.0,30,Premium,8,87.16,697.28,45,1,0.598,2,2.11,1,322,2,1,0
102166,76,Female,West,102000.0,13,Standard,5,35.07,175.35,59,1,0.305,12,3.38,4,176,0,0,1
102167,18,Male,North,25800.0,36,Basic,4,27.79,111.16,9,0,0.464,5,13.71,0,192,0,1,0
102168,29,Male,North,38800.0,52,Premium,14,47.01,658.14,49,1,0.457,1,30.07,3,0,0,1,0
102169,31,Male,East,35100.0,41,Standard,8,37.59,300.72,94,0,0.614,5,2.11,0,376,0,1,1
102170,28,Female,North,45800.0,25,Premium,15,145.31,2179.65,19,0,0.731,13,5.17,0,1307,1,1,0
102171,25,Male,West,47300.0,50,Standard,12,124.24,1490.88,72,4,0.208,7,15.09,2,590,1,0,1
102172,35,Male,North,,28,Standard,6,65.37,392.22,170,2,0.362,9,11.49,2,155,0,1,1
102173,23,Male,North,29500.0,12,Premium,11,86.32,949.52,5,1,0.317,3,9.87,1,562,0,0,0
102174,43,Female,West,30800.0,38,Basic,5,59.9,299.5,15,0,0.82,0,2.04,0,435,1,0,0
102175,40,Female,East,48200.0,46,Standard,3,85.8,257.4,8,0,0.187,12,4.36,1,351,3,1,0
102176,45,Male,Central,51000.0,8,Basic,9,112.05,1008.45,10,0,0.324,6,6.34,1,480,1,1,0
102177,46,Female,South,57900.0,20,Premium,19,34.77,660.63,39,2,0.391,5,22.32,1,103,0,1,0
102178,47,Male,North,57200.0,12,Standard,6,131.02,786.12,68,1,0.24,15,9.9,0,484,0,1,1
102179,34,Female,North,65200.0,28,Basic,3,21.23,63.69,54,0,0.711,5,8.17,2,0,1,1,1
102180,67,Female,South,64800.0,22,Standard,5,49.26,246.3,53,0,0.324,3,4.16,3,0,0,0,1
102181,42,Male,North,28700.0,12,Basic,4,11.16,44.64,11,0,0.21,1,0.76,1,63,0,0,1
102182,18,Male,West,15000.0,25,Standard,12,14.55,174.6,29,0,,6,9.58,0,156,0,0,1
102183,26,Male,North,26700.0,31,Standard,7,63.25,442.75,90,0,0.161,6,4.03,4,641,1,0,1
102184,18,Female,Central,43100.0,36,Basic,4,70.41,281.64,1,0,0.443,8,16.59,2,279,0,1,0
102185,39,Male,East,29800.0,72,Standard,4,28.38,113.52,10,2,0.571,4,4.46,0,39,1,1,0
102186,37,Non-binary,West,29800.0,21,Standard,9,22.24,200.16,39,0,0.139,3,3.89,0,185,1,1,0
102187,33,Female,North,48000.0,26,Premium,15,66.4,996.0,50,3,0.089,7,7.54,2,441,3,0,0
102188,65,Female,North,84500.0,26,Premium,13,62.94,818.22,54,0,0.4,12,15.68,2,753,0,1,0
102189,46,Female,South,32900.0,92,Basic,5,70.69,353.45,5,0,0.435,7,2.94,2,64,1,1,0
102190,48,Male,East,31700.0,18,Basic,5,24.72,123.6,17,0,0.382,7,7.85,2,104,0,0,0
102191,27,Female,East,25500.0,22,Basic,6,21.64,129.84,38,1,0.116,6,7.4,2,203,1,0,1
102192,26,Male,South,44800.0,23,Basic,6,14.68,88.08,43,0,0.73,0,2.89,1,195,1,0,1
102193,39,Female,South,50000.0,9,Basic,4,43.99,175.96,19,0,0.596,9,10.09,3,138,0,0,1
102194,41,Male,Central,39400.0,35,Standard,9,18.94,170.46,80,0,0.274,3,11.92,0,258,0,0,1
102195,18,Male,South,38400.0,29,Premium,12,70.0,840.0,31,1,0.176,5,23.55,3,174,0,1,0
102196,37,Male,North,47800.0,17,Standard,6,114.13,684.78,12,0,0.405,10,4.98,1,546,1,1,0
102197,39,Female,South,46400.0,36,Standard,8,33.68,269.44,78,0,0.297,3,13.69,0,261,0,0,1
102198,36,Female,South,22500.0,33,Basic,5,10.21,51.05,18,0,0.393,9,3.96,2,118,0,1,1
102199,28,Male,South,26700.0,11,Basic,5,31.11,155.55,40,1,0.306,12,1.76,0,24,0,1,1
102200,32,Female,East,68700.0,35,Basic,3,73.15,219.45,54,0,0.265,10,7.84,1,76,1,0,1
102201,37,Male,East,41300.0,5,Basic,5,14.8,74.0,29,1,0.136,8,8.38,1,38,0,1,1
102202,40,Female,West,35500.0,27,Standard,7,30.22,211.54,14,0,0.29,2,2.12,1,195,0,1,0
102203,47,Female,North,50200.0,14,Premium,12,130.09,1561.08,16,2,0.191,15,20.61,4,1210,0,1,1
102204,53,Female,North,62900.0,63,Premium,9,94.41,849.69,66,2,0.113,10,15.26,1,642,0,0,0
102205,35,Male,West,56500.0,50,Premium,7,90.08,630.56,25,0,0.323,14,11.55,1,574,1,0,0
102206,33,Male,North,50900.0,63,Basic,6,103.68,622.08,58,0,0.167,15,32.69,1,673,1,1,0
102207,45,Female,South,44200.0,15,Basic,3,79.29,237.87,13,1,0.262,7,7.13,1,27,0,0,1
102208,47,Female,South,73400.0,12,Basic,6,18.53,111.18,76,0,0.608,8,5.3,1,44,1,1,1
102209,33,Female,West,53700.0,24,Basic,7,50.72,355.04,12,0,0.609,4,4.1,3,316,0,1,0
102210,49,Non-binary,North,51200.0,16,Basic,2,33.52,67.04,31,1,0.609,5,12.56,0,379,0,0,1
102211,52,Male,Central,58500.0,13,Standard,12,14.04,168.48,13,0,0.357,4,4.92,0,161,0,1,0
102212,56,Female,South,72500.0,52,Standard,5,44.13,220.65,7,0,0.402,12,6.33,1,300,1,1,0
102213,62,Male,Central,84800.0,52,Premium,10,74.11,741.1,21,2,0.146,5,5.99,1,456,0,1,0
102214,28,Male,South,16200.0,43,Basic,7,38.5,269.5,10,1,0.43,6,11.89,1,0,0,1,0
102215,39,Male,West,48900.0,6,Standard,7,75.23,526.61,9,0,0.302,2,3.52,2,113,0,0,0
102216,39,Female,South,47500.0,33,Standard,4,43.65,174.6,1,0,0.45,12,9.26,1,286,0,1,0
102217,38,Male,West,39000.0,21,Standard,10,54.5,545.0,1,2,0.389,9,5.28,0,476,1,1,0
102218,31,Male,East,32300.0,40,Standard,8,29.85,238.8,101,0,0.169,3,2.84,1,520,1,1,1
102219,20,Female,Central,44700.0,39,Basic,6,10.57,63.42,45,0,0.283,15,5.46,0,207,0,1,0
102220,40,Female,West,56400.0,30,Basic,6,9.56,57.36,71,0,0.589,20,11.68,0,305,1,1,0
102221,29,Female,East,67900.0,53,Basic,4,38.0,152.0,141,0,0.368,15,21.68,1,377,0,0,1
102222,40,Female,South,40900.0,30,Basic,2,28.37,56.74,85,0,0.376,6,2.29,0,0,0,1,1
102223,29,Female,South,40400.0,5,Basic,9,38.88,349.92,59,1,0.344,8,8.06,1,326,0,1,1
102224,25,Male,Central,39000.0,20,Standard,6,16.8,100.8,38,0,0.595,12,6.93,0,0,0,0,0
102225,42,Male,Central,63300.0,15,Premium,9,69.38,624.42,320,0,0.477,5,10.76,1,275,0,1,1
102226,41,Female,North,68900.0,12,Basic,5,33.88,169.4,87,0,0.628,9,35.92,3,291,1,0,0
102227,47,Female,North,56900.0,12,Basic,2,28.24,56.48,90,1,0.201,4,11.91,0,364,0,1,1
102228,67,Male,North,,18,Basic,4,19.0,76.0,45,0,0.381,12,10.05,2,0,0,1,1
102229,43,Male,North,41800.0,16,Basic,5,15.62,78.1,57,0,0.419,10,0.51,1,170,0,1,1
102230,45,Female,South,55600.0,34,Basic,4,32.04,128.16,68,1,0.058,11,6.64,1,117,1,1,1
102231,25,Male,West,50400.0,14,Standard,8,109.41,875.28,55,0,0.286,7,9.2,0,617,1,0,1
102232,22,Female,North,15000.0,35,Basic,8,57.65,461.2,43,1,0.444,11,4.31,2,371,1,1,1
102233,60,Female,Central,51500.0,45,Basic,2,15.79,31.58,141,0,0.315,8,14.69,2,0,1,0,1
102234,27,Male,Central,47200.0,35,Premium,8,89.24,713.92,33,0,0.261,12,11.3,2,732,2,0,1
102235,25,Male,South,,27,Standard,12,135.51,1626.12,2,1,0.352,3,4.34,2,791,0,0,0
102236,38,Female,South,31200.0,37,Basic,4,41.4,165.6,15,0,0.392,3,3.83,0,55,0,0,0
102237,38,Male,East,62900.0,12,Basic,5,74.16,370.8,34,0,0.538,2,1.67,1,223,1,1,1
102238,27,Male,North,33500.0,6,Premium,14,101.28,1417.92,5,0,0.331,3,5.9,1,548,0,0,0
102239,35,Female,West,40000.0,38,Premium,10,88.06,880.6,29,1,0.287,6,7.49,0,496,0,1,0
102240,55,Male,East,82300.0,29,Standard,8,98.22,785.76,85,3,0.061,3,19.25,0,410,0,1,1
102241,29,Female,North,23600.0,66,Basic,2,54.97,109.94,2,0,0.429,7,1.35,0,354,1,1,0
102242,21,Female,Central,15000.0,46,Standard,6,74.54,447.24,17,0,0.458,6,8.01,0,439,1,1,0
102243,51,Female,South,82200.0,20,Standard,9,102.87,925.83,57,1,0.213,8,5.64,2,646,0,1,1
102244,45,Female,North,,22,Basic,3,13.83,41.49,14,0,0.687,10,5.33,1,279,2,1,0
102245,31,Female,Central,49900.0,28,Basic,4,29.55,118.2,30,0,0.798,15,1.86,0,253,1,0,1
102246,18,Male,North,23600.0,22,Basic,4,30.16,120.64,49,0,0.383,13,14.26,0,361,2,1,0
102247,29,Female,North,37000.0,27,Basic,3,13.66,40.98,22,0,0.184,12,8.29,2,63,2,0,1
102248,38,Male,South,37100.0,16,Standard,8,78.09,624.72,13,0,,8,7.81,2,299,0,0,0
102249,54,Female,South,66700.0,41,Standard,9,78.21,703.89,128,0,0.659,8,10.77,1,723,0,0,1
102250,26,Male,South,47200.0,34,Premium,11,107.12,1178.32,9,0,0.558,5,9.47,1,705,0,1,0
102251,38,Male,West,49700.0,24,Premium,8,74.17,593.36,61,0,0.728,5,5.38,1,392,0,0,0
102252,48,Female,South,71400.0,11,Standard,7,93.79,656.53,17,0,0.509,6,7.55,1,775,0,0,1
102253,18,Male,East,37300.0,23,Basic,4,82.27,329.08,41,0,0.112,2,3.75,1,149,1,1,1
102254,52,Male,North,45600.0,31,Standard,4,22.76,91.04,25,0,0.549,5,5.1,3,230,3,1,0
102255,24,Female,South,31700.0,22,Basic,5,48.95,244.75,6,0,0.492,15,14.44,2,436,1,1,0
102256,43,Female,Central,,19,Standard,10,20.89,208.9,14,0,0.788,7,4.03,1,75,0,1,0
102257,42,Male,West,61300.0,4,Basic,4,23.33,93.32,11,0,0.253,3,5.24,1,0,2,0,1
102258,53,Male,West,67700.0,94,Standard,8,61.87,494.96,22,0,0.669,7,,2,258,0,1,0
102259,46,Female,South,56400.0,13,Basic,5,11.72,58.6,47,0,0.695,2,12.03,0,0,4,1,1
102260,18,Male,East,42200.0,32,Standard,11,5.0,55.0,46,0,0.725,7,3.47,0,234,2,1,0
102261,29,Female,West,15000.0,12,Standard,6,131.85,791.1,6,1,0.414,5,16.22,4,574,1,0,1
102262,41,Female,Central,41400.0,30,Basic,4,31.31,125.24,33,0,0.531,6,13.99,1,328,1,1,0
102263,36,Male,West,37800.0,32,Premium,13,25.77,335.01,28,1,0.583,6,22.55,0,284,2,1,0
102264,45,Non-binary,South,57200.0,20,Basic,7,36.56,255.92,47,1,0.607,2,9.55,2,0,0,1,0
102265,49,Female,North,65200.0,22,Basic,4,36.15,144.6,79,0,0.621,5,13.06,0,281,0,0,1
102266,47,Female,North,55500.0,16,Standard,8,46.24,369.92,31,1,0.424,22,6.04,1,503,3,1,0
102267,36,Female,North,26700.0,94,Basic,5,44.22,221.1,8,0,0.525,3,4.2,1,0,0,0,0
102268,18,Male,South,33700.0,43,Premium,7,67.21,470.47,109,1,0.387,3,1.61,1,481,1,1,1
102269,33,Female,North,44000.0,27,Standard,7,53.95,377.65,29,1,0.658,16,12.82,1,444,0,0,0
102270,44,Female,South,32100.0,17,Basic,7,39.53,276.71,3,0,0.375,7,7.44,0,91,0,1,0
102271,25,Female,East,30500.0,40,Standard,4,15.58,62.32,8,0,0.21,13,5.27,3,192,1,1,0
102272,47,Male,East,60800.0,41,Premium,13,151.41,1968.33,92,2,0.544,6,17.54,3,1078,0,0,1
102273,51,Female,East,82500.0,12,Basic,8,44.63,357.04,78,1,0.224,10,6.74,1,517,0,1,1
102274,41,Male,South,34600.0,7,Basic,7,29.3,205.1,28,3,0.501,2,1.15,2,121,1,1,1
102275,18,Female,East,39100.0,17,Premium,7,96.99,678.93,4,0,0.052,0,1.05,0,252,1,1,0
102276,22,Female,Central,16700.0,16,Premium,8,277.63,2221.04,46,0,0.346,10,0.99,1,1345,2,0,0
102277,64,Female,South,53900.0,8,Premium,7,69.37,485.59,37,0,0.607,9,10.4,2,421,0,0,0
102278,32,Female,Central,24300.0,13,Basic,5,117.98,589.9,4,0,0.456,1,4.84,1,146,0,0,0
102279,18,Female,South,36500.0,11,Standard,5,104.25,521.25,12,0,0.609,1,5.43,2,262,0,1,0
102280,55,Female,East,65000.0,53,Basic,4,31.64,126.56,13,0,0.264,10,3.69,1,209,0,0,0
102281,39,Female,East,43500.0,31,Standard,7,174.96,1224.72,2,0,0.502,4,4.59,2,449,0,0,0
102282,53,Female,West,67700.0,33,Basic,3,80.51,241.53,216,0,0.363,4,9.13,0,205,3,1,1
102283,43,Female,Central,52300.0,42,Basic,12,41.98,503.76,17,1,0.797,1,23.62,1,54,1,1,0
102284,45,Female,South,55200.0,11,Premium,11,86.83,955.13,56,3,0.398,6,7.43,0,294,1,0,1
102285,44,Female,West,48500.0,34,Basic,6,57.4,344.4,102,0,0.616,5,9.85,0,230,0,0,1
102286,48,Female,Central,42100.0,19,Basic,4,32.11,128.44,3,2,0.818,8,15.25,3,203,0,0,1
102287,69,Male,West,100100.0,53,Standard,8,92.02,736.16,38,0,0.676,4,0.84,3,379,1,1,0
102288,52,Male,North,79900.0,48,Standard,8,18.75,150.0,39,0,0.396,3,2.0,1,327,1,0,1
102289,18,Male,North,50300.0,60,Basic,3,22.09,66.27,13,0,0.21,12,1.18,1,361,0,1,0
102290,45,Female,Central,46100.0,12,Standard,8,30.55,244.4,5,1,0.047,9,12.94,1,283,1,1,0
102291,54,Non-binary,West,52700.0,23,Premium,8,140.14,1121.12,79,0,0.47,1,7.49,2,787,1,0,1
102292,55,Non-binary,Central,57300.0,16,Standard,4,31.19,124.76,45,0,0.46,17,5.12,1,58,0,1,1
102293,33,Female,South,57300.0,15,Basic,5,17.8,89.0,21,0,0.61,11,14.0,1,0,1,1,0
102294,54,Female,West,62200.0,16,Standard,2,20.57,41.14,6,0,0.183,9,28.96,0,38,2,0,1
102295,51,Male,West,51700.0,39,Basic,5,32.36,161.8,153,0,0.309,5,6.12,0,0,1,0,1
102296,72,Non-binary,Central,84400.0,15,Basic,2,11.46,22.92,4,0,0.219,2,12.68,1,289,1,1,0
102297,29,Male,West,28100.0,13,Basic,2,99.36,198.72,3,0,0.636,8,24.46,2,66,0,1,1
102298,32,Male,North,22300.0,15,Basic,5,52.4,262.0,17,0,0.718,1,2.28,0,552,0,1,0
102299,35,Male,West,46000.0,8,Basic,6,33.76,202.56,46,0,0.033,1,3.4,1,0,0,1,1
102300,33,Non-binary,East,35000.0,15,Basic,5,18.4,92.0,18,1,0.682,2,6.35,2,209,0,1,0
102301,27,Female,South,36400.0,49,Basic,6,13.88,83.28,6,0,0.607,6,12.63,0,128,1,1,0
102302,18,Female,North,15000.0,80,Premium,14,40.91,572.74,38,1,0.425,7,7.55,0,391,0,0,0
102303,33,Male,Central,29800.0,19,Basic,8,16.29,130.32,74,0,0.329,12,6.85,1,124,0,1,1
102304,44,Female,North,52100.0,51,Premium,14,100.56,1407.84,15,0,0.698,11,4.3,0,400,1,0,0
102305,33,Female,South,21000.0,67,Basic,3,55.02,165.06,2,0,0.356,11,1.18,2,77,0,1,0
102306,64,Female,East,50900.0,48,Standard,6,64.07,384.42,92,1,0.425,7,9.94,1,451,1,1,1
102307,39,Female,Central,48500.0,5,Premium,11,126.33,1389.63,2,2,0.571,3,4.08,2,757,1,0,1
102308,56,Female,West,73900.0,19,Basic,7,8.44,59.08,80,0,0.064,9,8.64,1,60,0,1,1
102309,42,Male,South,38300.0,58,Standard,5,25.75,128.75,21,0,0.177,7,4.84,1,196,0,1,0
102310,50,Female,North,54700.0,40,Standard,8,32.01,256.08,73,0,0.465,7,8.82,1,165,2,1,0
102311,43,Male,South,48400.0,45,Standard,9,28.55,256.95,2,1,0.54,10,15.25,1,148,1,1,0
102312,57,Female,South,43200.0,25,Basic,7,22.33,156.31,41,0,0.403,3,7.63,2,240,0,0,0
102313,40,Male,West,65500.0,31,Standard,11,27.41,301.51,41,1,0.484,3,8.73,0,2,0,1,1
102314,45,Male,South,51100.0,21,Basic,4,104.63,418.52,5,0,0.375,4,4.77,0,256,0,0,0
102315,44,Non-binary,North,50300.0,51,Basic,1,37.75,37.75,37,0,0.124,3,12.01,1,69,1,1,0
102316,35,Female,Central,49400.0,21,Basic,9,63.05,567.45,36,0,0.43,9,1.08,3,435,1,1,0
102317,44,Female,North,30900.0,28,Standard,7,51.15,358.05,4,1,0.363,3,1.8,1,337,1,1,0
102318,68,Male,North,88400.0,17,Standard,9,91.76,825.84,0,0,0.367,11,5.11,1,669,1,1,0
102319,35,Male,East,58900.0,13,Basic,4,57.04,228.16,3,0,0.303,9,5.93,1,311,1,1,0
102320,44,Female,North,54700.0,53,Standard,8,65.92,527.36,115,0,0.474,5,12.51,1,0,0,1,1
102321,55,Male,North,69600.0,50,Standard,10,85.33,853.3,44,0,0.358,7,3.47,2,761,1,1,0
102322,54,Male,Central,57600.0,15,Basic,5,31.67,158.35,19,1,,7,7.17,0,67,0,0,0
102323,39,Female,West,60000.0,32,Premium,8,181.53,1452.24,2,0,0.155,7,8.68,3,710,1,1,0
102324,18,Male,West,16500.0,50,Basic,6,12.06,72.36,42,0,0.351,2,22.25,0,17,0,1,0
102325,46,Female,West,54100.0,89,Basic,6,36.13,216.78,33,0,0.407,4,6.14,0,0,0,1,0
102326,18,Female,North,28400.0,34,Basic,4,23.3,93.2,7,0,0.432,6,4.52,0,145,1,1,0
102327,58,Male,West,65500.0,48,Premium,15,138.87,2083.05,40,3,0.4,20,21.38,1,1175,3,1,0
102328,41,Male,East,64800.0,48,Standard,7,110.86,776.02,26,1,0.323,9,6.11,0,444,1,1,0
102329,52,Male,North,90900.0,44,Basic,9,89.58,806.22,15,0,0.314,8,12.61,1,344,1,1,0
102330,27,Male,South,35000.0,6,Basic,2,41.33,82.66,46,0,0.245,0,1.25,2,0,2,1,1
102331,19,Non-binary,East,35500.0,31,Basic,6,54.07,324.42,17,1,0.167,1,5.52,1,179,2,1,1
102332,42,Female,North,39600.0,21,Premium,12,128.25,1539.0,96,4,0.915,2,14.54,1,507,0,1,1
102333,39,Female,South,62400.0,13,Basic,3,10.62,31.86,99,1,0.551,5,15.17,1,0,0,0,1
102334,33,Female,South,35000.0,12,Basic,6,29.1,174.6,146,1,,13,6.82,3,351,2,0,1
102335,40,Male,East,92900.0,17,Basic,9,43.54,391.86,29,1,0.359,4,7.75,1,471,0,0,1
102336,75,Female,North,58800.0,57,Standard,16,33.43,534.88,45,1,0.672,8,5.69,0,346,0,1,0
102337,50,Male,East,88500.0,11,Basic,5,41.14,205.7,2,0,0.348,13,20.19,1,225,0,1,0
102338,53,Female,North,75100.0,44,Premium,13,116.94,1520.22,51,2,0.549,5,6.24,1,666,0,1,1
102339,50,Female,East,42700.0,65,Premium,7,168.38,1178.66,16,1,0.212,10,7.06,2,925,2,1,0
102340,58,Male,South,98500.0,17,Standard,6,22.54,135.24,142,0,0.623,4,32.61,0,141,0,1,1
102341,37,Male,South,33100.0,62,Standard,7,46.96,328.72,69,1,0.296,7,12.91,1,0,0,1,1
102342,18,Female,East,23600.0,51,Basic,6,39.45,236.7,81,1,0.14,4,4.9,0,3,1,0,1
102343,37,Male,West,27900.0,20,Basic,7,21.79,152.53,0,0,0.291,1,5.6,2,303,0,1,0
102344,50,Male,North,56300.0,29,Basic,5,6.11,30.55,44,1,0.742,10,,2,151,0,1,0
102345,26,Male,East,34900.0,15,Standard,7,5.0,35.0,5,0,0.327,12,8.04,1,26,0,1,0
102346,37,Female,West,57700.0,24,Basic,8,45.45,363.6,55,0,0.449,7,2.86,1,334,2,1,1
102347,30,Male,North,73500.0,118,Standard,5,64.03,320.15,14,0,0.247,4,0.75,1,202,0,1,0
102348,59,Female,East,59800.0,28,Standard,6,16.62,99.72,38,2,0.413,2,8.18,0,288,0,1,0
102349,49,Female,South,18900.0,18,Premium,8,171.35,1370.8,4,0,0.247,13,10.28,4,561,2,0,0
102350,47,Male,West,64600.0,6,Standard,6,19.96,119.76,127,0,,10,6.5,3,193,1,0,1
102351,47,Female,South,47800.0,34,Standard,6,147.21,883.26,29,0,0.261,8,7.95,1,714,0,1,0
102352,39,Female,Central,73400.0,13,Basic,4,33.17,132.68,82,1,0.519,5,15.21,2,35,0,1,1
102353,42,Female,West,50300.0,10,Premium,4,139.84,559.36,41,0,0.603,15,15.21,0,447,0,0,0
102354,24,Female,East,23100.0,33,Basic,5,48.96,244.8,28,0,0.572,9,5.96,0,105,1,0,0
102355,18,Male,South,15000.0,14,Basic,5,47.04,235.2,22,1,0.679,4,12.76,3,177,2,1,1
102356,41,Female,East,58600.0,45,Standard,5,275.45,1377.25,2,1,0.231,6,6.53,3,841,1,1,0
102357,43,Male,North,47900.0,6,Premium,7,57.59,403.13,57,0,0.24,12,3.99,1,219,0,1,1
102358,55,Male,South,83700.0,38,Basic,7,57.06,399.42,58,1,0.41,7,8.45,1,335,1,0,1
102359,59,Female,South,64000.0,72,Premium,7,119.94,839.58,9,2,0.341,6,7.58,1,281,0,1,0
102360,59,Male,West,86800.0,35,Basic,6,9.22,55.32,21,2,0.441,4,19.46,1,0,3,0,1
102361,26,Female,West,16300.0,47,Standard,6,32.77,196.62,7,0,0.051,13,5.33,1,392,0,1,0
102362,34,Female,Central,18900.0,16,Standard,9,42.08,378.72,82,0,0.242,4,8.03,4,370,0,1,1
102363,45,Female,South,65300.0,48,Standard,6,34.05,204.3,33,0,,8,11.37,3,469,1,1,0
102364,72,Female,Central,72800.0,35,Premium,3,12.09,36.27,34,0,,7,12.95,3,53,1,1,1
102365,58,Female,West,62300.0,29,Basic,5,18.41,92.05,26,0,0.162,1,20.27,0,0,1,0,0
102366,54,Female,Central,48000.0,57,Standard,5,136.77,683.85,12,0,0.328,4,3.29,1,177,0,1,0
102367,34,Male,West,28000.0,40,Standard,6,43.33,259.98,42,0,0.283,13,4.84,3,298,2,1,0
102368,28,Male,South,46400.0,13,Standard,3,67.82,203.46,81,0,0.237,2,3.5,1,180,0,1,1
102369,49,Male,Central,57200.0,20,Premium,10,381.39,3813.9,1,0,0.451,10,11.21,0,2016,1,1,0
102370,25,Male,East,19800.0,66,Basic,6,22.79,136.74,35,1,0.418,2,10.0,1,60,1,1,0
102371,36,Male,West,56200.0,12,Basic,7,47.61,333.27,6,2,0.544,4,9.45,2,168,1,0,1
102372,38,Female,North,63400.0,12,Standard,9,48.55,436.95,5,0,0.382,3,5.77,1,142,0,0,0
102373,60,Male,North,66400.0,45,Basic,7,29.55,206.85,90,1,0.269,8,9.35,1,445,2,0,1
102374,34,Female,South,57200.0,20,Basic,10,99.1,991.0,69,0,0.304,5,30.9,0,600,0,1,0
102375,18,Male,East,15000.0,73,Standard,7,53.75,376.25,5,0,0.406,6,13.09,1,214,2,1,0
102376,46,Male,South,62700.0,40,Basic,4,59.9,239.6,194,0,0.622,2,6.53,0,21,2,0,1
102377,30,Female,Central,41700.0,21,Premium,10,31.07,310.7,113,0,0.262,4,3.99,3,200,0,0,1
102378,40,Male,North,37800.0,35,Basic,7,55.34,387.38,95,1,0.415,5,19.55,1,231,1,1,1
102379,38,Male,North,75700.0,16,Basic,10,30.49,304.9,110,1,0.344,7,4.72,3,258,1,0,1
102380,35,Male,South,47400.0,80,Standard,8,102.36,818.88,56,1,0.378,1,8.54,0,320,1,1,0
102381,49,Female,North,49200.0,30,Basic,6,29.58,177.48,5,0,0.595,12,7.58,2,346,0,0,0
102382,19,Male,South,29200.0,22,Standard,6,107.02,642.12,77,1,0.612,10,8.75,1,344,1,0,0
102383,32,Male,West,,18,Basic,6,63.51,381.06,113,1,0.443,16,7.5,0,277,0,1,1
102384,48,Female,Central,40300.0,13,Standard,4,141.45,565.8,18,1,0.185,12,5.65,1,489,0,1,0
102385,31,Male,North,34100.0,15,Basic,7,56.91,398.37,95,1,0.372,3,7.88,1,318,0,0,1
102386,18,Female,South,22700.0,17,Standard,5,68.84,344.2,42,0,0.49,16,13.89,0,409,1,1,0
102387,48,Male,West,45200.0,8,Basic,6,13.84,83.04,64,0,0.516,9,2.97,3,276,2,1,1
102388,54,Female,South,79700.0,21,Premium,9,81.71,735.39,33,0,0.408,11,6.61,1,465,0,0,0
102389,38,Female,West,36300.0,24,Basic,4,23.26,93.04,36,0,0.495,8,5.04,1,375,2,1,0
102390,18,Female,East,15000.0,36,Basic,5,30.05,150.25,31,0,0.659,8,9.22,0,177,1,1,0
102391,48,Male,Central,39900.0,15,Basic,2,102.83,205.66,197,0,0.114,0,20.99,2,339,2,1,1
102392,18,Male,North,15000.0,14,Basic,3,22.02,66.06,25,0,0.343,5,7.91,0,404,2,1,0
102393,43,Female,Central,66100.0,25,Basic,2,65.1,130.2,121,0,0.458,2,6.64,0,336,0,1,1
102394,27,Female,Central,40200.0,22,Basic,4,7.99,31.96,5,0,0.166,5,7.93,1,143,2,0,0
102395,24,Male,North,43400.0,34,Standard,2,25.72,51.44,44,0,0.148,8,9.79,2,0,0,1,0
102396,33,Female,East,56500.0,6,Standard,9,27.26,245.34,13,1,0.419,2,11.12,0,222,0,1,0
102397,37,Female,South,41400.0,35,Basic,8,12.89,103.12,100,0,0.101,6,10.81,0,10,1,0,1
102398,31,Non-binary,South,61000.0,25,Basic,9,40.24,362.16,74,1,0.048,9,1.68,1,183,0,1,1
102399,47,Female,Central,46800.0,4,Basic,2,45.81,91.62,15,0,0.647,7,26.83,2,164,1,1,0
102400,33,Male,North,26900.0,21,Standard,4,31.71,126.84,15,2,0.317,11,9.5,0,0,1,1,0
102401,52,Female,South,65500.0,43,Basic,4,56.94,227.76,41,0,0.241,4,5.29,1,43,0,1,0
102402,43,Male,North,53800.0,27,Basic,6,38.94,233.64,58,1,0.635,3,7.84,2,80,0,1,1
102403,30,Male,East,41400.0,23,Basic,5,27.98,139.9,21,0,0.353,5,3.57,2,235,1,0,0
102404,28,Female,Central,51700.0,15,Standard,10,26.84,268.4,105,0,0.188,1,14.41,1,20,0,1,1
102405,18,Male,East,29500.0,6,Basic,8,15.37,122.96,20,1,0.454,1,5.5,0,71,0,0,1
102406,43,Male,West,56100.0,26,Standard,7,45.77,320.39,47,0,0.066,5,3.04,3,276,1,1,1
102407,34,Male,North,62200.0,50,Standard,12,77.87,934.44,28,1,0.467,3,16.71,0,527,2,1,0
102408,18,Female,West,31700.0,66,Standard,7,41.09,287.63,19,1,0.169,7,5.16,0,427,0,0,0
102409,32,Female,South,48200.0,12,Basic,9,70.8,637.2,153,2,0.289,5,14.57,1,0,0,1,1
102410,27,Male,East,16700.0,28,Basic,4,15.74,62.96,28,0,0.524,1,0.85,1,72,1,0,0
102411,59,Female,East,119000.0,29,Premium,12,36.11,433.32,32,0,0.514,11,1.46,0,261,1,0,0
102412,18,Female,Central,15000.0,19,Standard,5,108.38,541.9,45,0,0.329,7,6.29,0,160,1,0,1
102413,20,Female,West,22300.0,50,Basic,4,20.87,83.48,111,0,0.416,3,5.37,0,299,1,1,1
102414,53,Male,West,53300.0,30,Standard,6,21.6,129.6,67,0,0.524,11,1.28,0,65,1,1,1
102415,57,Female,South,94600.0,9,Standard,11,125.08,1375.88,54,2,,4,13.92,0,845,0,1,1
102416,29,Female,North,30000.0,23,Premium,9,77.67,699.03,6,1,0.203,1,14.19,1,371,0,0,0
102417,31,Male,East,46500.0,45,Standard,7,44.94,314.58,50,0,0.112,2,31.32,3,230,2,1,0
102418,47,Female,West,,10,Standard,7,13.86,97.02,60,0,0.513,7,3.54,4,235,3,1,1
102419,18,Female,West,15000.0,25,Basic,6,52.16,312.96,6,1,0.291,2,4.38,3,0,3,1,0
102420,18,Female,East,36000.0,27,Standard,15,115.77,1736.55,4,1,0.497,15,8.92,0,889,0,0,0
102421,35,Female,South,34100.0,30,Basic,3,17.1,51.3,96,0,0.294,5,5.27,1,117,0,1,1
102422,59,Non-binary,South,69900.0,41,Standard,7,78.96,552.72,5,0,0.516,10,10.92,2,651,0,0,0
102423,33,Female,North,51000.0,17,Standard,13,56.02,728.26,102,0,0.341,5,23.65,0,697,1,1,1
102424,40,Male,West,75600.0,73,Standard,7,32.08,224.56,154,0,0.23,6,13.07,1,357,0,0,1
102425,54,Female,Central,44500.0,32,Standard,6,71.35,428.1,63,0,0.372,7,2.09,1,437,2,0,1
102426,66,Female,East,71500.0,88,Basic,6,80.84,485.04,24,1,0.63,10,13.65,1,243,0,1,0
102427,32,Female,West,39700.0,19,Basic,5,12.05,60.25,75,0,0.468,17,7.52,1,158,0,1,0
102428,39,Male,West,48000.0,37,Standard,5,70.28,351.4,36,0,0.446,7,14.02,2,283,1,1,0
102429,63,Female,North,106700.0,1,Standard,7,8.76,61.32,9,0,0.154,4,0.55,1,91,0,0,1
102430,19,Female,North,26500.0,77,Premium,4,296.78,1187.12,26,0,0.37,6,8.04,1,236,0,1,0
102431,52,Male,North,,33,Standard,5,39.42,197.1,25,1,0.639,4,13.3,3,84,0,0,1
102432,26,Female,Central,32800.0,19,Basic,5,60.07,300.35,100,0,0.328,18,14.05,0,0,1,1,1
102433,40,Male,North,47200.0,8,Standard,9,61.51,553.59,93,0,0.437,18,6.13,2,498,0,0,1
102434,36,Female,East,41700.0,34,Standard,6,55.93,335.58,36,0,0.474,3,12.91,2,193,2,1,0
102435,27,Female,South,26500.0,17,Standard,13,43.98,571.74,11,0,0.393,8,4.22,2,405,1,1,0
102436,26,Male,West,17100.0,49,Standard,6,45.6,273.6,85,0,0.229,3,11.71,0,6,2,1,1
102437,43,Female,South,82000.0,72,Standard,9,39.96,359.64,6,0,0.46,4,4.25,0,231,1,1,0
102438,52,Female,Central,64800.0,30,Premium,8,54.57,436.56,27,0,0.499,1,5.17,1,231,0,0,1
102439,37,Female,South,43400.0,44,Basic,8,40.63,325.04,14,1,0.505,17,2.88,4,173,0,1,0
102440,40,Female,Central,78700.0,21,Standard,6,15.42,92.52,83,0,0.372,6,21.96,1,131,0,1,1
102441,46,Male,East,42400.0,3,Basic,5,16.68,83.4,128,0,0.705,0,5.04,1,87,0,1,1
102442,26,Female,South,,36,Premium,10,229.32,2293.2,19,1,0.293,5,2.87,0,1335,1,0,0
102443,49,Non-binary,West,40000.0,42,Basic,5,15.59,77.95,5,0,0.566,1,19.37,2,0,0,0,0
102444,50,Female,East,68900.0,22,Standard,9,27.0,243.0,39,2,0.085,10,7.02,2,286,1,1,1
102445,73,Female,North,64400.0,7,Standard,8,39.11,312.88,23,0,0.48,5,8.68,1,219,2,0,0
102446,34,Female,West,49800.0,17,Basic,2,17.04,34.08,10,0,0.493,15,3.66,2,168,2,1,0
102447,33,Male,East,69600.0,34,Basic,4,10.74,42.96,49,0,0.196,4,10.53,1,138,0,1,0
102448,49,Male,East,58800.0,21,Standard,5,42.25,211.25,77,0,0.058,8,1.25,3,312,1,0,1
102449,50,Male,West,27700.0,23,Basic,9,35.45,319.05,165,1,0.267,6,7.57,1,270,1,0,1
102450,32,Female,West,41800.0,65,Basic,4,36.04,144.16,6,1,0.461,6,6.83,0,183,0,1,0
102451,34,Female,South,49900.0,33,Standard,7,110.92,776.44,58,0,0.425,7,5.29,0,670,0,1,0
102452,46,Male,South,67200.0,84,Standard,6,50.02,300.12,18,0,0.319,12,11.67,0,150,1,0,0
102453,28,Female,South,58100.0,9,Basic,5,69.65,348.25,49,2,0.363,5,16.77,0,269,0,0,1
102454,34,Male,East,64500.0,7,Standard,4,25.64,102.56,13,0,0.658,20,2.98,1,6,0,1,0
102455,40,Female,South,47100.0,40,Standard,7,14.22,99.54,10,0,0.378,2,2.57,2,177,0,1,0
102456,52,Female,North,51100.0,53,Basic,7,21.84,152.88,87,0,0.192,0,22.66,2,209,0,1,1
102457,31,Female,West,24700.0,39,Basic,4,56.77,227.08,248,0,0.248,2,6.07,1,0,0,0,1
102458,18,Female,North,20400.0,97,Standard,12,145.48,1745.76,44,0,0.258,8,1.85,0,857,2,1,0
102459,18,Male,North,34700.0,67,Basic,7,48.88,342.16,21,0,0.264,4,5.16,1,0,0,1,0
102460,23,Male,West,15000.0,56,Premium,13,57.8,751.4,44,1,0.407,8,1.11,1,335,1,1,0
102461,22,Male,West,18800.0,15,Basic,4,68.06,272.24,64,0,0.038,8,7.84,0,205,1,0,1
102462,37,Male,West,53900.0,14,Standard,7,51.43,360.01,38,0,0.311,12,24.02,0,272,0,1,0
102463,24,Female,South,24600.0,57,Standard,6,73.62,441.72,5,1,0.104,2,40.75,1,179,0,0,0
102464,30,Male,East,44600.0,23,Standard,6,117.7,706.2,48,0,0.29,7,8.73,3,485,0,0,0
102465,29,Female,Central,27000.0,48,Premium,12,37.13,445.56,23,0,0.555,13,5.98,1,320,0,1,0
102466,33,Male,South,46300.0,23,Standard,12,206.12,2473.44,91,1,0.547,7,6.52,2,1274,0,1,1
102467,56,Female,North,53300.0,6,Premium,8,84.68,677.44,3,0,0.546,7,1.4,2,335,0,1,0
102468,48,Male,North,29900.0,60,Standard,9,108.61,977.49,31,0,0.662,5,10.71,0,303,2,0,0
102469,39,Male,Central,61300.0,41,Premium,9,128.16,1153.44,16,2,0.374,7,21.02,1,797,0,1,0
102470,33,Male,South,32500.0,18,Basic,5,28.8,144.0,29,0,0.776,22,2.43,1,291,0,1,0
102471,33,Male,East,38800.0,4,Premium,9,45.41,408.69,1,0,0.408,6,8.8,0,299,2,1,0
102472,43,Male,East,42100.0,82,Standard,5,19.69,98.45,22,1,0.188,5,2.48,1,168,0,1,0
102473,47,Male,Central,63200.0,47,Premium,8,42.86,342.88,29,0,0.653,1,3.38,2,199,1,1,0
102474,27,Male,South,41200.0,43,Basic,6,14.89,89.34,53,0,0.464,9,19.24,1,161,0,0,1
102475,39,Female,East,55500.0,49,Standard,2,7.34,14.68,10,0,0.422,7,5.08,2,208,1,0,1
102476,18,Male,Central,20300.0,10,Standard,11,42.18,463.98,31,1,0.17,14,7.3,1,245,0,1,1
102477,42,Female,North,50100.0,67,Standard,4,34.66,138.64,20,1,0.118,7,3.56,1,109,0,1,0
102478,49,Male,East,63300.0,1,Standard,10,32.59,325.9,76,1,0.79,9,12.41,0,160,0,1,1
102479,35,Male,North,65800.0,15,Premium,13,118.33,1538.29,44,2,0.284,2,6.81,2,691,0,1,0
102480,63,Female,South,75000.0,17,Basic,9,15.72,141.48,30,1,0.164,10,5.26,1,74,0,1,1
102481,28,Male,North,23500.0,16,Standard,11,67.1,738.1,56,0,0.375,5,7.59,3,566,1,0,1
102482,42,Female,South,54600.0,25,Premium,8,214.24,1713.92,54,0,0.855,16,6.52,1,1005,0,0,1
102483,39,Male,North,45600.0,45,Standard,4,48.53,194.12,17,1,0.177,4,8.39,2,157,0,0,0
102484,38,Male,West,19000.0,10,Basic,7,52.56,367.92,61,0,0.569,5,3.89,1,0,0,0,1
102485,38,Male,East,21200.0,7,Standard,4,16.07,64.28,6,0,0.828,2,5.92,3,218,1,1,0
102486,40,Male,South,48000.0,51,Standard,6,61.05,366.3,39,1,0.753,12,4.56,1,0,0,0,0
102487,50,Female,West,,20,Premium,9,39.29,353.61,97,1,0.738,3,9.51,0,93,0,1,1
102488,57,Female,Central,60900.0,16,Basic,6,6.79,40.74,12,2,0.271,9,6.2,2,44,0,1,0
102489,39,Male,South,60300.0,73,Basic,5,25.62,128.1,88,1,0.672,5,6.97,2,221,0,1,1
102490,50,Female,North,45300.0,48,Basic,4,22.42,89.68,17,0,0.647,4,3.77,1,23,0,1,0
102491,30,Female,North,20000.0,15,Basic,3,85.22,255.66,6,0,0.22,4,10.13,0,255,0,0,0
102492,49,Female,Central,45900.0,3,Basic,1,87.3,87.3,62,0,0.402,14,8.85,1,56,0,1,1
102493,29,Female,West,29900.0,31,Standard,5,63.4,317.0,35,0,0.636,12,9.71,1,149,1,0,0
102494,53,Non-binary,East,60400.0,15,Basic,8,37.98,303.84,8,1,0.349,7,3.18,1,234,1,1,0
102495,68,Female,North,64300.0,47,Basic,6,30.42,182.52,117,0,0.516,6,5.34,1,95,0,0,1
102496,37,Female,East,16100.0,49,Premium,8,65.1,520.8,7,0,0.308,18,15.74,1,261,1,1,0
102497,18,Male,West,15000.0,24,Premium,7,48.25,337.75,53,1,0.608,11,10.93,3,250,2,1,1
102498,32,Non-binary,South,43000.0,18,Standard,5,57.05,285.25,7,0,0.199,5,1.92,1,553,0,0,0
102499,55,Female,North,47300.0,25,Basic,6,26.08,156.48,60,0,0.409,1,3.59,2,49,0,1,1
102500,46,Male,South,26500.0,22,Standard,4,53.64,214.56,21,0,0.012,10,6.6,2,89,1,1,0
102501,42,Female,West,59500.0,37,Premium,16,86.97,1391.52,55,0,0.467,12,9.35,2,714,2,1,0
102502,52,Male,Central,81900.0,26,Premium,9,88.18,793.62,25,0,0.657,4,14.25,1,636,1,0,0
102503,45,Female,North,52300.0,38,Basic,7,14.97,104.79,33,0,0.347,21,12.47,2,90,0,1,0
102504,55,Female,Central,66900.0,23,Premium,7,29.09,203.63,46,1,0.209,8,1.77,0,16,1,1,0
102505,51,Female,South,63200.0,15,Basic,6,28.07,168.42,33,0,0.426,1,8.08,1,464,1,1,1
102506,59,Male,West,34600.0,30,Standard,5,32.24,161.2,75,1,0.698,12,4.83,1,5,2,1,1
102507,44,Female,Central,65100.0,17,Premium,14,66.7,933.8,30,1,0.106,18,8.2,0,566,1,1,0
102508,51,Female,East,76700.0,62,Basic,4,44.42,177.68,20,0,0.337,8,12.11,1,382,1,0,0
102509,35,Male,North,69900.0,35,Basic,1,42.67,42.67,12,0,0.59,12,7.74,2,290,0,1,0
102510,31,Female,South,34200.0,16,Standard,12,48.26,579.12,19,1,0.689,6,1.04,0,139,1,0,0
102511,61,Male,West,53000.0,37,Basic,6,5.22,31.32,8,1,0.115,8,18.14,2,21,0,1,0
102512,42,Female,East,69800.0,37,Premium,12,16.49,197.88,18,1,0.325,16,4.19,1,139,0,1,0
102513,49,Female,South,64400.0,32,Basic,3,25.15,75.45,6,0,0.397,5,17.31,1,208,1,0,0
102514,41,Female,East,62100.0,17,Premium,10,32.88,328.8,105,0,0.397,17,12.49,1,355,1,0,1
102515,31,Female,South,31300.0,48,Basic,6,5.0,30.0,38,2,0.369,20,12.36,2,416,0,0,0
102516,39,Female,South,51800.0,48,Premium,9,69.19,622.71,219,0,0.493,12,9.79,0,329,0,1,1
102517,58,Male,West,51300.0,14,Standard,7,5.91,41.37,16,1,0.532,17,2.82,2,90,1,1,0
102518,46,Male,South,54500.0,10,Basic,4,12.65,50.6,44,0,0.695,3,3.21,0,0,0,1,0
102519,18,Female,South,23100.0,19,Basic,1,43.96,43.96,14,0,0.515,10,4.73,1,113,1,1,0
102520,36,Female,South,77900.0,40,Basic,7,132.34,926.38,28,0,0.538,11,1.04,1,756,0,0,0
102521,62,Male,Central,,19,Standard,4,35.53,142.12,4,1,0.396,5,,1,294,0,1,0
102522,36,Female,North,15000.0,37,Premium,6,58.34,350.04,2,0,0.25,9,5.63,1,327,0,1,0
102523,18,Male,North,28000.0,48,Standard,8,102.88,823.04,13,0,0.661,5,10.57,3,402,0,1,0
102524,64,Male,South,76900.0,8,Standard,7,36.99,258.93,128,0,0.364,11,1.22,0,418,1,1,1
102525,48,Female,North,49900.0,46,Standard,3,84.97,254.91,50,0,0.744,16,17.9,2,303,0,0,1
102526,38,Male,North,31600.0,25,Premium,9,145.27,1307.43,28,0,0.742,14,2.44,0,684,2,1,0
102527,34,Male,North,52400.0,86,Standard,4,50.98,203.92,27,0,0.093,4,15.38,1,205,3,0,0
102528,53,Male,North,47800.0,24,Standard,4,24.14,96.56,36,0,0.707,3,5.51,0,97,3,1,0
102529,32,Non-binary,East,49400.0,16,Basic,6,70.95,425.7,52,0,0.244,3,1.65,2,318,0,0,1
102530,54,Female,North,47600.0,34,Basic,5,19.54,97.7,7,1,0.568,7,16.36,3,103,0,1,0
102531,46,Male,South,47100.0,36,Basic,6,60.53,363.18,22,1,0.145,4,14.36,0,163,0,1,0
102532,42,Female,West,64200.0,97,Premium,10,41.93,419.3,16,0,0.54,11,12.2,1,253,1,0,0
102533,41,Female,North,56700.0,21,Standard,10,41.63,416.3,113,1,0.361,6,3.87,0,664,1,1,1
102534,37,Non-binary,North,46500.0,24,Premium,11,76.81,844.91,132,0,0.284,2,12.1,1,437,1,1,1
102535,53,Female,Central,60800.0,18,Basic,8,6.92,55.36,5,1,0.055,7,7.78,1,320,0,0,0
102536,28,Non-binary,East,38800.0,31,Basic,4,71.32,285.28,62,0,0.458,4,8.11,0,95,0,1,1
102537,18,Male,West,,24,Basic,4,16.64,66.56,35,0,0.084,1,11.21,1,0,0,1,1
102538,47,Male,East,34300.0,24,Basic,3,27.63,82.89,19,0,0.42,4,4.13,2,153,2,1,1
102539,47,Non-binary,Central,63500.0,70,Premium,9,254.37,2289.33,10,0,0.396,9,19.94,0,1134,0,1,0
102540,45,Male,North,75100.0,18,Basic,3,27.24,81.72,164,0,0.409,8,14.43,2,300,0,0,1
102541,44,Non-binary,North,,35,Premium,12,129.65,1555.8,108,0,0.642,8,3.96,1,893,0,0,0
102542,35,Male,West,47700.0,67,Basic,6,62.29,373.74,20,0,0.314,5,5.69,1,77,0,1,0
102543,49,Male,North,40500.0,21,Basic,5,29.99,149.95,95,1,0.301,10,5.38,1,97,0,1,1
102544,38,Male,East,59300.0,24,Basic,3,31.58,94.74,13,0,0.461,7,1.19,1,60,0,0,0
102545,33,Female,North,49000.0,25,Basic,5,33.19,165.95,72,0,0.225,3,12.11,0,146,0,1,1
102546,35,Female,South,54800.0,11,Standard,8,73.32,586.56,64,0,0.665,6,22.38,0,337,0,0,1
102547,65,Female,West,87100.0,22,Premium,13,124.76,1621.88,35,0,0.196,7,6.81,0,1054,0,0,0
102548,18,Female,East,50200.0,10,Premium,16,90.72,1451.52,33,1,0.522,8,9.39,1,777,0,1,1
102549,45,Female,East,38000.0,84,Basic,4,24.04,96.16,10,0,0.518,7,3.01,1,231,0,1,0
102550,18,Male,North,15000.0,20,Standard,8,53.54,428.32,25,0,0.617,6,14.96,2,168,0,1,0
102551,38,Male,South,49100.0,48,Basic,7,39.73,278.11,43,0,0.304,3,5.29,1,189,1,0,0
102552,33,Male,West,29300.0,30,Basic,6,53.47,320.82,43,0,0.096,11,5.99,2,132,2,1,1
102553,18,Male,North,15000.0,14,Standard,5,64.0,320.0,23,0,0.074,7,9.1,1,171,0,0,1
102554,44,Non-binary,East,69800.0,22,Basic,7,29.96,209.72,134,1,0.695,10,11.76,3,354,1,1,1
102555,34,Male,East,29100.0,17,Basic,3,5.0,15.0,52,0,0.661,4,5.34,1,0,0,0,0
102556,18,Male,South,27800.0,15,Premium,9,161.44,1452.96,25,0,0.288,10,9.41,2,752,0,0,0
102557,50,Female,South,35600.0,18,Standard,9,32.0,288.0,45,1,0.325,6,0.79,0,407,0,0,1
102558,58,Male,West,,34,Standard,3,55.79,167.37,12,0,0.225,4,17.49,0,28,1,0,0
102559,58,Female,South,82600.0,36,Standard,9,61.33,551.97,15,2,0.712,25,7.53,1,675,1,1,0
102560,44,Female,North,69700.0,35,Basic,5,47.28,236.4,10,0,0.507,1,12.27,1,0,1,0,0
102561,40,Female,Central,63500.0,34,Basic,3,5.0,15.0,54,1,0.549,6,21.87,0,120,0,1,0
102562,56,Male,North,63000.0,36,Basic,9,31.67,285.03,156,0,0.613,23,12.57,3,89,0,1,1
102563,61,Male,West,84400.0,18,Premium,8,63.08,504.64,6,0,0.633,2,2.07,2,314,0,0,0
102564,54,Female,North,68200.0,40,Standard,6,9.17,55.02,221,1,0.128,4,11.98,1,64,1,1,1
102565,27,Male,South,30400.0,15,Standard,10,20.95,209.5,6,1,0.425,5,6.21,0,12,0,1,0
102566,42,Female,East,56100.0,19,Standard,8,208.46,1667.68,81,0,0.2,6,2.06,3,1077,0,1,1
102567,45,Female,North,66000.0,6,Premium,10,71.45,714.5,52,0,0.225,8,18.3,1,467,0,1,0
102568,18,Female,West,15000.0,13,Basic,7,72.38,506.66,68,1,0.514,2,16.01,3,201,0,1,1
102569,45,Female,South,38800.0,35,Premium,11,22.52,247.72,49,1,0.66,3,3.27,3,0,0,0,1
102570,69,Male,East,74400.0,38,Basic,5,36.72,183.6,4,0,0.473,5,9.96,2,8,0,0,0
102571,47,Female,West,38400.0,54,Basic,8,35.19,281.52,31,0,0.458,14,17.97,0,268,1,0,0
102572,58,Female,East,48700.0,14,Premium,11,34.86,383.46,19,0,0.4,2,10.53,0,497,1,1,0
102573,41,Female,South,44000.0,15,Basic,8,49.53,396.24,13,3,0.471,11,10.85,0,561,1,0,0
102574,38,Male,South,,11,Standard,6,48.03,288.18,17,0,0.698,3,9.59,0,394,0,1,0
102575,44,Non-binary,North,66300.0,36,Standard,12,57.2,686.4,16,1,0.597,4,4.31,3,354,0,0,0
102576,28,Male,Central,42000.0,13,Basic,9,73.48,661.32,66,1,0.106,6,8.12,0,488,0,0,1
102577,26,Male,East,38100.0,53,Premium,14,34.67,485.38,160,0,0.453,17,9.9,0,755,0,0,1
102578,55,Male,East,92400.0,18,Basic,5,21.23,106.15,16,0,0.252,13,10.64,4,0,0,0,0
102579,57,Female,South,57500.0,26,Basic,7,23.87,167.09,50,1,0.601,9,19.58,1,49,1,1,1
102580,26,Female,South,39000.0,30,Basic,2,27.17,54.34,39,0,0.247,7,2.48,1,0,2,0,1
102581,52,Male,North,52100.0,54,Premium,7,123.23,862.61,5,1,0.826,4,12.69,1,620,0,1,0
102582,38,Female,North,29000.0,70,Premium,8,80.39,643.12,87,0,0.239,2,2.0,0,106,1,1,0
102583,43,Female,South,68300.0,33,Basic,3,21.12,63.36,57,0,0.36,6,7.19,2,13,0,0,1
102584,45,Female,South,49400.0,41,Standard,6,79.66,477.96,68,1,0.364,8,8.66,0,196,0,1,1
102585,52,Female,North,70000.0,13,Standard,6,85.85,515.1,12,0,0.332,7,7.08,0,322,1,1,0
102586,40,Female,East,45500.0,66,Premium,12,123.29,1479.48,4,1,0.338,5,7.52,3,926,1,0,0
102587,57,Female,East,82500.0,42,Standard,10,84.96,849.6,22,1,0.317,16,2.72,0,449,2,1,0
102588,43,Female,South,37800.0,112,Premium,13,49.9,648.7,47,1,0.439,24,10.73,0,600,2,1,0
102589,47,Male,West,71800.0,27,Basic,4,38.44,153.76,21,0,0.649,4,6.03,2,0,3,1,0
102590,28,Male,East,50000.0,15,Standard,4,12.8,51.2,45,0,0.301,4,9.13,1,73,0,1,1
102591,67,Female,North,49400.0,21,Standard,2,60.54,121.08,6,0,0.529,6,2.52,2,209,2,1,1
102592,45,Female,West,46400.0,53,Basic,4,32.2,128.8,4,0,0.642,13,1.75,1,150,2,1,0
102593,48,Female,East,70800.0,66,Basic,2,33.38,66.76,32,0,0.163,10,10.23,0,281,0,1,0
102594,18,Female,East,50900.0,84,Premium,10,101.23,1012.3,12,1,0.394,5,7.75,2,385,1,1,0
102595,28,Female,Central,47500.0,16,Standard,5,65.78,328.9,165,0,0.097,7,5.66,1,85,4,0,1
102596,55,Female,North,57600.0,9,Basic,4,27.12,108.48,4,0,0.493,9,5.5,0,168,2,0,0
102597,43,Male,East,38200.0,25,Standard,5,49.04,245.2,51,0,,27,12.65,1,61,1,1,0
102598,18,Male,South,35900.0,13,Standard,4,35.82,143.28,32,0,0.451,7,20.05,2,140,0,0,1
102599,52,Male,North,54300.0,48,Basic,2,47.93,95.86,83,0,0.708,5,9.43,0,87,0,1,1
102600,32,Male,South,35900.0,24,Basic,5,23.59,117.95,49,0,0.35,2,11.76,1,94,1,1,1
102601,57,Male,South,61900.0,22,Basic,8,50.28,402.24,68,0,0.686,7,14.94,2,314,3,1,0
102602,38,Male,North,59300.0,22,Premium,17,42.67,725.39,6,1,0.634,11,5.16,0,429,1,0,0
102603,42,Male,East,76100.0,20,Standard,6,84.31,505.86,41,0,0.564,9,2.67,1,217,1,0,0
102604,54,Male,South,76600.0,9,Basic,2,12.32,24.64,38,0,,9,2.79,0,124,1,1,1
102605,27,Male,South,36700.0,14,Standard,7,12.66,88.62,47,1,,1,11.17,2,9,0,1,1
102606,26,Male,North,23000.0,42,Basic,4,55.8,223.2,10,0,0.301,1,1.62,0,134,0,0,0
102607,36,Male,South,54400.0,12,Premium,16,57.12,913.92,165,1,0.738,5,15.08,2,235,0,0,1
102608,50,Female,East,81700.0,41,Standard,7,26.04,182.28,1,1,0.268,7,7.79,1,69,0,0,0
102609,22,Female,East,45800.0,29,Standard,9,35.11,315.99,14,0,0.228,13,6.37,1,443,0,0,0
102610,18,Female,West,30900.0,53,Standard,5,81.04,405.2,30,0,0.079,8,21.42,0,337,0,1,0
102611,50,Female,Central,,27,Basic,6,31.09,186.54,54,0,0.18,8,19.53,1,359,0,0,1
102612,31,Female,North,45200.0,15,Basic,6,54.12,324.72,4,0,0.814,7,7.85,3,261,0,0,0
102613,34,Female,South,59400.0,14,Basic,6,33.99,203.94,107,0,0.681,10,20.71,1,140,0,0,1
102614,18,Female,Central,31300.0,7,Basic,0,5.0,0.0,20,0,0.169,7,12.14,0,92,0,0,1
102615,30,Non-binary,East,38000.0,16,Basic,5,10.37,51.85,25,0,0.347,21,19.53,0,80,0,0,1
102616,39,Female,Central,38300.0,23,Basic,2,13.1,26.2,60,0,0.159,4,7.63,2,247,0,1,1
102617,51,Female,West,95600.0,57,Standard,4,76.64,306.56,17,1,0.561,5,10.58,0,365,0,1,0
102618,29,Female,West,26000.0,42,Basic,4,22.85,91.4,2,0,0.243,8,1.69,1,24,1,1,0
102619,61,Female,North,55100.0,21,Basic,6,39.5,237.0,51,0,0.806,9,2.49,1,402,0,1,0
102620,30,Male,South,,13,Basic,4,53.94,215.76,1,1,0.488,6,1.72,1,447,0,1,0
102621,30,Male,East,36600.0,37,Basic,9,27.67,249.03,24,0,0.613,2,21.05,0,312,0,1,0
102622,59,Female,East,81300.0,17,Basic,1,24.28,24.28,52,0,0.594,7,4.01,0,143,0,1,0
102623,42,Male,West,65600.0,13,Basic,5,28.59,142.95,69,1,0.606,4,1.54,1,114,1,1,1
102624,32,Female,Central,24300.0,37,Premium,12,82.99,995.88,61,0,0.399,4,4.95,3,539,0,0,1
102625,37,Male,North,35500.0,14,Basic,4,58.16,232.64,89,0,0.266,13,4.37,1,300,0,1,1
102626,57,Male,South,52800.0,46,Standard,5,37.45,187.25,29,1,0.32,1,4.29,1,174,1,1,1
102627,58,Male,Central,77000.0,7,Standard,7,20.34,142.38,53,2,0.016,4,9.09,2,394,2,1,1
102628,28,Female,West,43500.0,14,Premium,14,161.67,2263.38,14,1,0.596,10,11.57,0,1048,1,1,0
102629,38,Male,West,41800.0,13,Basic,7,33.86,237.02,26,0,0.094,9,7.69,2,148,0,0,1
102630,40,Male,East,51900.0,44,Basic,4,11.64,46.56,5,0,0.218,11,6.7,0,242,1,0,0
102631,26,Male,Central,19800.0,26,Basic,5,45.09,225.45,49,0,0.134,3,0.58,1,40,1,1,0
102632,38,Female,South,36600.0,43,Standard,5,14.93,74.65,1,0,0.444,3,10.37,0,133,0,1,0
102633,39,Female,North,29700.0,11,Basic,6,39.43,236.58,39,0,0.682,14,5.1,1,173,0,1,0
102634,54,Female,North,64200.0,42,Basic,8,46.84,374.72,23,2,0.883,9,8.63,1,251,0,1,0
102635,55,Female,South,65100.0,40,Premium,12,12.34,148.08,0,0,0.346,11,22.31,0,180,0,0,0
102636,35,Male,West,30400.0,14,Basic,7,34.66,242.62,9,0,0.144,11,18.93,0,291,1,0,0
102637,36,Female,South,51000.0,15,Basic,6,38.88,233.28,60,0,0.302,5,1.64,1,197,0,1,1
102638,48,Female,East,71300.0,15,Premium,10,54.74,547.4,37,0,0.392,8,12.49,2,432,0,0,0
102639,31,Male,South,25900.0,74,Standard,5,66.27,331.35,3,0,0.679,4,9.34,0,340,0,1,0
102640,47,Male,West,51000.0,25,Premium,7,55.68,389.76,1,0,0.541,3,13.42,1,39,2,1,0
102641,38,Non-binary,North,54200.0,10,Basic,7,19.12,133.84,45,0,0.487,18,11.57,1,5,0,1,1
102642,26,Male,East,35500.0,15,Basic,5,33.76,168.8,4,1,0.293,18,5.98,0,408,1,1,0
102643,27,Male,North,17300.0,101,Basic,1,61.81,61.81,44,0,,9,5.7,0,86,2,0,0
102644,58,Male,East,59800.0,29,Standard,4,87.35,349.4,10,0,0.041,7,14.78,0,289,0,1,0
102645,37,Female,South,39400.0,23,Premium,9,66.25,596.25,19,0,0.619,1,1.08,1,286,0,0,0
102646,60,Female,East,65500.0,7,Premium,12,196.24,2354.88,61,0,0.17,8,12.36,0,1413,0,1,0
102647,32,Male,East,39500.0,13,Standard,10,49.06,490.6,37,0,0.378,13,17.36,1,228,0,0,1
102648,43,Female,Central,73700.0,54,Standard,7,125.04,875.28,2,0,0.38,2,23.11,1,318,2,1,0
102649,70,Female,Central,74500.0,30,Basic,5,78.16,390.8,227,0,0.531,3,8.21,1,0,0,1,1
102650,25,Male,South,15000.0,14,Basic,4,21.96,87.84,15,0,0.279,3,3.08,0,212,1,1,0
102651,18,Female,North,29300.0,96,Basic,3,41.94,125.82,12,0,0.402,4,22.57,1,0,0,1,0
102652,56,Female,North,88600.0,29,Standard,9,106.1,954.9,29,0,0.084,2,17.36,1,250,1,0,0
102653,28,Female,North,35200.0,111,Premium,9,25.37,228.33,11,1,0.641,1,10.67,2,251,1,1,0
102654,39,Female,South,41800.0,12,Standard,8,53.5,428.0,97,1,0.382,4,10.03,1,72,0,1,1
102655,31,Male,Central,36100.0,9,Basic,8,52.89,423.12,33,1,0.392,9,3.08,3,296,0,1,1
102656,42,Female,Central,59000.0,25,Basic,5,44.78,223.9,43,0,0.209,16,2.46,0,415,2,1,0
102657,27,Female,South,32200.0,7,Standard,6,115.94,695.64,6,1,0.313,13,4.61,1,337,1,1,1
102658,37,Female,West,24800.0,19,Basic,7,14.11,98.77,0,2,0.115,3,7.38,1,109,1,1,1
102659,45,Male,West,44200.0,38,Premium,12,186.79,2241.48,41,1,0.453,5,9.38,2,1205,0,1,0
102660,26,Female,South,34700.0,35,Standard,5,42.49,212.45,32,1,0.133,8,5.61,0,198,1,1,0
102661,30,Female,Central,46900.0,29,Basic,8,42.61,340.88,59,0,0.318,10,10.25,0,171,1,0,1
102662,34,Male,Central,35000.0,14,Basic,5,17.83,89.15,49,0,0.665,7,31.3,1,55,0,0,1
102663,20,Female,Central,25800.0,47,Basic,2,59.42,118.84,28,0,0.209,11,9.78,2,131,2,1,1
102664,34,Male,West,43800.0,23,Basic,5,7.71,38.55,41,0,0.661,6,6.82,2,0,0,1,1
102665,41,Female,South,39000.0,3,Basic,8,27.83,222.64,19,1,0.62,10,2.01,1,118,1,0,1
102666,34,Female,South,41900.0,12,Basic,7,22.69,158.83,24,0,0.385,14,5.67,1,436,0,1,0
102667,35,Female,Central,50700.0,12,Basic,4,39.44,157.76,8,0,0.419,10,5.91,2,0,0,1,0
102668,39,Male,South,31300.0,52,Basic,6,35.14,210.84,1,1,0.425,1,0.5,2,76,1,0,0
102669,30,Female,South,43700.0,12,Basic,6,37.81,226.86,27,0,0.148,7,5.78,0,292,0,1,1
102670,48,Female,South,41200.0,34,Basic,3,52.96,158.88,45,0,0.111,4,8.37,0,0,0,0,1
102671,58,Male,East,51000.0,5,Basic,7,19.15,134.05,4,0,0.223,5,3.98,2,247,0,0,1
102672,33,Female,North,33000.0,37,Standard,9,60.83,547.47,57,0,0.283,8,8.12,1,422,1,1,0
102673,45,Male,West,72800.0,7,Standard,6,93.8,562.8,36,1,0.381,10,8.04,0,361,4,0,1
102674,36,Non-binary,East,21100.0,51,Basic,1,56.34,56.34,1,0,0.485,11,21.48,2,192,1,1,0
102675,44,Male,South,,23,Premium,10,67.95,679.5,4,0,0.492,5,5.73,0,245,2,1,0
102676,59,Female,South,66600.0,43,Standard,6,41.91,251.46,99,0,0.337,2,14.68,3,233,0,1,1
102677,46,Female,East,70900.0,22,Standard,8,93.05,744.4,2,0,0.446,3,26.98,1,380,0,1,0
102678,18,Non-binary,West,55300.0,16,Standard,7,51.78,362.46,17,2,0.285,7,8.21,2,299,1,0,1
102679,45,Female,Central,47700.0,7,Premium,11,151.6,1667.6,14,0,0.224,12,21.51,2,976,0,1,0
102680,55,Female,West,70700.0,5,Standard,9,53.84,484.56,66,1,0.239,4,7.84,2,290,0,1,1
102681,36,Non-binary,South,43800.0,15,Standard,2,29.29,58.58,53,0,0.657,27,7.66,0,289,0,0,0
102682,52,Non-binary,West,58900.0,25,Standard,6,16.79,100.74,32,0,0.232,7,11.89,2,0,0,1,0
102683,30,Female,East,43200.0,9,Premium,14,137.14,1919.96,91,1,0.44,4,3.95,1,744,1,1,1
102684,20,Female,East,15000.0,81,Standard,7,11.21,78.47,32,1,0.388,13,0.5,0,26,0,1,0
102685,41,Male,West,49200.0,59,Standard,11,29.32,322.52,14,0,0.476,2,6.44,3,152,0,1,0
102686,18,Male,South,34300.0,23,Basic,14,79.48,1112.72,64,1,0.604,12,7.97,0,817,0,0,0
102687,36,Male,East,33100.0,64,Standard,8,20.55,164.4,19,1,0.501,4,6.96,1,427,0,0,0
102688,56,Female,West,70500.0,23,Standard,7,26.95,188.65,28,0,0.252,6,4.32,0,0,1,1,0
102689,18,Female,South,15000.0,10,Basic,4,49.31,197.24,20,0,0.453,7,2.44,3,186,0,1,1
102690,22,Female,West,,20,Basic,6,38.38,230.28,2,0,0.597,16,5.44,3,59,0,0,0
102691,26,Female,South,54400.0,40,Standard,9,41.0,369.0,36,0,0.428,11,2.37,0,319,0,1,0
102692,38,Male,East,43900.0,14,Basic,2,47.9,95.8,22,0,0.351,0,7.46,1,235,0,1,1
102693,34,Female,West,29500.0,71,Standard,5,48.91,244.55,15,0,0.213,9,10.34,0,150,0,0,0
102694,57,Female,North,45100.0,17,Standard,7,6.41,44.87,8,0,0.65,11,6.47,1,192,2,0,0
102695,51,Male,South,64800.0,43,Standard,7,30.63,214.41,7,0,0.627,18,15.93,1,131,1,1,0
102696,45,Female,East,66600.0,22,Premium,7,39.84,278.88,46,0,0.137,11,3.18,0,0,0,0,1
102697,41,Female,North,49100.0,13,Premium,15,89.4,1341.0,70,0,0.347,4,8.26,1,769,1,0,1
102698,44,Male,North,46200.0,9,Standard,7,41.92,293.44,11,2,0.21,23,12.58,3,205,0,0,1
102699,28,Female,West,15000.0,46,Basic,6,69.23,415.38,12,2,0.746,12,17.5,2,566,1,0,0
102700,50,Male,North,60100.0,32,Basic,5,8.16,40.8,21,0,0.196,10,15.07,1,3,1,0,0
102701,25,Female,East,25000.0,15,Basic,4,67.85,271.4,4,0,0.407,7,13.84,0,24,1,0,0
102702,50,Female,North,49600.0,47,Standard,7,24.37,170.59,9,1,0.138,1,6.93,1,70,2,0,1
102703,54,Male,North,84800.0,15,Basic,4,103.85,415.4,30,0,0.356,8,4.64,2,446,1,1,1
102704,42,Female,South,25600.0,31,Basic,7,53.6,375.2,24,0,0.777,7,5.45,0,307,0,0,0
102705,37,Male,Central,22700.0,34,Basic,6,34.6,207.6,25,0,0.646,2,8.51,0,286,0,1,0
102706,44,Female,East,55900.0,89,Basic,6,27.58,165.48,44,0,0.182,3,7.91,0,0,0,1,0
102707,18,Male,South,22600.0,86,Standard,8,74.44,595.52,74,0,0.324,14,2.09,2,504,0,0,0
102708,43,Female,South,44500.0,15,Premium,14,128.98,1805.72,46,0,0.332,11,2.02,0,1081,1,1,0
102709,38,Male,East,50800.0,13,Basic,6,45.93,275.58,46,0,0.144,9,7.87,0,106,0,1,1
102710,38,Male,East,50600.0,29,Basic,4,8.46,33.84,8,0,0.366,6,5.37,1,0,0,0,0
102711,48,Female,South,42900.0,51,Basic,5,61.31,306.55,116,0,0.588,8,8.32,0,98,0,1,1
102712,38,Female,North,38700.0,4,Basic,6,48.42,290.52,80,1,0.668,3,11.95,0,490,1,1,1
102713,24,Male,East,34400.0,73,Standard,5,16.1,80.5,16,1,0.52,8,1.26,0,123,1,0,0
102714,37,Male,East,48400.0,18,Standard,6,89.69,538.14,32,1,0.31,1,4.09,1,492,0,1,1
102715,40,Female,West,55700.0,50,Standard,7,56.72,397.04,7,1,0.555,10,13.82,1,270,0,1,0
102716,40,Male,East,40700.0,18,Standard,5,98.29,491.45,4,1,0.418,1,3.36,0,210,0,1,0
102717,41,Female,West,54700.0,69,Basic,4,21.97,87.88,16,0,0.689,7,25.48,1,152,0,1,0
102718,53,Female,East,74600.0,18,Premium,8,110.87,886.96,29,1,0.209,9,23.39,2,845,0,1,0
102719,25,Male,East,35300.0,41,Premium,14,118.75,1662.5,10,0,0.295,5,5.76,1,772,0,1,0
102720,41,Female,East,48400.0,26,Standard,5,55.57,277.85,8,0,0.494,7,13.97,0,237,0,1,0
102721,56,Female,South,60800.0,9,Premium,10,95.99,959.9,63,0,0.564,1,16.79,2,661,0,1,1
102722,18,Male,Central,19400.0,17,Premium,12,65.45,785.4,10,0,0.436,2,4.76,2,214,0,0,0
102723,41,Male,South,36700.0,4,Standard,5,41.32,206.6,140,0,0.341,9,8.92,0,355,0,0,1
102724,31,Female,East,36200.0,16,Premium,16,10.85,173.6,7,0,0.397,0,10.73,0,0,2,1,0
102725,34,Female,East,49500.0,33,Standard,9,27.19,244.71,48,0,0.444,2,7.4,2,53,1,1,1
102726,27,Female,Central,24100.0,67,Standard,4,46.39,185.56,52,1,0.169,8,14.38,0,153,0,1,0
102727,37,Male,North,45000.0,25,Basic,4,43.27,173.08,6,0,0.486,9,5.64,3,255,1,0,0
102728,63,Female,Central,68100.0,108,Standard,2,54.17,108.34,26,0,0.137,9,12.66,1,53,0,1,0
102729,23,Male,North,57600.0,54,Basic,6,54.49,326.94,18,1,0.407,5,,0,0,0,1,0
102730,24,Male,North,43800.0,13,Standard,13,23.45,304.85,86,0,0.218,15,11.85,3,204,1,1,0
102731,22,Male,Central,41700.0,26,Basic,5,141.89,709.45,70,1,0.501,6,6.25,1,145,2,1,1
102732,61,Female,South,81700.0,38,Basic,6,26.8,160.8,6,0,0.508,3,3.72,2,156,1,1,0
102733,33,Female,East,34600.0,19,Standard,5,44.96,224.8,5,1,0.709,8,3.62,2,69,1,1,0
102734,39,Female,East,67200.0,33,Premium,12,174.45,2093.4,13,1,0.569,2,6.77,1,1163,0,1,0
102735,34,Female,Central,45400.0,16,Premium,16,105.8,1692.8,5,2,0.542,6,21.51,0,899,0,1,0
102736,27,Female,West,,26,Premium,12,88.26,1059.12,50,0,0.609,3,3.48,1,562,2,0,0
102737,36,Male,South,28100.0,61,Standard,8,30.95,247.6,59,1,0.122,6,14.06,1,0,0,1,0
102738,71,Female,West,72700.0,17,Standard,5,90.77,453.85,7,0,0.329,5,21.63,1,392,1,1,0
102739,57,Female,South,,7,Basic,7,53.19,372.33,48,1,0.173,5,12.26,5,197,2,1,1
102740,28,Male,East,34000.0,88,Standard,6,85.01,510.06,82,0,0.328,9,18.78,2,310,1,0,1
102741,47,Non-binary,West,47500.0,47,Basic,7,22.7,158.9,21,1,0.521,2,11.43,1,146,1,1,0
102742,28,Female,West,31900.0,37,Basic,8,68.53,548.24,59,0,0.663,7,20.79,0,214,1,1,0
102743,18,Male,West,15000.0,72,Standard,11,33.21,365.31,42,0,0.344,5,0.58,2,381,0,0,0
102744,52,Male,West,70200.0,49,Basic,7,31.05,217.35,4,0,0.086,2,5.01,2,0,1,0,0
102745,54,Female,East,70500.0,18,Premium,12,61.54,738.48,19,1,0.604,6,3.89,2,476,0,0,0
102746,53,Male,Central,84900.0,88,Premium,7,124.72,873.04,3,1,0.498,6,8.21,1,389,0,1,0
102747,33,Female,North,,33,Basic,2,22.12,44.24,28,0,0.384,4,17.1,0,120,1,1,0
102748,37,Female,South,48200.0,44,Basic,7,45.84,320.88,122,1,0.798,6,2.35,0,140,1,1,1
102749,49,Female,West,71800.0,5,Standard,7,55.19,386.33,18,0,0.276,15,6.35,0,317,0,1,0
102750,44,Female,South,56400.0,11,Standard,15,90.79,1361.85,26,0,0.38,12,6.87,0,753,0,0,0
102751,34,Male,South,,9,Standard,6,36.72,220.32,5,1,0.248,8,5.61,0,9,0,1,0
102752,18,Male,West,24100.0,8,Standard,8,9.92,79.36,265,2,0.323,10,12.81,3,311,0,1,1
102753,40,Female,East,57800.0,39,Standard,7,47.87,335.09,88,0,0.157,8,7.18,2,52,0,1,0
102754,53,Male,North,118500.0,13,Premium,11,136.21,1498.31,248,0,0.73,5,3.21,2,872,1,1,1
102755,23,Female,North,49100.0,32,Basic,4,53.78,215.12,91,0,0.448,4,3.59,1,75,2,0,1
102756,47,Female,South,59000.0,48,Premium,7,66.58,466.06,58,0,0.451,20,8.26,1,22,0,1,0
102757,43,Male,South,58500.0,15,Standard,3,39.34,118.02,33,0,0.262,6,9.9,0,191,0,0,0
102758,49,Female,North,64100.0,13,Standard,10,16.41,164.1,52,0,0.332,10,3.08,0,240,0,1,0
102759,50,Male,West,57100.0,5,Basic,4,19.02,76.08,120,1,0.219,8,7.92,0,0,0,1,1
102760,30,Female,South,50000.0,58,Premium,10,96.06,960.6,57,0,0.482,7,1.98,0,689,0,0,0
102761,18,Male,West,25800.0,16,Basic,8,15.84,126.72,68,0,0.458,3,7.09,0,173,0,0,1
102762,32,Female,Central,27100.0,75,Standard,8,33.36,266.88,24,1,0.373,1,3.03,1,259,1,1,0
102763,51,Female,South,66100.0,36,Basic,3,38.74,116.22,40,0,0.192,13,0.5,0,197,0,1,0
102764,32,Male,Central,49900.0,65,Standard,9,74.1,666.9,24,0,0.662,5,16.03,1,731,0,0,0
102765,30,Male,North,37400.0,7,Standard,9,33.09,297.81,3,0,0.62,13,3.62,0,468,1,0,0
102766,18,Female,East,,43,Basic,7,21.27,148.89,150,1,0.343,13,16.74,1,303,0,1,1
102767,62,Male,Central,83300.0,44,Basic,6,45.93,275.58,66,0,0.488,8,5.84,1,57,0,0,1
102768,50,Female,West,57700.0,56,Basic,3,35.54,106.62,193,0,0.518,3,5.99,2,151,2,0,1
102769,49,Female,South,51200.0,13,Basic,5,9.38,46.9,5,0,0.126,6,8.59,3,153,0,1,0
102770,52,Female,South,50400.0,17,Basic,3,13.55,40.65,62,0,0.379,7,1.59,2,153,0,0,1
102771,46,Male,South,51000.0,57,Standard,5,14.65,73.25,50,0,0.292,9,3.85,0,31,0,1,0
102772,36,Male,Central,66600.0,6,Standard,4,34.19,136.76,28,0,0.201,5,17.0,2,94,0,1,0
102773,37,Male,South,43300.0,12,Standard,9,24.36,219.24,29,0,0.848,3,2.81,1,275,1,1,0
102774,33,Male,East,47300.0,42,Basic,9,82.18,739.62,8,0,0.75,4,8.76,0,621,1,0,0
102775,73,Female,South,75700.0,18,Standard,7,55.34,387.38,101,0,0.286,15,3.85,3,428,0,1,1
102776,46,Female,South,48900.0,21,Standard,9,83.17,748.53,60,0,0.461,15,6.66,0,422,1,0,0
102777,33,Female,South,29900.0,2,Standard,11,15.01,165.11,24,2,0.209,3,11.61,2,55,2,0,1
102778,45,Male,South,55100.0,71,Premium,8,57.84,462.72,1,1,0.107,4,1.58,2,323,0,1,0
102779,26,Female,East,28400.0,20,Premium,7,29.71,207.97,34,2,0.215,2,16.34,2,0,1,1,1
102780,59,Male,South,84800.0,40,Premium,10,61.43,614.3,93,0,0.312,7,7.08,0,357,0,1,1
102781,30,Male,South,37900.0,58,Standard,4,91.56,366.24,11,1,0.255,1,10.9,1,338,0,0,1
102782,46,Male,East,54000.0,21,Basic,7,42.28,295.96,27,0,0.795,8,6.22,0,328,0,0,1
102783,53,Female,South,58700.0,3,Basic,4,33.64,134.56,40,0,0.741,6,12.01,1,123,0,0,1
102784,44,Female,West,57900.0,40,Standard,10,38.41,384.1,29,2,0.212,21,11.18,4,294,0,1,1
102785,40,Male,East,69800.0,72,Standard,9,43.54,391.86,41,1,0.39,6,12.99,1,344,0,1,0
102786,39,Male,East,33400.0,46,Standard,10,29.32,293.2,65,2,0.412,1,10.37,2,362,1,0,0
102787,38,Female,North,50900.0,35,Standard,8,74.62,596.96,70,1,0.47,14,10.76,3,517,0,0,1
102788,32,Male,North,,46,Standard,9,70.7,636.3,69,0,0.136,2,25.77,1,351,0,1,1
102789,33,Male,West,59400.0,51,Basic,5,57.97,289.85,81,2,0.421,6,5.77,2,49,4,1,1
102790,58,Female,Central,64500.0,25,Premium,9,47.3,425.7,42,1,0.693,5,10.73,0,237,1,1,0
102791,38,Male,South,26100.0,73,Premium,12,11.63,139.56,9,4,0.327,5,12.2,0,133,1,1,0
102792,29,Female,South,20600.0,30,Basic,3,34.34,103.02,35,0,0.358,3,5.26,0,168,1,1,0
102793,32,Non-binary,South,52700.0,53,Standard,9,82.57,743.13,12,0,0.584,10,2.52,2,512,0,1,0
102794,53,Female,West,37900.0,11,Premium,12,84.98,1019.76,16,0,0.168,7,14.11,1,492,2,1,0
102795,48,Female,North,60400.0,26,Standard,9,69.91,629.19,24,0,0.542,9,11.23,2,405,0,0,0
102796,46,Female,Central,48600.0,14,Standard,7,40.03,280.21,10,0,0.16,0,29.47,0,103,1,1,0
102797,36,Male,North,42400.0,37,Premium,13,90.94,1182.22,85,3,0.147,14,4.6,2,680,0,0,1
102798,46,Non-binary,Central,45200.0,10,Standard,4,23.14,92.56,33,0,0.478,8,1.57,2,43,0,0,0
102799,31,Female,North,27000.0,46,Standard,12,41.42,497.04,16,2,0.389,13,7.79,0,420,0,1,0
102800,36,Female,South,38300.0,40,Basic,5,21.78,108.9,12,0,0.082,13,3.44,3,268,2,1,0
102801,52,Female,South,68300.0,23,Standard,9,72.56,653.04,192,0,0.508,3,7.36,2,394,0,0,1
102802,50,Female,South,54300.0,49,Premium,9,148.68,1338.12,46,0,0.133,2,12.15,2,677,1,1,0
102803,26,Male,Central,41500.0,11,Basic,2,38.5,77.0,53,0,0.45,8,11.8,1,366,2,1,1
102804,28,Female,South,34100.0,46,Standard,6,33.28,199.68,72,1,0.518,5,4.59,0,213,1,1,0
102805,40,Non-binary,North,57500.0,12,Standard,3,34.06,102.18,2,0,0.294,10,9.85,1,0,0,1,0
102806,61,Male,Central,74700.0,16,Basic,7,28.73,201.11,94,2,0.762,4,4.62,1,321,0,1,1
102807,18,Female,South,20400.0,58,Premium,12,118.94,1427.28,10,1,0.346,4,2.83,2,678,0,1,0
102808,43,Male,North,38400.0,59,Premium,6,13.8,82.8,13,0,0.507,4,3.51,0,63,0,0,0
102809,21,Non-binary,North,44200.0,37,Basic,0,57.23,0.0,27,0,0.186,11,6.95,1,149,0,0,1
102810,31,Male,East,29000.0,106,Standard,4,70.93,283.72,17,0,0.335,11,18.83,2,453,1,0,0
102811,34,Male,Central,50200.0,78,Basic,12,55.51,666.12,50,1,0.362,5,18.34,2,219,0,0,0
102812,34,Female,North,43600.0,23,Basic,6,26.59,159.54,19,1,0.376,2,8.35,0,0,1,0,1
102813,32,Female,West,34800.0,12,Basic,2,45.81,91.62,6,0,0.596,16,19.03,1,174,0,1,0
102814,39,Male,South,54000.0,46,Standard,8,10.19,81.52,35,0,0.617,6,5.05,1,166,0,1,0
102815,32,Female,North,60500.0,31,Premium,8,135.26,1082.08,27,0,,3,23.07,0,620,1,0,0
102816,20,Male,West,38700.0,41,Standard,4,43.68,174.72,13,0,0.314,7,5.22,1,0,1,0,0
102817,49,Male,West,59300.0,43,Basic,3,26.63,79.89,94,1,0.137,1,4.91,0,0,0,1,1
102818,49,Female,East,80200.0,14,Basic,6,72.24,433.44,23,0,0.353,12,10.87,3,285,2,1,0
102819,50,Female,North,35000.0,11,Basic,2,21.39,42.78,57,0,0.435,1,1.13,1,0,1,0,1
102820,19,Female,North,15000.0,41,Basic,3,43.87,131.61,76,0,0.326,17,2.1,0,212,3,1,0
102821,43,Male,West,45200.0,40,Standard,5,28.77,143.85,32,0,0.385,1,12.48,1,222,2,0,0
102822,48,Female,East,76400.0,8,Premium,8,74.57,596.56,81,0,0.191,12,1.78,0,606,2,0,1
102823,26,Female,South,48800.0,16,Premium,7,32.72,229.04,43,1,0.203,5,20.54,2,118,0,1,1
102824,39,Male,North,23900.0,11,Basic,5,77.95,389.75,24,0,0.023,10,3.89,3,653,2,1,1
102825,37,Male,West,39900.0,28,Basic,3,27.87,83.61,95,0,0.427,13,8.56,2,186,0,0,1
102826,63,Male,North,52200.0,26,Standard,10,34.88,348.8,130,3,0.29,9,8.99,0,198,0,1,0
102827,64,Male,East,71100.0,5,Standard,7,29.15,204.05,107,1,0.479,15,2.44,0,71,0,1,1
102828,18,Female,West,,29,Basic,10,28.68,286.8,72,0,0.134,12,11.43,2,58,0,1,1
102829,71,Non-binary,South,92000.0,33,Premium,11,40.48,445.28,26,0,0.524,4,0.79,1,234,0,0,0
102830,27,Male,East,,35,Standard,6,68.33,409.98,17,0,0.486,11,10.19,1,313,0,0,0
102831,52,Female,East,54300.0,11,Standard,6,17.53,105.18,66,0,0.4,4,8.78,1,0,1,1,1
102832,52,Female,East,59000.0,26,Standard,3,61.36,184.08,0,0,0.205,6,13.99,2,203,2,1,1
102833,26,Female,Central,45200.0,64,Basic,8,56.4,451.2,102,0,0.688,8,3.02,2,217,0,1,1
102834,45,Male,East,86500.0,16,Standard,11,50.79,558.69,82,0,0.174,14,2.52,1,403,2,0,1
102835,38,Male,North,30400.0,62,Premium,7,101.87,713.09,28,0,0.539,9,6.33,1,549,0,0,0
102836,46,Male,South,76800.0,19,Premium,11,50.36,553.96,72,0,0.463,3,8.41,1,481,0,1,0
102837,42,Non-binary,East,54200.0,54,Basic,5,61.52,307.6,43,1,0.274,8,0.72,0,142,1,1,1
102838,55,Female,South,74600.0,40,Basic,6,18.59,111.54,12,1,0.195,6,3.94,2,0,1,1,0
102839,40,Male,West,51500.0,28,Standard,10,74.19,741.9,41,0,0.235,6,5.49,0,403,1,1,0
102840,37,Male,North,65700.0,36,Basic,4,76.84,307.36,21,1,0.398,6,4.21,1,187,0,1,0
102841,53,Male,North,65900.0,3,Standard,4,86.32,345.28,28,0,0.58,2,4.44,0,0,0,1,0
102842,47,Female,South,46500.0,50,Standard,9,56.52,508.68,28,2,0.664,18,7.81,0,239,0,0,0
102843,49,Male,Central,63800.0,10,Basic,5,35.19,175.95,23,2,0.508,11,,3,103,0,1,1
102844,30,Male,West,55200.0,68,Basic,4,19.09,76.36,113,2,0.172,3,20.53,1,0,1,0,1
102845,25,Female,East,34700.0,36,Standard,4,49.13,196.52,33,0,0.192,5,10.32,0,106,1,1,0
102846,32,Male,South,15000.0,11,Premium,6,152.0,912.0,3,0,,3,11.56,2,636,0,1,0
102847,31,Female,Central,38700.0,50,Standard,6,16.8,100.8,111,0,0.399,3,12.81,2,0,2,1,1
102848,49,Female,Central,58800.0,29,Premium,14,186.52,2611.28,11,1,0.145,8,11.51,0,1053,0,1,0
102849,52,Male,South,59700.0,42,Standard,6,91.95,551.7,26,1,0.711,1,3.56,1,311,0,1,0
102850,37,Female,West,39100.0,25,Basic,1,27.49,27.49,17,0,0.427,14,5.37,0,217,0,1,0
102851,58,Male,Central,,46,Basic,5,39.54,197.7,12,0,0.74,7,12.54,0,160,1,0,0
102852,57,Male,South,31800.0,16,Standard,4,15.48,61.92,50,0,0.619,5,2.31,0,0,0,0,1
102853,42,Female,South,52100.0,21,Basic,3,37.44,112.32,77,0,0.396,2,1.45,1,150,0,1,1
102854,28,Female,East,39000.0,40,Basic,4,51.57,206.28,40,1,0.311,3,6.26,1,99,0,0,1
102855,59,Female,South,96300.0,68,Basic,6,66.52,399.12,22,1,0.823,3,20.46,0,363,1,1,0
102856,38,Female,West,46800.0,27,Standard,5,110.03,550.15,53,0,0.084,11,3.68,1,387,0,1,0
102857,41,Male,East,56100.0,47,Premium,11,50.95,560.45,10,0,0.19,4,10.59,0,487,0,1,0
102858,35,Female,North,45900.0,45,Premium,10,214.87,2148.7,21,0,0.236,1,,1,1131,1,1,0
102859,27,Non-binary,South,37900.0,65,Standard,5,74.85,374.25,9,0,0.471,8,6.63,0,62,0,1,0
102860,20,Female,West,,13,Basic,4,12.78,51.12,25,0,0.419,13,2.98,1,7,0,0,0
102861,47,Female,North,40000.0,35,Standard,9,67.96,611.64,13,3,0.431,8,8.32,3,399,0,1,0
102862,29,Male,South,,33,Basic,6,40.74,244.44,11,0,0.048,18,3.3,1,447,0,1,0
102863,79,Female,North,96500.0,35,Standard,11,50.7,557.7,39,1,0.249,3,2.16,1,208,0,1,0
102864,25,Male,West,38200.0,18,Standard,4,8.4,33.6,39,0,0.49,1,6.36,0,0,1,1,0
102865,23,Male,North,28800.0,28,Basic,8,10.58,84.64,14,0,0.567,2,5.32,0,154,0,0,0
102866,46,Male,North,53600.0,53,Basic,7,21.75,152.25,32,1,0.525,5,6.61,1,274,0,0,1
102867,59,Female,West,79700.0,13,Premium,11,67.87,746.57,0,0,0.689,2,20.68,0,232,0,1,0
102868,40,Female,North,55700.0,40,Basic,2,52.75,105.5,14,0,0.452,23,9.39,2,626,1,1,0
102869,46,Non-binary,West,44600.0,24,Standard,5,24.59,122.95,97,1,0.573,3,15.13,0,0,0,1,1
102870,18,Female,South,31300.0,34,Standard,7,49.08,343.56,87,1,0.337,3,4.21,1,0,0,0,1
102871,30,Male,West,38700.0,23,Standard,8,62.36,498.88,31,1,0.707,6,2.47,0,216,0,0,0
102872,25,Male,North,41200.0,53,Basic,7,64.86,454.02,78,0,0.798,7,14.93,0,369,0,0,1
102873,18,Male,North,23500.0,12,Premium,11,146.85,1615.35,46,1,0.397,6,5.95,1,1005,0,1,0
102874,41,Male,South,32900.0,34,Standard,3,32.91,98.73,5,0,0.282,8,8.37,2,0,1,1,0
102875,18,Non-binary,Central,37400.0,56,Standard,10,92.55,925.5,49,0,0.232,8,4.51,2,383,0,1,0
102876,22,Female,West,39500.0,35,Standard,10,78.04,780.4,3,3,0.66,4,,1,376,0,0,0
102877,32,Male,South,61100.0,15,Basic,4,41.42,165.68,77,0,0.202,8,6.21,1,224,0,1,1
102878,28,Male,North,19100.0,15,Standard,6,28.2,169.2,149,0,0.01,4,7.5,2,124,1,1,1
102879,44,Female,North,51700.0,33,Standard,10,78.68,786.8,115,1,0.6,11,2.42,1,398,1,1,1
102880,43,Male,South,48500.0,6,Basic,8,17.59,140.72,55,1,0.487,2,7.1,0,123,2,1,1
102881,51,Female,North,53800.0,41,Standard,3,30.51,91.53,13,0,0.298,7,3.26,1,278,0,1,0
102882,49,Female,Central,35900.0,8,Basic,8,18.12,144.96,52,0,0.551,12,17.31,4,32,0,1,1
102883,54,Male,North,47300.0,12,Standard,8,45.85,366.8,195,0,0.046,12,6.9,2,241,1,1,1
102884,39,Male,Central,,76,Premium,18,133.04,2394.72,19,2,0.547,2,4.61,2,1372,0,0,0
102885,43,Female,North,44800.0,67,Premium,12,152.21,1826.52,56,0,0.536,8,28.46,2,1021,0,0,0
102886,46,Male,West,43000.0,21,Standard,6,103.84,623.04,16,0,0.747,5,4.2,1,387,0,0,0
102887,41,Female,South,69900.0,59,Standard,7,52.86,370.02,32,1,0.582,8,3.04,1,297,2,1,0
102888,34,Female,North,76400.0,15,Premium,11,13.46,148.06,28,0,0.598,17,15.88,0,327,0,1,0
102889,35,Female,West,43400.0,41,Basic,4,106.74,426.96,16,1,0.454,4,4.85,2,237,0,1,0
102890,28,Male,South,16500.0,62,Premium,11,119.11,1310.21,34,1,0.304,12,8.02,0,641,0,1,0
102891,44,Female,Central,58200.0,17,Premium,14,75.65,1059.1,58,0,0.303,4,8.14,2,504,1,0,1
102892,38,Female,West,17800.0,8,Basic,5,50.84,254.2,69,0,0.363,13,7.21,2,166,2,1,1
102893,30,Male,Central,20500.0,31,Basic,3,14.77,44.31,5,0,0.361,3,18.24,1,26,0,1,0
102894,30,Female,West,45200.0,17,Premium,14,8.89,124.46,24,0,0.61,6,2.17,3,237,1,1,0
102895,23,Female,South,15000.0,18,Basic,4,39.16,156.64,72,0,0.313,3,3.76,2,141,1,1,1
102896,52,Female,South,,12,Basic,2,90.85,181.7,56,0,0.899,8,8.13,2,134,0,0,1
102897,40,Male,West,,2,Basic,4,28.45,113.8,25,0,0.568,9,0.76,1,43,0,1,1
102898,28,Male,South,38300.0,19,Premium,11,74.72,821.92,43,0,0.206,5,10.61,1,412,2,0,1
102899,50,Male,East,74100.0,21,Basic,4,148.19,592.76,135,0,0.529,16,10.07,3,634,0,1,1
102900,32,Female,South,32700.0,15,Basic,3,69.08,207.24,42,0,0.248,3,8.84,1,105,1,1,1
102901,21,Female,West,30600.0,11,Basic,4,82.12,328.48,10,0,0.396,3,7.53,1,0,1,0,0
102902,52,Male,South,48900.0,50,Standard,8,68.69,549.52,55,0,0.596,4,5.92,1,256,1,1,0
102903,32,Female,North,30900.0,35,Basic,5,104.11,520.55,4,0,0.681,10,13.91,0,355,1,1,0
102904,34,Female,Central,31600.0,9,Basic,9,38.96,350.64,1,1,0.341,5,3.4,1,4,2,1,1
102905,40,Female,West,59900.0,32,Standard,7,10.56,73.92,91,1,0.025,5,3.68,0,213,0,1,1
102906,54,Female,South,42400.0,14,Standard,4,37.21,148.84,19,0,0.352,7,4.1,2,117,3,1,0
102907,39,Female,North,43300.0,48,Basic,2,27.32,54.64,10,0,0.477,14,9.54,1,234,0,1,0
102908,23,Male,West,38500.0,16,Standard,5,58.72,293.6,115,1,0.421,14,4.93,1,142,0,1,0
102909,46,Female,South,67300.0,54,Standard,5,64.2,321.0,13,0,0.746,7,7.41,0,204,1,0,0
102910,33,Male,East,48400.0,51,Standard,14,47.4,663.6,131,1,0.324,4,5.22,4,308,0,1,1
102911,64,Female,West,70700.0,38,Basic,3,16.18,48.54,89,0,0.249,5,7.46,1,309,0,0,1
102912,39,Male,South,40000.0,15,Basic,6,37.7,226.2,25,0,0.464,6,12.43,1,252,0,0,0
102913,18,Male,South,41000.0,23,Premium,12,89.07,1068.84,134,1,0.095,11,4.32,4,394,1,1,1
102914,44,Male,North,40600.0,25,Basic,11,15.47,170.17,5,2,0.373,1,4.12,0,144,0,0,0
102915,64,Female,South,59800.0,30,Premium,11,39.61,435.71,134,0,0.444,8,27.06,0,302,0,1,1
102916,59,Male,East,85900.0,57,Basic,5,17.1,85.5,7,0,0.537,10,4.82,1,226,1,1,0
102917,63,Female,North,75800.0,21,Standard,5,25.96,129.8,113,0,0.411,5,5.31,1,83,0,0,1
102918,26,Male,Central,41100.0,47,Basic,7,52.82,369.74,122,1,0.331,5,5.42,1,458,0,0,1
102919,51,Male,West,,10,Standard,5,80.2,401.0,57,0,0.339,5,4.84,1,279,0,0,1
102920,30,Male,North,38100.0,17,Basic,6,42.88,257.28,4,2,0.501,4,14.85,0,38,0,1,0
102921,42,Male,East,30700.0,14,Standard,10,38.96,389.6,4,0,0.148,14,6.4,0,441,2,1,0
102922,22,Male,South,35300.0,48,Basic,2,30.95,61.9,3,1,,16,3.1,1,66,0,1,0
102923,31,Male,South,40100.0,63,Basic,2,27.67,55.34,92,0,0.492,6,7.68,1,0,1,0,1
102924,30,Female,East,27400.0,18,Basic,5,68.68,343.4,56,0,0.498,12,15.21,2,312,0,1,1
102925,51,Female,North,44100.0,15,Premium,8,52.38,419.04,91,1,0.108,7,9.02,1,290,0,1,1
102926,49,Male,North,56800.0,23,Premium,8,39.22,313.76,0,0,0.271,6,11.15,0,259,0,1,0
102927,43,Non-binary,North,32700.0,13,Basic,7,18.6,130.2,20,0,0.541,5,2.06,2,46,0,0,0
102928,21,Male,North,28800.0,19,Basic,3,67.14,201.42,8,0,0.676,3,4.78,0,0,0,0,1
102929,35,Female,West,40500.0,23,Premium,7,57.27,400.89,69,0,0.495,16,7.47,3,535,0,1,0
102930,29,Male,Central,36800.0,24,Basic,1,51.19,51.19,39,0,0.417,7,3.69,2,69,1,0,1
102931,50,Female,West,64000.0,7,Basic,8,54.13,433.04,2,1,0.51,14,9.18,2,289,0,0,1
102932,54,Female,Central,70900.0,18,Basic,5,55.33,276.65,71,0,0.564,14,5.65,0,479,2,1,1
102933,53,Female,East,51300.0,73,Basic,4,17.78,71.12,40,0,0.465,5,6.96,3,0,2,0,1
102934,29,Female,South,50600.0,8,Premium,8,121.38,971.04,73,1,0.379,11,3.67,0,643,0,1,0
102935,18,Male,Central,24900.0,30,Standard,10,83.3,833.0,49,3,0.444,10,5.93,0,312,0,1,1
102936,18,Female,North,52500.0,28,Basic,3,59.14,177.42,46,2,0.117,8,7.0,1,30,1,0,1
102937,57,Female,North,56900.0,87,Standard,8,97.24,777.92,8,0,0.745,11,7.75,1,403,0,1,0
102938,34,Male,Central,20600.0,29,Standard,7,88.04,616.28,19,1,0.637,13,12.48,1,395,0,0,0
102939,29,Female,West,50100.0,70,Basic,3,15.88,47.64,2,0,0.158,16,7.35,1,0,1,1,0
102940,60,Female,Central,73900.0,28,Basic,9,46.78,421.02,68,1,0.519,2,1.25,1,306,1,0,1
102941,55,Female,North,80000.0,18,Basic,5,20.8,104.0,9,0,0.582,5,12.56,1,170,0,1,0
102942,39,Female,West,52300.0,29,Basic,8,16.28,130.24,28,0,0.231,6,27.29,1,46,1,1,1
102943,35,Male,South,76900.0,10,Basic,6,75.1,450.6,63,0,0.221,11,16.54,2,485,1,1,1
102944,37,Female,South,43400.0,31,Basic,1,94.59,94.59,6,0,0.548,4,12.58,2,103,0,0,1
102945,42,Female,Central,65400.0,19,Basic,7,35.64,249.48,21,1,0.402,10,10.88,1,161,0,1,0
102946,60,Female,South,60500.0,18,Standard,10,92.44,924.4,305,1,0.407,7,4.45,1,329,1,0,1
102947,44,Female,West,59600.0,50,Basic,6,30.15,180.9,3,0,0.494,5,4.88,1,199,0,1,0
102948,48,Female,Central,66000.0,22,Standard,12,12.37,148.44,11,0,0.358,7,13.94,1,0,0,0,0
102949,54,Female,Central,73900.0,5,Standard,5,63.21,316.05,30,1,0.232,5,4.63,0,481,1,0,1
102950,24,Female,North,44600.0,36,Standard,9,57.7,519.3,56,1,0.667,0,5.85,2,116,0,1,0
102951,49,Female,North,15000.0,42,Standard,8,24.96,199.68,47,0,0.672,4,12.8,2,212,0,1,0
102952,35,Male,Central,43200.0,95,Basic,4,15.18,60.72,2,0,0.799,9,2.08,2,90,3,1,0
102953,18,Female,East,19900.0,31,Basic,4,16.52,66.08,19,0,0.312,7,9.19,0,301,0,1,0
102954,18,Female,East,22700.0,20,Basic,3,18.82,56.46,23,0,0.393,7,7.79,2,24,0,0,1
102955,26,Male,North,31600.0,37,Basic,6,36.2,217.2,26,0,0.251,5,11.3,0,172,0,1,0
102956,46,Female,North,68300.0,11,Basic,5,22.88,114.4,21,0,0.419,5,6.87,1,307,0,0,0
102957,40,Male,Central,51700.0,18,Standard,6,53.0,318.0,6,1,0.287,8,12.74,2,142,0,1,0
102958,41,Female,East,42700.0,39,Standard,7,65.62,459.34,45,0,0.577,9,4.8,1,404,1,1,0
102959,64,Female,West,51100.0,23,Standard,4,12.94,51.76,17,1,0.811,15,2.75,3,0,0,1,0
102960,23,Male,South,54200.0,6,Standard,11,13.22,145.42,6,0,0.403,4,11.94,0,0,0,1,0
102961,39,Female,South,38900.0,22,Basic,5,28.68,143.4,8,0,0.258,4,8.21,0,0,2,0,0
102962,43,Female,East,49900.0,29,Standard,6,72.83,436.98,50,0,0.408,0,2.85,0,291,0,0,1
102963,29,Male,Central,68400.0,22,Standard,2,106.76,213.52,148,0,0.085,2,3.15,1,238,1,0,1
102964,39,Non-binary,South,39300.0,7,Basic,3,66.56,199.68,23,0,0.6,1,9.77,1,203,0,1,1
102965,18,Female,South,24100.0,3,Standard,6,64.48,386.88,5,1,0.393,4,5.72,1,172,0,0,1
102966,57,Male,East,68300.0,44,Premium,11,88.33,971.63,42,1,0.275,4,7.95,3,729,1,1,1
102967,30,Female,North,,41,Basic,5,9.23,46.15,5,1,0.49,7,6.74,0,187,1,1,0
102968,65,Male,South,,16,Basic,6,73.79,442.74,51,0,0.3,14,10.99,3,323,1,0,1
102969,39,Female,East,41200.0,16,Basic,5,24.4,122.0,19,1,0.526,12,6.36,2,59,0,1,0
102970,52,Male,North,54000.0,21,Standard,11,85.18,936.98,30,0,0.312,9,16.45,1,541,1,0,0
102971,38,Female,East,48900.0,46,Basic,5,78.54,392.7,11,2,0.369,2,3.77,2,36,1,1,0
102972,39,Male,North,34300.0,29,Standard,5,14.82,74.1,64,1,0.659,7,7.95,0,215,1,1,1
102973,31,Female,West,46400.0,60,Basic,6,53.11,318.66,30,2,0.526,12,4.44,0,488,1,1,0
102974,41,Male,West,19700.0,29,Basic,6,69.34,416.04,34,0,0.785,11,6.77,0,407,0,0,0
102975,43,Male,West,50800.0,14,Basic,3,18.2,54.6,2,0,0.443,4,18.72,1,24,0,1,1
102976,29,Male,West,43500.0,17,Basic,8,19.33,154.64,12,0,0.549,3,5.72,2,0,0,1,0
102977,37,Non-binary,East,50600.0,37,Standard,5,13.46,67.3,0,0,0.342,3,2.65,1,143,0,1,0
102978,31,Female,South,38100.0,70,Basic,3,29.88,89.64,25,0,,9,12.8,1,0,1,1,0
102979,69,Male,South,67200.0,30,Premium,7,239.72,1678.04,2,0,0.274,6,10.15,0,833,1,0,0
102980,38,Female,North,44300.0,51,Basic,8,54.88,439.04,7,0,0.416,22,6.98,3,267,0,1,0
102981,59,Male,West,84200.0,35,Basic,3,10.53,31.59,33,0,0.54,6,16.53,1,190,0,0,1
102982,36,Male,North,36700.0,32,Basic,5,67.25,336.25,93,2,0.341,10,21.61,1,63,3,1,1
102983,42,Female,South,64500.0,74,Standard,7,13.66,95.62,71,0,0.601,9,13.82,0,326,2,1,0
102984,22,Female,East,47700.0,12,Basic,1,26.4,26.4,3,0,0.39,2,5.67,1,0,0,1,1
102985,33,Male,West,17900.0,21,Basic,4,7.49,29.96,84,0,0.404,17,6.03,1,0,1,0,1
102986,42,Male,South,49000.0,18,Premium,11,18.65,205.15,3,1,0.664,8,0.56,1,231,1,1,0
102987,60,Male,South,54200.0,26,Basic,1,39.13,39.13,4,0,0.572,10,11.56,1,55,0,0,0
102988,42,Male,East,29800.0,8,Premium,9,46.82,421.38,354,1,0.279,10,9.02,0,373,1,1,1
102989,57,Female,Central,76100.0,25,Basic,4,7.31,29.24,1,0,0.521,5,,5,140,1,0,1
102990,47,Male,West,62200.0,16,Basic,8,43.93,351.44,1,1,0.199,2,14.05,1,466,1,1,0
102991,60,Male,South,71600.0,17,Standard,4,58.44,233.76,7,0,0.432,12,7.46,0,308,1,1,0
102992,38,Male,West,31800.0,54,Standard,6,23.98,143.88,50,0,0.408,12,17.68,0,90,0,0,0
102993,70,Male,North,80300.0,15,Basic,3,45.0,135.0,139,1,0.253,4,16.7,1,111,0,1,1
102994,33,Male,South,23900.0,88,Standard,6,41.09,246.54,7,0,,10,25.81,0,92,0,0,0
102995,29,Male,North,39500.0,29,Standard,12,56.13,673.56,6,2,0.094,6,6.87,0,506,0,1,0
102996,23,Male,South,23500.0,4,Standard,8,106.33,850.64,4,0,,13,16.49,0,211,0,0,0
102997,69,Male,East,91200.0,51,Standard,10,105.3,1053.0,4,0,0.662,8,14.93,2,485,0,1,0
102998,50,Male,East,53300.0,3,Basic,4,17.66,70.64,49,0,0.705,5,2.26,1,74,0,1,0
102999,35,Female,West,47400.0,10,Basic,5,13.4,67.0,36,1,0.852,9,15.05,3,0,0,1,1
103000,55,Female,East,66400.0,34,Basic,4,45.05,180.2,68,0,0.284,4,1.66,0,209,0,1,0
103001,48,Male,South,55400.0,22,Premium,9,21.11,189.99,5,0,0.54,11,4.4,0,39,3,0,0
103002,65,Male,East,74100.0,41,Basic,5,11.37,56.85,60,1,0.368,8,1.75,0,0,0,1,0
103003,19,Male,West,33200.0,17,Premium,15,88.04,1320.6,65,1,0.47,0,21.7,0,829,0,1,0
103004,36,Male,East,32600.0,17,Basic,2,5.0,10.0,30,0,0.292,12,6.12,0,93,1,1,0
103005,33,Female,South,47900.0,19,Standard,9,39.12,352.08,30,0,0.54,14,3.08,2,407,2,0,0
103006,18,Female,East,40100.0,35,Standard,4,37.64,150.56,313,0,0.303,6,12.5,2,19,0,1,1
103007,53,Male,East,66800.0,42,Basic,7,5.0,35.0,105,1,0.388,4,9.09,2,197,1,1,1
103008,35,Male,South,39200.0,10,Basic,6,5.0,30.0,138,0,0.248,6,6.05,2,147,0,0,1
103009,49,Female,Central,59900.0,56,Basic,6,61.39,368.34,21,0,,14,21.75,3,347,2,1,0
103010,70,Female,North,72300.0,85,Standard,3,60.95,182.85,7,0,0.348,5,5.58,0,195,0,1,0
103011,34,Female,North,41500.0,25,Basic,2,34.59,69.18,75,0,0.246,3,20.36,0,79,0,0,1
103012,34,Female,West,26600.0,31,Basic,5,21.17,105.85,20,0,0.287,12,9.71,2,473,2,0,1
103013,41,Male,West,69200.0,16,Basic,8,41.76,334.08,16,0,0.361,14,14.22,0,42,0,1,0
103014,52,Female,East,87400.0,50,Standard,6,46.92,281.52,40,1,0.478,23,1.51,3,374,1,0,1
103015,32,Female,East,31400.0,3,Standard,4,36.02,144.08,46,0,0.225,9,18.54,0,21,2,1,1
103016,31,Male,Central,51400.0,66,Premium,14,82.29,1152.06,26,0,0.114,3,1.46,3,490,1,0,0
103017,53,Male,South,81700.0,62,Basic,8,22.05,176.4,20,0,0.26,5,5.07,1,215,0,0,0
103018,44,Male,South,39300.0,10,Basic,0,36.64,0.0,4,0,0.151,5,3.2,4,151,0,1,1
103019,18,Female,East,15000.0,14,Basic,3,20.39,61.17,85,0,0.302,4,12.13,1,0,0,1,1
103020,23,Female,South,54000.0,23,Basic,5,24.55,122.75,14,0,0.417,5,8.67,1,375,0,0,1
103021,59,Female,East,66800.0,46,Basic,6,13.03,78.18,88,0,0.433,5,30.32,1,0,0,1,0
103022,44,Male,Central,45400.0,7,Basic,4,20.43,81.72,39,0,0.378,4,11.93,0,2,1,1,0
103023,29,Female,South,39100.0,17,Standard,4,19.95,79.8,40,0,0.498,5,7.01,2,1,0,1,0
103024,37,Male,North,40900.0,38,Basic,6,54.03,324.18,186,0,0.2,12,1.64,1,220,1,1,1
103025,39,Male,South,89400.0,9,Premium,13,93.24,1212.12,25,2,0.374,9,4.27,4,624,1,1,1
103026,49,Male,East,50000.0,24,Premium,4,187.02,748.08,35,0,0.169,9,21.02,1,523,0,1,0
103027,21,Female,West,35400.0,27,Standard,5,87.98,439.9,4,1,0.326,6,5.11,1,261,1,1,0
103028,28,Female,Central,55600.0,12,Basic,6,10.61,63.66,15,0,0.6,9,10.61,1,266,0,1,0
103029,43,Male,West,69800.0,26,Standard,6,38.64,231.84,101,1,0.229,2,5.66,0,124,0,1,1
103030,38,Female,Central,62300.0,28,Basic,10,56.48,564.8,1,3,0.125,1,4.55,1,315,0,0,1
103031,46,Male,South,48600.0,16,Standard,6,25.73,154.38,74,0,0.326,2,4.53,1,181,0,1,1
103032,23,Female,North,,6,Basic,1,25.13,25.13,27,0,0.549,7,11.02,4,348,0,0,1
103033,44,Non-binary,South,22300.0,6,Premium,8,76.63,613.04,9,1,0.148,5,28.84,3,491,0,0,1
103034,53,Male,West,60200.0,36,Standard,8,32.2,257.6,33,2,0.218,7,9.24,1,349,1,1,0
103035,45,Female,North,54100.0,36,Standard,9,26.29,236.61,3,1,0.523,1,7.5,0,196,1,1,0
103036,41,Male,North,60200.0,20,Standard,6,71.72,430.32,23,0,0.168,6,11.21,1,290,0,1,0
103037,38,Male,South,72100.0,23,Standard,4,135.53,542.12,114,1,0.579,11,11.72,2,531,0,1,1
103038,28,Male,South,47500.0,18,Basic,4,24.26,97.04,17,1,0.611,7,3.18,0,22,0,0,1
103039,38,Female,East,62000.0,57,Standard,3,57.5,172.5,73,2,0.389,7,2.68,0,194,2,1,1
103040,55,Female,Central,62900.0,18,Premium,13,70.34,914.42,34,0,0.44,15,9.39,2,678,0,1,0
103041,37,Male,North,64000.0,76,Basic,6,12.22,73.32,11,0,0.422,9,15.86,2,267,0,1,0
103042,27,Female,East,36700.0,13,Basic,4,12.99,51.96,1,0,,0,13.49,0,0,0,0,1
103043,33,Male,North,58200.0,50,Premium,5,69.02,345.1,7,0,0.263,6,7.74,1,394,0,1,0
103044,42,Female,South,62100.0,9,Premium,16,103.46,1655.36,58,1,0.122,15,0.68,2,833,1,0,1
103045,34,Male,South,48700.0,32,Basic,5,26.05,130.25,25,0,0.501,5,10.01,1,338,0,0,0
103046,45,Female,East,32100.0,8,Basic,5,15.78,78.9,259,0,0.366,3,17.63,5,317,1,1,1
103047,46,Male,East,69900.0,16,Basic,6,43.68,262.08,14,1,0.101,3,12.06,1,189,1,0,1
103048,51,Female,East,64600.0,49,Premium,10,50.43,504.3,56,0,,6,19.71,2,509,0,1,1
103049,58,Female,West,75800.0,8,Premium,9,92.94,836.46,26,0,0.31,13,22.32,0,473,0,0,0
103050,52,Female,North,64700.0,64,Basic,1,31.44,31.44,6,0,0.71,6,11.45,0,0,1,1,0
103051,27,Male,West,43400.0,44,Premium,10,209.46,2094.6,22,1,0.278,6,9.21,1,1165,1,1,0
103052,27,Female,West,54800.0,44,Basic,9,74.99,674.91,117,0,0.592,14,23.98,2,560,0,1,1
103053,38,Male,North,40400.0,43,Basic,9,61.95,557.55,36,0,0.108,6,17.83,1,474,1,0,1
103054,33,Female,South,48800.0,67,Basic,7,76.8,537.6,57,1,0.267,8,13.06,0,390,0,1,0
103055,24,Male,North,22800.0,33,Premium,10,74.41,744.1,93,0,0.524,10,16.94,0,403,1,0,1
103056,33,Male,North,50300.0,16,Basic,5,46.6,233.0,27,0,0.11,14,6.75,2,278,1,1,0
103057,33,Female,South,45800.0,38,Premium,6,28.12,168.72,19,0,0.417,10,7.85,0,253,1,0,0
103058,30,Female,South,30600.0,24,Standard,7,47.64,333.48,76,0,0.185,13,13.28,2,106,3,0,1
103059,35,Female,Central,45500.0,59,Premium,16,186.59,2985.44,15,1,0.325,12,19.2,0,1305,2,1,0
103060,54,Male,Central,54200.0,25,Standard,6,81.24,487.44,55,0,0.405,2,2.95,2,401,0,1,1
103061,42,Non-binary,East,45500.0,45,Standard,3,51.21,153.63,28,0,0.546,6,11.2,0,0,1,1,0
103062,71,Female,West,83300.0,12,Basic,6,63.06,378.36,25,0,0.509,3,1.94,1,215,1,1,0
103063,41,Male,Central,53600.0,24,Basic,3,10.12,30.36,56,0,0.418,8,5.97,0,0,0,1,1
103064,35,Male,South,17300.0,24,Standard,6,122.36,734.16,18,0,0.327,11,10.82,1,369,0,1,0
103065,39,Male,East,53100.0,59,Basic,11,32.09,352.99,28,0,0.688,2,4.37,0,292,0,1,0
103066,42,Male,West,46600.0,43,Standard,8,10.39,83.12,16,0,0.488,9,1.06,3,2,1,1,0
103067,45,Non-binary,Central,47800.0,12,Basic,6,25.65,153.9,18,0,0.526,9,1.01,2,106,0,1,0
103068,66,Male,West,57800.0,26,Standard,3,57.31,171.93,53,0,0.188,6,10.55,1,171,1,1,1
103069,28,Male,North,36900.0,20,Basic,1,10.68,10.68,20,0,0.447,6,9.08,0,0,0,0,0
103070,50,Female,West,51100.0,44,Basic,5,24.6,123.0,120,0,0.59,5,3.44,1,149,1,1,1
103071,42,Male,South,68600.0,47,Basic,5,65.5,327.5,13,0,0.777,4,5.62,0,234,2,1,0
103072,19,Non-binary,South,15000.0,56,Basic,4,31.41,125.64,6,0,0.287,6,5.64,0,68,0,0,0
103073,49,Male,East,44000.0,47,Standard,6,65.04,390.24,27,1,,12,0.52,1,51,0,0,0
103074,55,Female,West,48700.0,14,Basic,2,16.99,33.98,18,0,0.43,14,1.42,0,81,0,0,0
103075,28,Male,North,41100.0,24,Standard,8,26.84,214.72,2,0,0.049,4,7.05,1,119,1,0,0
103076,39,Female,South,64400.0,50,Standard,7,21.8,152.6,93,1,0.328,5,11.8,3,103,0,1,1
103077,18,Male,West,35000.0,62,Basic,7,77.41,541.87,196,0,0.541,7,13.66,1,470,0,1,1
103078,23,Female,North,17400.0,9,Standard,3,66.53,199.59,105,0,0.552,9,16.47,0,327,3,0,1
103079,53,Male,West,55200.0,37,Basic,8,6.38,51.04,24,0,0.483,3,0.93,1,104,0,1,0
103080,33,Female,South,30900.0,25,Basic,7,14.67,102.69,8,1,0.65,13,,0,0,0,1,0
103081,25,Female,East,41800.0,31,Standard,3,98.03,294.09,21,0,0.33,23,2.88,1,381,0,0,0
103082,42,Female,North,44500.0,43,Standard,5,62.97,314.85,0,0,0.576,2,2.9,0,169,0,1,0
103083,32,Female,Central,21500.0,27,Premium,6,100.4,602.4,47,0,0.366,7,16.07,2,457,1,1,0
103084,33,Female,Central,50400.0,29,Premium,6,53.08,318.48,22,1,0.175,16,20.07,0,131,1,0,0
103085,49,Male,North,75100.0,11,Basic,3,26.57,79.71,25,0,0.237,4,3.26,1,108,0,1,0
103086,24,Male,West,31200.0,24,Standard,3,41.19,123.57,29,0,0.546,2,1.71,1,0,1,0,1
103087,27,Male,West,38200.0,23,Basic,7,24.23,169.61,7,3,0.15,5,2.48,0,63,2,1,0
103088,41,Male,North,28800.0,22,Basic,2,46.08,92.16,169,1,0.423,3,4.08,2,231,0,1,1
103089,52,Female,East,31500.0,22,Standard,6,25.08,150.48,35,0,0.181,5,2.6,1,0,1,1,0
103090,55,Male,Central,37300.0,72,Standard,8,134.1,1072.8,5,0,0.708,10,1.65,4,566,1,0,0
103091,30,Male,East,38800.0,43,Premium,11,201.55,2217.05,45,1,0.658,1,13.18,1,1010,0,0,0
103092,51,Female,Central,55000.0,10,Premium,14,124.35,1740.9,21,3,0.256,14,18.25,1,1116,1,1,1
103093,29,Male,North,46100.0,5,Basic,5,64.88,324.4,10,2,0.299,0,13.97,1,212,0,0,1
103094,63,Male,Central,68000.0,24,Standard,6,129.79,778.74,2,1,0.306,3,,1,115,0,0,0
103095,24,Male,Central,47500.0,53,Premium,16,98.1,1569.6,36,1,0.576,8,0.5,2,839,1,1,0
103096,56,Male,North,76300.0,12,Standard,8,27.88,223.04,17,0,0.157,8,4.14,0,298,0,0,0
103097,30,Female,South,34900.0,48,Standard,7,70.78,495.46,41,0,0.063,9,13.55,2,280,0,1,1
103098,65,Male,East,58600.0,14,Standard,5,56.91,284.55,15,0,0.346,6,1.42,0,0,0,1,0
103099,47,Female,Central,28700.0,20,Standard,6,50.86,305.16,29,2,0.49,9,10.57,1,289,0,0,1
103100,26,Male,North,55700.0,23,Basic,4,33.64,134.56,86,0,0.394,1,10.16,1,0,0,1,1
103101,32,Female,South,28100.0,27,Basic,3,7.33,21.99,15,1,0.313,9,8.31,3,84,0,0,1
103102,49,Male,West,36500.0,8,Basic,8,43.56,348.48,6,0,0.482,6,5.51,1,394,1,1,0
103103,53,Female,South,63100.0,9,Premium,14,214.54,3003.56,24,1,0.408,3,5.68,1,1479,0,0,1
103104,38,Female,East,26200.0,19,Basic,5,23.58,117.9,39,1,0.188,10,11.77,1,341,0,0,1
103105,40,Female,East,50700.0,6,Basic,5,9.25,46.25,30,0,0.459,10,13.46,0,1,2,1,1
103106,49,Female,Central,52700.0,18,Standard,9,25.79,232.11,45,0,0.153,17,0.7,1,326,3,0,0
103107,41,Male,North,62800.0,31,Basic,4,20.13,80.52,66,0,0.266,10,6.07,0,28,0,0,1
103108,22,Male,Central,43500.0,11,Premium,5,76.96,384.8,15,0,0.599,7,10.54,0,238,0,1,0
103109,28,Female,East,52900.0,17,Basic,3,23.67,71.01,40,0,0.492,6,4.8,0,162,0,0,1
103110,42,Male,Central,53700.0,28,Standard,5,56.35,281.75,17,2,0.618,8,2.09,0,175,1,1,0
103111,55,Male,North,51100.0,8,Premium,10,91.36,913.6,51,0,0.178,5,14.82,1,668,2,1,0
103112,60,Female,East,53400.0,31,Premium,9,118.97,1070.73,116,3,0.414,2,10.46,1,326,2,0,1
103113,49,Male,West,50000.0,24,Premium,15,124.32,1864.8,41,2,0.708,15,10.67,0,914,0,1,0
103114,43,Female,West,79700.0,13,Standard,9,41.1,369.9,15,0,0.466,3,2.01,0,50,0,0,0
103115,49,Female,North,54000.0,57,Basic,9,83.43,750.87,88,0,0.257,14,5.59,0,523,1,1,0
103116,30,Female,South,41700.0,11,Standard,9,5.0,45.0,65,0,0.535,3,2.25,0,13,0,0,0
103117,37,Female,North,67300.0,33,Standard,11,82.35,905.85,40,0,0.164,24,3.15,3,544,0,1,0
103118,28,Male,North,41100.0,34,Basic,4,64.99,259.96,83,0,0.621,6,3.15,3,69,0,1,1
103119,23,Male,West,22300.0,11,Standard,9,28.76,258.84,3,0,0.551,5,17.62,1,149,1,1,0
103120,43,Female,Central,62000.0,14,Premium,9,83.78,754.02,73,1,0.304,3,12.47,2,379,0,1,1
103121,41,Male,East,43900.0,37,Basic,1,42.09,42.09,51,0,0.44,16,8.12,0,163,0,0,0
103122,48,Female,North,60500.0,45,Premium,14,43.82,613.48,38,1,0.242,2,17.86,1,96,0,0,0
103123,46,Female,South,61800.0,32,Standard,1,79.8,79.8,3,0,0.443,4,10.25,1,223,2,0,0
103124,42,Male,South,43900.0,37,Basic,10,33.05,330.5,55,0,0.28,2,3.46,0,281,0,0,1
103125,46,Male,North,57200.0,18,Basic,7,26.23,183.61,1,0,0.488,12,10.9,2,384,3,0,0
103126,38,Male,West,69400.0,52,Basic,6,60.24,361.44,121,0,0.278,5,18.38,1,331,1,1,1
103127,44,Female,North,43900.0,6,Basic,4,26.55,106.2,7,0,0.124,4,10.31,1,0,0,1,0
103128,30,Female,North,57800.0,30,Basic,3,35.46,106.38,0,0,0.27,6,5.25,2,79,1,1,0
103129,44,Female,West,44400.0,50,Basic,2,47.63,95.26,5,0,0.111,7,1.93,0,0,0,1,0
103130,48,Male,North,81700.0,47,Basic,9,19.71,177.39,16,0,0.449,12,17.44,0,235,2,1,0
103131,30,Female,South,27400.0,2,Basic,9,18.46,166.14,1,0,0.906,2,7.31,1,113,0,1,0
103132,40,Male,East,43400.0,43,Basic,2,13.14,26.28,23,0,0.227,7,33.5,1,129,3,0,1
103133,31,Female,North,61500.0,18,Premium,9,53.84,484.56,12,0,0.098,4,17.65,1,150,0,1,0
103134,32,Female,East,63000.0,17,Standard,12,23.19,278.28,19,1,0.42,6,3.54,1,206,1,1,0
103135,24,Female,East,45200.0,31,Premium,8,98.26,786.08,25,0,0.248,5,17.89,1,356,0,1,0
103136,55,Male,West,48000.0,11,Standard,6,31.84,191.04,19,1,0.718,14,15.53,0,343,1,1,0
103137,53,Male,North,62400.0,34,Basic,3,35.88,107.64,8,0,0.595,7,6.38,1,97,2,1,1
103138,46,Non-binary,South,54600.0,49,Standard,9,86.32,776.88,29,0,0.495,4,8.67,4,501,0,0,0
103139,65,Male,West,60700.0,62,Standard,9,68.95,620.55,11,0,0.395,14,1.39,2,271,2,1,0
103140,37,Male,North,,80,Standard,5,66.2,331.0,10,0,0.343,3,14.09,0,259,2,1,0
103141,78,Female,North,74100.0,31,Basic,4,203.27,813.08,78,0,0.111,6,10.68,1,654,1,1,1
103142,36,Male,South,27000.0,16,Basic,9,15.86,142.74,63,2,0.663,1,3.36,2,0,0,1,1
103143,42,Male,North,28100.0,12,Basic,9,32.04,288.36,29,1,0.332,3,3.35,1,206,0,1,1
103144,34,Male,North,67200.0,89,Basic,5,18.25,91.25,95,0,0.81,11,21.97,1,267,0,1,0
103145,44,Female,Central,45600.0,20,Premium,7,191.23,1338.61,53,0,0.881,3,2.41,1,1100,1,1,0
103146,50,Female,South,51500.0,3,Standard,7,78.61,550.27,60,2,0.273,4,11.24,0,453,0,0,1
103147,38,Male,East,32600.0,14,Basic,2,55.25,110.5,118,0,0.442,5,16.43,1,0,1,1,1
103148,62,Female,South,89000.0,17,Basic,2,31.57,63.14,23,0,0.115,11,10.63,1,194,0,1,1
103149,42,Female,North,31500.0,44,Standard,12,47.16,565.92,14,0,0.782,3,8.16,2,717,4,1,0
103150,43,Female,West,34900.0,64,Basic,5,32.33,161.65,114,0,0.557,8,7.58,1,320,1,0,1
103151,27,Male,West,32000.0,47,Standard,9,66.79,601.11,87,4,0.283,7,7.76,2,373,0,0,1
103152,44,Female,Central,52400.0,38,Basic,9,19.61,176.49,56,0,0.455,5,5.52,1,210,0,0,1
103153,37,Male,North,55300.0,65,Basic,4,23.0,92.0,17,0,0.249,10,7.89,1,377,0,0,0
103154,31,Male,North,30900.0,46,Premium,11,53.52,588.72,19,1,0.043,8,3.29,0,678,3,0,0
103155,29,Male,West,60100.0,56,Standard,3,60.22,180.66,71,0,0.324,0,3.98,4,154,1,1,1
103156,74,Female,South,,17,Premium,11,88.07,968.77,2,0,0.312,6,2.13,2,607,2,1,0
103157,36,Male,North,31000.0,10,Standard,4,41.46,165.84,75,0,0.213,6,3.24,1,0,1,0,0
103158,20,Female,South,15000.0,12,Basic,4,19.46,77.84,3,1,0.267,5,11.55,1,109,0,1,1
103159,30,Female,North,28600.0,23,Standard,2,36.16,72.32,47,0,0.448,1,13.92,1,0,1,1,1
103160,38,Female,West,30600.0,81,Standard,3,27.07,81.21,3,0,0.397,4,11.37,2,252,3,0,0
103161,46,Female,Central,65100.0,18,Premium,17,102.85,1748.45,3,1,0.495,2,5.99,2,783,1,1,0
103162,46,Male,East,40600.0,12,Basic,7,23.85,166.95,33,1,0.431,3,14.02,0,84,0,1,0
103163,48,Female,South,54600.0,107,Standard,6,45.87,275.22,5,1,0.416,4,2.73,0,117,1,1,0
103164,31,Male,West,25900.0,32,Standard,6,74.08,444.48,86,0,0.339,6,0.5,1,426,0,0,1
103165,43,Female,East,35300.0,19,Basic,3,11.62,34.86,24,0,0.348,16,13.51,1,81,0,0,1
103166,28,Non-binary,West,53000.0,9,Standard,5,80.53,402.65,7,0,0.437,9,11.79,1,0,1,0,1
103167,31,Male,East,62800.0,8,Basic,10,49.65,496.5,29,0,0.46,1,6.66,0,182,1,1,0
103168,27,Female,Central,54300.0,50,Basic,8,63.37,506.96,79,1,0.483,8,4.49,2,306,1,0,1
103169,24,Male,South,15000.0,4,Basic,5,32.5,162.5,62,0,0.596,19,6.68,1,22,0,1,0
103170,53,Female,East,42600.0,25,Basic,3,59.11,177.33,1,0,0.67,7,7.11,3,228,0,1,1
103171,48,Male,West,84200.0,63,Standard,4,125.54,502.16,31,0,0.355,17,17.1,0,445,0,0,0
103172,52,Male,Central,56700.0,17,Premium,14,83.83,1173.62,50,2,0.457,5,13.47,2,887,2,0,0
103173,40,Male,Central,29700.0,32,Basic,5,65.71,328.55,110,0,,5,3.26,0,273,0,0,1
103174,49,Female,South,72600.0,15,Basic,7,71.03,497.21,11,0,0.162,19,8.33,0,238,1,0,0
103175,18,Non-binary,West,28900.0,83,Basic,8,24.95,199.6,52,0,0.804,3,3.47,1,0,1,1,0
103176,50,Male,South,66400.0,35,Premium,15,138.8,2082.0,15,1,0.152,6,8.4,1,1151,1,0,0
103177,41,Male,East,18500.0,62,Standard,6,73.75,442.5,205,1,0.382,14,6.67,0,313,1,1,1
103178,47,Female,North,51000.0,27,Premium,5,115.59,577.95,38,1,0.352,2,12.63,0,342,0,1,0
103179,44,Female,South,66000.0,32,Standard,7,175.92,1231.44,240,0,0.128,3,4.82,0,591,0,1,1
103180,26,Male,Central,26600.0,38,Standard,6,72.13,432.78,0,1,0.217,4,2.07,1,292,0,1,1
103181,20,Male,West,47200.0,23,Premium,8,122.71,981.68,64,0,0.207,17,9.6,2,957,1,1,0
103182,30,Male,East,21000.0,46,Basic,4,29.27,117.08,100,0,0.071,9,3.02,2,209,1,0,1
103183,46,Male,North,53000.0,26,Premium,11,85.21,937.31,23,2,,9,11.2,0,351,0,1,0
103184,48,Male,South,79500.0,41,Standard,4,118.51,474.04,2,0,0.18,2,9.37,0,241,2,0,0
103185,21,Female,North,15000.0,64,Premium,11,97.82,1076.02,16,1,0.437,10,11.19,0,957,1,1,0
103186,26,Male,North,39400.0,30,Basic,5,48.28,241.4,90,0,0.21,3,19.92,0,59,0,0,1
103187,30,Female,Central,47600.0,17,Basic,5,77.91,389.55,248,0,0.402,4,1.94,1,351,0,0,1
103188,34,Male,East,44500.0,61,Basic,6,69.16,414.96,9,0,0.183,2,7.37,0,231,0,1,0
103189,21,Female,North,27300.0,38,Basic,6,40.39,242.34,34,0,0.559,16,7.89,2,300,0,1,0
103190,21,Male,West,18600.0,20,Basic,5,34.61,173.05,84,1,0.491,6,3.88,2,94,2,1,1
103191,28,Male,North,40300.0,15,Basic,8,19.4,155.2,17,0,0.604,2,14.53,1,0,1,1,0
103192,40,Male,South,47500.0,1,Basic,10,77.36,773.6,93,0,0.572,8,5.92,1,566,1,1,1
103193,24,Female,South,15000.0,27,Basic,4,56.98,227.92,87,0,0.242,5,10.7,3,281,1,0,1
103194,37,Male,North,61400.0,26,Basic,5,33.53,167.65,82,0,0.235,15,6.33,1,306,0,1,1
103195,53,Female,East,48500.0,13,Standard,5,54.82,274.1,32,1,0.647,13,2.88,0,201,1,0,0
103196,22,Female,West,15000.0,13,Basic,10,21.68,216.8,101,1,0.87,9,9.69,1,287,0,1,1
103197,36,Male,East,36800.0,14,Standard,6,93.26,559.56,63,2,0.149,5,9.78,1,182,0,1,1
103198,52,Male,West,47800.0,25,Standard,9,91.89,827.01,13,1,0.327,4,2.56,1,517,2,0,0
103199,34,Female,Central,39600.0,51,Basic,5,62.86,314.3,5,0,0.466,11,5.66,1,233,0,1,0
103200,32,Male,West,23900.0,23,Basic,3,16.49,49.47,21,1,0.164,3,5.5,1,64,0,1,1
103201,54,Female,Central,68500.0,19,Standard,11,33.03,363.33,1,0,0.539,9,2.57,2,363,1,1,0
103202,35,Male,Central,63500.0,10,Standard,3,133.53,400.59,15,0,0.254,19,19.67,1,337,0,1,0
103203,53,Male,West,62700.0,4,Basic,6,16.33,97.98,3,0,0.658,4,5.93,2,0,0,0,0
103204,45,Male,South,33400.0,11,Standard,4,76.32,305.28,54,0,0.01,2,4.28,0,31,1,1,1
103205,35,Male,North,31400.0,18,Basic,6,31.49,188.94,71,1,0.547,5,1.18,2,264,0,0,1
103206,45,Non-binary,West,56700.0,16,Standard,8,91.22,729.76,16,1,0.742,5,3.98,0,476,1,0,0
103207,43,Male,West,24200.0,31,Standard,5,70.53,352.65,80,0,0.702,15,13.97,0,53,0,0,1
103208,52,Female,West,43000.0,28,Basic,6,42.85,257.1,69,1,0.566,8,4.7,0,269,0,1,0
103209,32,Female,East,18200.0,11,Standard,7,27.17,190.19,49,1,0.178,10,11.8,1,365,0,1,1
103210,40,Male,West,,31,Premium,7,18.13,126.91,36,0,0.827,6,3.86,3,0,1,1,0
103211,38,Female,West,77300.0,14,Standard,6,72.52,435.12,36,0,0.218,14,22.8,3,123,0,1,1
103212,48,Male,West,38800.0,23,Basic,4,29.55,118.2,13,0,0.346,12,18.62,1,256,1,1,0
103213,26,Female,North,47000.0,10,Standard,6,42.62,255.72,8,1,0.518,6,0.55,1,0,0,0,1
103214,52,Male,East,52400.0,31,Basic,4,14.08,56.32,5,0,0.537,22,10.33,1,187,1,1,0
103215,45,Female,North,35200.0,15,Premium,9,52.01,468.09,11,0,0.32,3,2.75,1,249,2,1,0
103216,22,Male,North,53700.0,61,Standard,8,8.8,70.4,11,0,0.783,1,0.5,0,77,0,0,0
103217,55,Male,East,93400.0,16,Basic,3,89.05,267.15,83,0,0.373,8,7.87,0,280,0,1,1
103218,68,Female,North,81300.0,10,Premium,11,112.46,1237.06,15,1,0.447,11,7.04,2,648,0,0,1
103219,52,Male,Central,65400.0,16,Standard,5,14.8,74.0,13,0,0.29,9,8.79,0,344,1,1,0
103220,58,Female,South,66900.0,13,Basic,4,25.29,101.16,6,0,0.515,11,5.99,1,165,0,1,0
103221,40,Male,West,46800.0,3,Standard,3,20.62,61.86,5,1,0.207,9,4.97,2,0,1,1,1
103222,18,Male,North,32800.0,65,Premium,10,136.49,1364.9,6,1,0.404,11,3.34,1,652,2,1,0
103223,18,Female,West,37500.0,36,Standard,9,39.88,358.92,77,0,0.093,6,8.4,1,162,0,0,1
103224,42,Female,East,74100.0,28,Basic,7,29.1,203.7,5,0,0.601,10,4.12,0,39,1,1,0
103225,31,Female,East,33000.0,21,Standard,6,67.02,402.12,1,0,0.115,17,8.0,2,319,1,1,0
103226,27,Female,East,38300.0,10,Standard,8,23.87,190.96,17,0,0.669,5,5.92,0,46,1,1,0
103227,38,Male,East,45800.0,5,Basic,4,33.91,135.64,65,0,0.043,3,25.98,1,107,1,1,1
103228,47,Female,East,69900.0,23,Standard,9,69.16,622.44,21,0,0.166,6,11.87,0,520,1,0,1
103229,20,Male,West,63500.0,25,Basic,6,84.0,504.0,4,2,0.118,7,6.73,0,66,1,1,0
103230,33,Non-binary,West,57100.0,20,Basic,5,46.19,230.95,57,0,0.196,11,9.69,3,238,0,1,1
103231,59,Male,South,78100.0,85,Standard,9,38.29,344.61,2,0,0.5,2,3.17,0,322,0,1,0
103232,25,Male,Central,47400.0,3,Basic,8,43.51,348.08,11,0,0.207,11,12.71,3,355,0,1,1
103233,50,Female,South,76100.0,22,Basic,7,24.07,168.49,84,0,0.302,3,4.6,1,40,0,1,1
103234,33,Male,South,76100.0,4,Standard,8,50.27,402.16,43,0,0.476,12,1.23,2,312,0,0,1
103235,46,Male,South,31000.0,19,Premium,12,204.62,2455.44,8,1,0.218,11,12.5,2,1147,1,0,0
103236,53,Non-binary,South,69600.0,17,Basic,6,39.55,237.3,3,1,0.542,0,3.07,3,103,0,1,0
103237,49,Female,South,21300.0,7,Premium,10,237.15,2371.5,9,1,0.163,18,17.03,1,1085,2,0,0
103238,51,Female,West,72700.0,12,Standard,3,25.55,76.65,20,0,0.163,15,9.54,0,231,0,0,1
103239,24,Non-binary,East,41400.0,20,Basic,1,37.47,37.47,20,0,0.228,7,11.62,2,128,0,1,1
103240,53,Male,Central,53600.0,21,Standard,5,30.09,150.45,50,0,0.52,5,11.76,0,20,2,0,0
103241,28,Female,North,15000.0,14,Basic,9,9.65,86.85,52,0,0.282,12,4.63,1,190,1,0,1
103242,42,Male,East,50600.0,55,Standard,11,22.32,245.52,0,1,0.522,9,14.36,2,428,0,1,0
103243,42,Female,North,53900.0,45,Standard,8,49.04,392.32,36,0,0.322,8,3.24,1,139,2,1,0
103244,45,Male,South,,9,Standard,12,108.77,1305.24,2,0,0.449,11,18.52,1,812,2,0,0
103245,43,Female,South,43100.0,9,Standard,6,51.55,309.3,4,0,0.197,4,18.3,0,333,0,0,0
103246,28,Female,West,24900.0,13,Standard,5,52.73,263.65,5,0,0.626,11,10.41,2,252,0,0,1
103247,21,Female,West,30100.0,29,Basic,7,31.59,221.13,8,0,0.323,6,4.04,5,238,1,1,0
103248,50,Female,South,47200.0,18,Standard,7,49.3,345.1,4,1,0.296,1,5.27,1,194,0,0,1
103249,41,Female,North,61200.0,26,Basic,8,15.99,127.92,90,0,0.466,2,2.47,1,85,0,0,1
103250,54,Female,South,61100.0,46,Standard,5,5.42,27.1,13,1,0.326,6,11.27,1,0,2,1,0
103251,38,Female,South,22900.0,11,Standard,13,53.19,691.47,80,0,0.725,6,3.57,1,234,2,1,1
103252,21,Male,West,33300.0,5,Basic,10,79.25,792.5,67,1,0.344,20,2.3,1,680,1,0,1
103253,52,Male,East,66100.0,33,Basic,2,68.47,136.94,21,1,0.159,17,6.56,2,0,1,1,1
103254,34,Male,West,65900.0,11,Standard,7,127.03,889.21,26,0,0.303,7,31.37,1,663,2,0,0
103255,43,Female,Central,64700.0,31,Standard,12,25.34,304.08,77,2,0.221,8,3.72,0,102,0,1,1
103256,31,Female,South,27800.0,28,Basic,4,52.0,208.0,166,0,0.541,7,2.25,0,142,1,0,1
103257,60,Male,Central,,49,Standard,7,148.31,1038.17,94,1,0.556,4,5.03,0,661,0,1,1
103258,28,Male,West,18100.0,30,Premium,14,111.11,1555.54,47,0,,16,11.05,2,1025,0,0,0
103259,35,Non-binary,North,44500.0,24,Basic,9,29.84,268.56,3,2,0.754,11,8.08,1,105,2,1,0
103260,40,Male,West,59500.0,23,Basic,2,17.09,34.18,38,0,0.325,2,5.26,2,39,0,1,1
103261,25,Male,East,55100.0,72,Premium,9,204.67,1842.03,55,2,0.7,1,12.67,1,925,0,1,1
103262,43,Male,West,78200.0,27,Basic,5,41.52,207.6,44,0,0.368,5,1.19,1,0,0,0,0
103263,60,Female,West,85700.0,19,Standard,1,10.3,10.3,5,0,0.651,7,4.11,1,72,0,0,1
103264,33,Male,Central,40300.0,16,Standard,5,29.79,148.95,14,0,0.683,13,18.4,0,233,1,1,0
103265,44,Male,West,60800.0,33,Premium,4,18.23,72.92,1,0,0.398,4,6.33,0,0,0,1,0
103266,18,Male,West,31100.0,65,Standard,9,52.99,476.91,17,0,0.241,5,8.98,1,408,0,1,0
103267,38,Female,South,37100.0,37,Standard,9,32.2,289.8,35,1,0.272,17,6.66,0,459,1,1,0
103268,35,Female,Central,42500.0,58,Standard,3,23.12,69.36,37,0,0.354,2,0.65,0,47,1,0,0
103269,28,Female,West,62700.0,39,Basic,5,9.67,48.35,27,1,0.295,3,0.77,0,0,2,0,0
103270,53,Female,West,70300.0,7,Basic,8,5.0,40.0,32,0,0.68,6,12.51,0,56,0,1,0
103271,35,Male,Central,73000.0,90,Basic,3,24.68,74.04,44,0,,6,7.12,2,127,0,0,1
103272,37,Male,North,30900.0,28,Standard,3,62.53,187.59,33,0,0.24,3,3.03,0,66,1,1,1
103273,34,Female,South,37900.0,72,Standard,5,42.71,213.55,8,0,0.303,5,16.85,0,0,2,1,0
103274,18,Male,West,33800.0,58,Basic,8,6.94,55.52,1,0,0.165,5,9.05,2,0,0,0,0
103275,24,Female,Central,44100.0,6,Premium,9,68.45,616.05,53,0,0.189,9,15.84,1,737,1,1,0
103276,51,Male,West,57700.0,24,Basic,7,55.12,385.84,30,0,,7,2.71,2,478,0,1,1
103277,18,Female,East,39200.0,14,Basic,3,22.59,67.77,5,0,0.101,7,2.71,0,0,0,0,0
103278,29,Male,South,49600.0,12,Standard,8,48.91,391.28,2,0,0.404,10,16.09,0,112,0,1,0
103279,34,Male,East,23800.0,31,Standard,7,60.22,421.54,32,0,0.068,3,8.96,2,305,1,0,0
103280,62,Male,South,80300.0,43,Basic,6,8.16,48.96,17,1,0.291,7,6.48,1,211,1,1,0
103281,49,Male,Central,72500.0,9,Premium,10,92.52,925.2,27,1,0.16,7,15.77,1,314,1,0,1
103282,32,Female,East,45400.0,8,Basic,9,41.89,377.01,2,0,0.125,5,10.59,0,123,0,1,0
103283,56,Male,South,38300.0,26,Basic,3,7.34,22.02,1,0,0.439,7,7.33,0,71,0,1,0
103284,29,Female,East,34600.0,39,Standard,9,83.28,749.52,5,2,0.542,10,6.53,0,159,2,1,0
103285,52,Female,Central,66400.0,48,Standard,12,39.63,475.56,11,0,0.459,7,8.72,0,144,1,0,0
103286,21,Male,East,18700.0,70,Basic,3,48.15,144.45,22,0,0.476,3,20.39,1,144,1,1,0
103287,53,Male,South,74100.0,64,Basic,4,60.38,241.52,55,0,0.492,5,14.01,1,0,0,1,0
103288,34,Male,East,53400.0,34,Basic,9,25.5,229.5,8,0,0.1,11,9.51,1,127,1,0,0
103289,26,Female,East,37500.0,38,Basic,1,28.37,28.37,103,0,0.674,18,5.91,1,156,2,1,1
103290,36,Male,South,45300.0,46,Premium,14,104.85,1467.9,25,1,0.356,7,9.09,0,878,1,1,0
103291,43,Female,West,,8,Standard,10,32.77,327.7,41,0,0.428,7,11.66,0,281,0,0,1
103292,33,Male,South,,23,Basic,9,37.82,340.38,57,1,0.445,8,7.97,1,80,4,0,1
103293,46,Male,East,36600.0,58,Premium,10,51.27,512.7,18,0,0.55,4,6.41,2,152,0,0,0
103294,31,Male,South,34300.0,12,Premium,13,57.97,753.61,22,1,0.577,16,4.96,0,527,1,1,0
103295,47,Male,East,56600.0,6,Basic,6,64.11,384.66,67,1,0.684,0,9.99,1,24,2,0,1
103296,45,Male,East,73500.0,13,Basic,5,10.19,50.95,24,0,0.574,9,1.85,0,290,1,1,0
103297,38,Female,West,56700.0,16,Basic,3,68.61,205.83,56,0,0.047,10,3.03,3,34,0,1,1
103298,33,Non-binary,North,62900.0,26,Standard,9,41.87,376.83,56,0,0.749,1,13.99,3,124,0,1,0
103299,41,Male,South,30200.0,38,Basic,3,29.41,88.23,37,1,0.249,3,22.14,0,228,1,0,0
103300,46,Female,West,49600.0,47,Standard,8,9.86,78.88,1,1,0.642,5,8.36,3,112,0,1,0
103301,66,Female,Central,102600.0,35,Basic,7,69.1,483.7,65,0,0.384,2,11.88,1,170,0,0,1
103302,51,Female,North,48900.0,61,Standard,9,101.11,909.99,29,2,0.423,8,8.13,1,345,0,1,0
103303,52,Male,North,49600.0,15,Basic,5,5.0,25.0,39,0,0.32,6,5.17,3,157,1,1,0
103304,79,Male,Central,82100.0,15,Standard,6,172.2,1033.2,2,0,0.181,8,11.72,2,460,0,0,0
103305,46,Male,North,82900.0,10,Standard,8,11.17,89.36,9,0,0.239,16,12.64,0,0,1,1,0
103306,45,Female,Central,44200.0,24,Premium,11,112.35,1235.85,7,2,0.644,6,13.05,2,753,1,1,0
103307,48,Female,West,64300.0,14,Basic,2,15.68,31.36,53,0,0.448,3,4.06,2,0,2,0,1
103308,26,Male,North,41100.0,50,Standard,10,66.46,664.6,23,0,0.364,4,3.38,0,373,2,1,0
103309,33,Female,North,15300.0,8,Standard,5,44.78,223.9,12,0,0.628,14,7.49,0,592,0,1,0
103310,32,Female,Central,41100.0,58,Standard,7,36.31,254.17,68,0,0.438,11,7.96,3,525,1,0,1
103311,47,Female,South,47800.0,12,Standard,8,49.05,392.4,9,0,0.507,6,4.11,3,365,0,1,0
103312,37,Female,East,55500.0,53,Basic,7,30.84,215.88,11,1,,2,20.37,2,311,0,0,0
103313,41,Female,South,74200.0,15,Basic,4,39.97,159.88,24,0,0.857,3,5.06,2,253,0,1,0
103314,53,Male,East,56400.0,42,Standard,9,83.06,747.54,16,0,0.446,18,2.95,2,701,0,1,0
103315,50,Female,West,53600.0,26,Standard,7,53.92,377.44,31,1,0.475,2,1.1,2,213,0,0,1
103316,37,Female,West,81300.0,41,Standard,4,148.06,592.24,148,0,0.534,6,20.68,1,217,2,0,1
103317,30,Male,North,29400.0,4,Basic,5,13.89,69.45,95,0,0.835,9,2.19,1,175,0,0,1
103318,54,Non-binary,East,,20,Basic,4,42.78,171.12,21,0,0.597,6,5.07,1,15,1,0,0
103319,49,Male,West,76700.0,55,Standard,4,34.46,137.84,112,0,0.176,5,28.98,1,171,1,0,1
103320,18,Male,North,27300.0,23,Standard,6,88.57,531.42,23,0,0.496,6,7.95,2,171,2,0,1
103321,35,Male,West,48100.0,15,Standard,6,72.22,433.32,44,0,0.223,3,8.37,0,353,0,0,1
103322,41,Male,East,81100.0,7,Basic,2,21.6,43.2,10,0,0.734,8,3.75,3,416,2,0,1
103323,49,Male,North,37800.0,13,Standard,8,54.32,434.56,36,0,0.294,9,4.49,3,127,1,1,1
103324,51,Male,Central,56600.0,61,Standard,10,18.75,187.5,108,0,0.272,2,11.36,1,291,0,0,1
103325,43,Male,South,,36,Standard,10,88.05,880.5,6,0,0.512,7,31.47,1,702,0,1,0
103326,47,Female,South,60200.0,43,Basic,5,16.05,80.25,47,0,0.576,1,9.42,1,71,0,1,0
103327,40,Female,North,41200.0,19,Basic,6,41.34,248.04,59,1,0.163,14,7.68,3,365,1,1,1
103328,30,Female,South,23000.0,18,Basic,3,11.69,35.07,25,0,0.553,10,18.02,3,0,1,1,1
103329,36,Female,South,55400.0,43,Standard,8,91.83,734.64,46,0,0.423,11,14.09,0,455,1,1,0
103330,39,Female,South,48100.0,51,Basic,1,42.38,42.38,6,0,0.197,30,14.33,0,368,0,1,0
103331,39,Male,West,30400.0,17,Basic,7,10.45,73.15,34,0,0.542,2,15.16,0,27,0,1,0
103332,18,Male,East,15000.0,37,Standard,7,31.13,217.91,14,0,0.218,4,7.96,1,274,2,1,0
103333,34,Female,North,46100.0,32,Premium,10,55.39,553.9,18,0,0.239,4,4.71,0,481,1,1,0
103334,40,Female,West,25500.0,7,Premium,4,98.73,394.92,78,1,0.497,2,11.19,0,417,1,1,1
103335,35,Female,West,47300.0,31,Standard,10,138.22,1382.2,11,1,0.705,5,7.41,1,882,0,1,1
103336,36,Male,East,63900.0,25,Basic,6,11.23,67.38,2,0,0.614,9,9.52,4,74,1,1,1
103337,45,Female,Central,63000.0,8,Basic,5,27.98,139.9,19,0,0.672,4,6.7,2,8,0,1,0
103338,25,Female,South,25900.0,40,Basic,6,16.73,100.38,81,0,0.441,5,3.44,2,0,0,1,1
103339,18,Female,North,31800.0,10,Basic,0,78.59,0.0,28,0,0.647,7,8.34,0,31,2,0,0
103340,34,Male,North,25700.0,15,Standard,13,50.48,656.24,33,1,0.271,4,3.27,2,285,3,0,0
103341,49,Female,South,59400.0,120,Premium,9,174.77,1572.93,34,0,,3,15.79,1,627,1,1,0
103342,61,Male,East,64300.0,14,Standard,6,31.27,187.62,58,0,0.061,12,2.38,0,185,0,1,1
103343,49,Male,North,42900.0,20,Basic,2,34.07,68.14,42,0,0.403,3,8.84,1,208,1,1,1
103344,20,Male,East,38600.0,6,Standard,10,63.84,638.4,65,1,0.492,6,3.48,1,521,0,1,1
103345,36,Male,Central,17400.0,86,Standard,9,166.26,1496.34,9,1,0.613,9,7.11,0,817,1,1,0
103346,42,Female,West,34200.0,64,Standard,8,37.2,297.6,32,0,0.188,14,5.05,0,47,0,1,0
103347,41,Female,West,34900.0,3,Premium,8,26.44,211.52,30,0,0.403,9,3.34,0,173,0,0,0
103348,46,Male,West,47500.0,119,Basic,3,45.56,136.68,7,0,0.513,5,5.53,1,8,0,0,0
103349,27,Female,West,54700.0,77,Basic,8,13.25,106.0,1,1,0.601,4,8.84,0,217,2,1,0
103350,40,Male,East,59500.0,28,Basic,4,19.7,78.8,1,0,0.436,5,10.56,3,0,1,0,1
103351,44,Male,South,54200.0,12,Basic,8,47.75,382.0,177,1,0.213,2,2.83,2,275,0,0,1
103352,50,Female,South,59200.0,60,Standard,10,64.98,649.8,20,1,0.497,4,3.98,1,373,1,0,0
103353,29,Female,North,38300.0,43,Standard,6,24.61,147.66,10,0,0.399,7,15.41,0,338,0,0,0
103354,35,Male,East,63400.0,94,Basic,1,35.45,35.45,7,0,0.619,4,7.63,1,103,0,0,1
103355,18,Non-binary,East,15000.0,88,Standard,9,30.91,278.19,0,0,0.397,3,14.09,1,310,1,0,0
103356,31,Male,North,51200.0,25,Basic,7,37.79,264.53,14,1,0.572,13,17.45,0,228,0,1,0
103357,32,Female,South,34200.0,29,Standard,6,36.22,217.32,24,0,0.456,10,4.52,2,221,2,1,0
103358,26,Male,West,42600.0,12,Standard,6,91.89,551.34,16,0,0.238,5,13.01,2,362,1,1,0
103359,41,Female,South,57000.0,13,Basic,6,56.1,336.6,17,1,0.713,2,4.14,0,243,0,1,0
103360,38,Female,South,57300.0,23,Basic,4,9.73,38.92,11,1,0.538,5,19.73,3,74,0,1,0
103361,18,Male,North,,40,Standard,2,50.74,101.48,13,0,0.652,13,10.17,2,106,0,1,0
103362,42,Non-binary,North,31600.0,93,Standard,5,34.74,173.7,13,0,0.195,29,7.01,3,21,1,1,0
103363,27,Female,West,50600.0,13,Basic,6,51.99,311.94,84,0,0.068,8,4.5,2,288,0,1,0
103364,45,Male,North,52800.0,24,Basic,3,22.83,68.49,2,0,0.463,17,7.67,1,166,1,1,0
103365,22,Female,South,25300.0,47,Basic,5,38.33,191.65,65,0,0.297,5,11.47,0,310,1,1,0
103366,39,Female,Central,76400.0,29,Standard,10,20.11,201.1,9,0,0.709,10,16.29,1,63,0,0,0
103367,35,Female,East,54000.0,38,Basic,4,6.1,24.4,7,1,0.535,18,10.87,1,16,0,0,0
103368,43,Male,East,45900.0,27,Standard,8,47.72,381.76,19,0,0.124,10,5.56,1,299,1,1,0
103369,41,Female,East,63300.0,9,Basic,4,14.95,59.8,20,0,0.745,10,9.11,2,69,0,1,0
103370,36,Male,North,44500.0,59,Standard,10,54.97,549.7,40,0,0.371,3,8.94,0,194,2,1,0
103371,19,Female,South,22900.0,39,Standard,9,5.0,45.0,56,1,0.366,7,5.69,0,7,0,1,0
103372,20,Female,South,21400.0,16,Standard,11,93.42,1027.62,22,1,0.549,3,7.21,1,344,0,1,0
103373,31,Female,South,44600.0,22,Standard,7,36.67,256.69,180,0,0.207,10,7.9,1,285,1,0,1
103374,39,Female,South,39400.0,15,Premium,6,39.76,238.56,50,0,0.539,3,5.56,0,206,1,0,0
103375,31,Male,East,42500.0,42,Premium,7,139.97,979.79,5,0,0.748,20,8.7,0,730,2,1,0
103376,47,Male,North,68000.0,6,Standard,9,125.2,1126.8,174,1,0.274,11,3.36,2,304,1,1,1
103377,35,Male,North,45700.0,14,Standard,5,69.47,347.35,15,0,0.461,4,0.94,2,219,0,0,1
103378,26,Female,East,63300.0,19,Basic,4,27.53,110.12,50,0,0.495,8,9.72,2,158,0,0,1
103379,35,Male,South,44300.0,20,Premium,13,157.42,2046.46,56,4,0.276,6,11.68,2,1038,0,1,1
103380,42,Male,East,69700.0,11,Standard,8,82.48,659.84,46,0,0.377,8,25.7,0,259,0,1,0
103381,43,Female,North,65400.0,27,Basic,4,100.21,400.84,23,0,0.528,11,13.68,0,187,0,1,0
103382,63,Male,West,92100.0,6,Basic,6,43.03,258.18,202,1,0.557,15,10.66,2,327,0,0,1
103383,30,Male,West,67000.0,43,Standard,6,59.47,356.82,76,0,0.319,12,3.32,0,254,1,0,1
103384,38,Male,East,22300.0,73,Basic,8,30.21,241.68,26,0,0.326,11,11.46,0,344,0,1,0
103385,45,Male,West,57400.0,33,Standard,7,36.97,258.79,84,0,0.249,14,2.71,1,270,2,0,1
103386,39,Male,South,46400.0,11,Premium,9,70.58,635.22,98,0,0.366,4,7.94,4,512,1,1,1
103387,32,Female,North,42900.0,40,Basic,4,43.31,173.24,19,2,0.713,5,6.69,1,260,0,0,1
103388,19,Male,South,23400.0,20,Standard,9,84.88,763.92,31,0,0.322,8,17.65,3,511,2,1,1
103389,32,Non-binary,South,33700.0,33,Premium,14,149.56,2093.84,42,1,0.555,5,5.0,1,1261,2,1,0
103390,25,Female,Central,19300.0,27,Standard,12,70.98,851.76,34,1,0.688,9,14.57,1,796,1,1,0
103391,18,Male,South,29400.0,46,Basic,4,61.91,247.64,8,1,0.581,5,8.28,2,197,0,0,0
103392,29,Male,South,51500.0,32,Standard,6,59.35,356.1,12,1,0.287,5,16.12,0,164,2,0,0
103393,25,Female,Central,27700.0,19,Basic,2,55.78,111.56,30,0,0.618,10,8.53,2,141,0,1,1
103394,47,Male,South,51000.0,14,Standard,8,33.01,264.08,5,0,,4,7.78,2,0,0,1,0
103395,47,Male,East,45800.0,21,Premium,9,5.0,45.0,35,1,0.689,12,7.81,0,305,2,0,0
103396,27,Male,South,22600.0,50,Premium,9,89.26,803.34,9,2,0.566,10,3.71,1,661,0,1,0
103397,36,Male,Central,41800.0,20,Standard,5,86.02,430.1,87,0,,1,7.85,2,215,0,0,1
103398,18,Female,North,32800.0,37,Basic,8,37.09,296.72,27,0,0.542,9,3.89,1,344,0,1,0
103399,33,Male,West,59900.0,39,Basic,7,7.38,51.66,115,0,0.092,17,6.31,1,213,0,1,1
103400,44,Male,East,36000.0,22,Basic,1,6.99,6.99,9,0,0.108,5,7.3,0,0,0,1,0
103401,50,Male,Central,58000.0,21,Standard,9,50.21,451.89,9,0,0.076,11,8.27,2,216,0,0,0
103402,30,Female,Central,55900.0,25,Standard,11,27.24,299.64,5,1,0.022,8,4.01,1,141,1,1,0
103403,53,Female,West,44700.0,6,Standard,5,59.95,299.75,49,0,0.175,7,3.25,0,89,1,0,1
103404,19,Male,North,46700.0,35,Standard,6,53.42,320.52,97,1,,5,8.03,2,290,2,1,1
103405,23,Female,East,26600.0,17,Basic,6,24.22,145.32,38,0,0.477,10,15.51,0,240,0,0,0
103406,48,Female,Central,66500.0,30,Standard,10,59.14,591.4,34,0,0.244,9,9.63,2,686,0,1,1
103407,61,Male,East,65800.0,16,Premium,11,108.08,1188.88,11,0,0.354,12,1.0,2,362,0,1,0
103408,45,Male,Central,60100.0,63,Premium,18,72.6,1306.8,28,2,0.438,7,19.17,1,806,3,0,0
103409,38,Male,West,69500.0,64,Standard,7,25.63,179.41,9,0,0.448,15,5.68,2,398,1,1,0
103410,18,Male,South,26300.0,39,Premium,5,71.4,357.0,34,0,0.117,3,6.29,1,165,1,1,0
103411,18,Male,North,42000.0,3,Standard,6,95.81,574.86,7,0,0.402,5,2.07,1,73,0,1,0
103412,41,Male,South,53700.0,23,Standard,6,5.0,30.0,78,1,0.528,6,4.77,0,17,0,0,1
103413,34,Male,West,32200.0,46,Standard,11,27.25,299.75,87,0,0.129,3,15.65,0,0,1,1,1
103414,25,Male,East,32600.0,101,Basic,5,56.41,282.05,4,0,0.373,3,5.56,2,218,1,1,0
103415,40,Male,North,46000.0,8,Premium,9,116.13,1045.17,2,1,0.483,9,4.34,0,519,1,0,0
103416,40,Female,West,29100.0,3,Basic,4,5.0,20.0,4,0,0.561,9,15.26,2,0,0,0,0
103417,51,Female,North,65800.0,17,Basic,5,58.58,292.9,47,1,0.313,9,11.95,0,254,0,1,0
103418,41,Male,South,59100.0,16,Basic,6,25.79,154.74,108,0,0.335,7,27.66,0,0,0,0,1
103419,55,Male,East,,39,Standard,4,186.1,744.4,14,0,0.449,8,2.26,1,544,1,1,0
103420,39,Male,East,68000.0,11,Standard,10,51.06,510.6,117,1,0.123,14,5.81,0,454,0,0,1
103421,38,Male,North,60400.0,16,Standard,5,61.46,307.3,58,0,0.23,4,12.83,2,240,0,1,1
103422,53,Male,West,,18,Standard,8,83.67,669.36,63,0,0.814,14,7.61,0,353,4,1,0
103423,26,Female,West,30100.0,30,Standard,6,86.04,516.24,37,0,0.19,4,20.9,3,175,1,1,1
103424,76,Male,West,94800.0,37,Standard,7,78.39,548.73,5,1,0.688,3,16.01,1,211,0,1,0
103425,44,Male,Central,58200.0,14,Basic,4,13.97,55.88,9,0,0.1,12,12.43,1,249,0,0,0
103426,44,Female,South,52500.0,30,Basic,4,33.69,134.76,26,1,0.274,2,11.73,3,6,1,1,1
103427,46,Female,North,42400.0,3,Basic,4,11.99,47.96,0,0,0.302,4,18.07,0,0,1,0,1
103428,63,Male,North,63300.0,67,Standard,5,78.83,394.15,4,1,0.365,11,15.57,2,70,0,0,0
103429,49,Male,West,65600.0,12,Basic,6,86.18,517.08,70,1,0.384,7,4.72,0,614,1,1,1
103430,18,Female,North,15000.0,53,Premium,11,173.59,1909.49,1,0,0.592,10,18.33,1,1156,0,0,0
103431,57,Female,Central,32300.0,16,Basic,7,40.76,285.32,167,1,0.183,3,2.43,2,0,1,1,1
103432,35,Female,East,53900.0,38,Standard,4,46.85,187.4,188,0,0.597,7,10.18,0,77,1,1,1
103433,40,Male,West,41400.0,20,Basic,3,18.31,54.93,29,0,0.5,9,10.87,1,167,0,1,1
103434,22,Male,South,38400.0,44,Basic,6,49.97,299.82,28,0,0.774,17,6.82,0,29,2,0,0
103435,46,Female,West,76700.0,51,Basic,7,11.09,77.63,8,1,0.367,10,4.37,1,283,0,0,0
103436,31,Male,South,26200.0,63,Standard,13,35.04,455.52,30,1,0.35,4,10.71,1,166,0,0,1
103437,40,Female,East,25500.0,34,Basic,2,90.59,181.18,181,0,0.315,20,9.2,0,133,0,1,1
103438,35,Female,West,,4,Basic,10,16.07,160.7,45,0,0.638,9,4.89,0,158,0,0,1
103439,64,Female,South,62100.0,11,Basic,8,59.49,475.92,85,0,0.565,6,13.52,0,141,1,1,1
103440,65,Male,Central,,64,Standard,7,62.99,440.93,30,0,0.457,3,8.83,0,430,0,0,0
103441,40,Male,West,56400.0,22,Basic,2,38.09,76.18,107,0,0.408,8,1.61,1,163,0,0,1
103442,40,Female,West,53500.0,21,Premium,13,169.86,2208.18,88,0,0.233,7,12.25,0,1089,0,1,1
103443,34,Male,South,43800.0,40,Basic,8,70.25,562.0,32,0,0.323,12,1.64,2,272,2,0,0
103444,53,Male,North,76100.0,36,Basic,4,78.91,315.64,153,0,0.246,6,18.49,0,335,1,1,1
103445,35,Male,North,53500.0,88,Standard,7,40.23,281.61,49,0,0.418,7,13.88,1,0,0,0,0
103446,34,Male,East,,24,Standard,10,83.1,831.0,2,0,0.245,11,3.78,0,702,0,1,0
103447,52,Male,North,69200.0,22,Basic,1,31.68,31.68,6,0,0.306,9,13.84,2,97,0,0,0
103448,32,Female,Central,19700.0,50,Basic,2,62.25,124.5,71,0,0.305,7,6.82,1,280,2,1,0
103449,39,Female,Central,62800.0,41,Basic,0,24.74,0.0,6,0,0.484,3,9.17,0,0,1,0,0
103450,18,Male,North,28300.0,8,Premium,11,110.11,1211.21,22,1,0.186,5,9.59,2,939,1,1,1
103451,48,Male,West,39700.0,22,Premium,7,82.63,578.41,30,2,0.299,10,22.61,0,163,2,1,0
103452,64,Male,South,65900.0,92,Premium,6,108.62,651.72,51,0,0.095,9,4.76,1,288,0,1,0
103453,48,Male,South,71000.0,13,Basic,7,36.15,253.05,37,1,0.508,7,7.23,1,339,1,0,1
103454,58,Male,South,55300.0,21,Standard,2,89.55,179.1,108,0,0.277,8,7.44,1,27,3,0,1
103455,28,Male,West,43200.0,77,Standard,12,30.65,367.8,92,0,,23,7.61,1,301,2,0,0
103456,42,Male,Central,63100.0,76,Standard,7,59.26,414.82,23,1,0.088,2,4.75,0,546,1,1,1
103457,27,Female,North,36900.0,59,Basic,7,37.74,264.18,75,0,0.544,3,13.34,2,52,0,1,1
103458,36,Male,South,33000.0,19,Basic,3,44.97,134.91,32,1,0.255,8,3.39,1,51,1,1,1
103459,49,Non-binary,South,56600.0,15,Basic,4,37.9,151.6,110,0,0.498,5,15.11,1,167,0,0,1
103460,40,Female,East,29200.0,49,Standard,7,36.37,254.59,15,2,0.472,10,2.99,2,113,1,0,0
103461,21,Female,North,24000.0,67,Premium,13,159.15,2068.95,11,0,0.596,0,8.38,0,860,0,1,0
103462,22,Male,West,16300.0,24,Basic,5,20.52,102.6,22,0,0.524,12,20.14,2,310,1,1,0
103463,21,Male,Central,30200.0,34,Standard,4,116.11,464.44,23,0,0.221,4,12.23,1,142,2,0,1
103464,45,Female,South,35900.0,14,Basic,3,16.47,49.41,15,0,0.478,11,5.09,2,368,1,0,1
103465,66,Female,Central,74800.0,7,Basic,7,89.87,629.09,14,1,0.425,8,7.28,0,419,1,1,1
103466,57,Female,West,80900.0,7,Standard,3,21.5,64.5,19,0,0.27,8,9.22,0,9,0,1,0
103467,18,Female,East,,24,Basic,6,104.43,626.58,76,0,0.637,6,10.95,2,232,0,1,0
103468,57,Male,West,47600.0,13,Standard,8,43.8,350.4,147,0,0.397,9,15.07,0,426,0,1,1
103469,51,Male,East,50000.0,32,Basic,11,79.99,879.89,37,1,0.096,7,8.89,0,608,0,1,0
103470,19,Male,East,40900.0,15,Basic,5,36.25,181.25,143,0,0.455,9,8.93,0,209,1,1,1
103471,35,Female,South,54000.0,57,Standard,3,53.41,160.23,2,1,0.199,6,3.29,1,49,0,1,0
103472,53,Female,West,52600.0,18,Standard,5,41.38,206.9,1,0,0.357,6,10.92,2,0,0,1,0
103473,46,Female,North,47800.0,21,Premium,10,31.24,312.4,39,0,0.092,3,12.61,1,315,3,1,0
103474,22,Male,South,33000.0,65,Standard,5,16.15,80.75,7,0,0.302,1,1.16,2,207,1,1,0
103475,47,Male,East,29900.0,30,Basic,6,11.26,67.56,52,2,0.314,2,9.96,1,0,0,0,1
103476,18,Female,South,35400.0,32,Standard,6,23.83,142.98,61,0,0.485,17,7.67,0,250,3,1,0
103477,36,Non-binary,South,60300.0,21,Standard,2,17.79,35.58,8,0,,10,4.35,3,139,0,0,1
103478,54,Female,North,56800.0,28,Basic,6,30.58,183.48,15,0,0.225,4,8.44,0,34,0,0,1
103479,39,Female,Central,28100.0,10,Standard,9,73.44,660.96,20,0,0.568,6,6.16,2,359,1,1,0
103480,33,Male,East,62000.0,50,Standard,11,108.51,1193.61,22,0,0.329,9,8.51,1,717,1,0,0
103481,51,Female,South,62400.0,16,Premium,13,57.05,741.65,49,0,0.255,11,10.15,1,649,1,1,0
103482,52,Male,West,70200.0,8,Standard,3,108.43,325.29,37,0,0.509,26,14.1,0,658,0,1,0
103483,56,Female,West,45600.0,50,Standard,5,32.8,164.0,6,0,0.469,4,12.91,4,54,2,1,0
103484,50,Male,North,40000.0,36,Standard,10,19.72,197.2,56,1,0.174,2,3.33,1,0,1,1,1
103485,53,Female,East,67000.0,40,Standard,9,146.11,1314.99,66,0,0.231,17,,2,830,1,1,1
103486,49,Female,South,71800.0,26,Basic,6,7.17,43.02,26,0,0.457,16,15.2,1,70,0,0,0
103487,42,Female,East,35000.0,68,Basic,4,31.33,125.32,48,2,0.448,3,3.19,3,4,0,0,1
103488,40,Male,West,47500.0,15,Basic,5,30.88,154.4,194,0,0.446,9,5.87,4,200,2,1,1
103489,36,Male,North,22900.0,24,Basic,4,41.18,164.72,34,0,0.084,8,9.98,2,0,2,0,0
103490,23,Male,East,22900.0,4,Premium,8,193.95,1551.6,21,1,0.056,4,1.29,2,986,0,1,1
103491,27,Female,South,33000.0,1,Basic,3,13.99,41.97,55,0,0.254,3,10.38,0,0,0,1,1
103492,35,Female,East,,30,Standard,6,5.0,30.0,27,0,0.555,5,20.72,0,279,1,1,0
103493,42,Female,North,21300.0,36,Basic,3,67.21,201.63,45,0,0.458,1,4.16,1,0,0,0,1
103494,58,Male,West,84500.0,29,Standard,9,32.51,292.59,109,0,0.136,3,4.08,2,74,1,1,1
103495,38,Female,East,44600.0,37,Standard,1,53.97,53.97,11,0,0.38,2,17.9,1,89,0,0,1
103496,52,Female,North,78400.0,49,Premium,13,37.64,489.32,46,1,0.129,4,12.59,0,123,1,1,0
103497,53,Male,West,71000.0,24,Basic,5,40.99,204.95,102,0,0.45,4,5.86,0,0,0,1,1
103498,36,Male,North,57000.0,20,Standard,9,58.89,530.01,22,1,0.671,0,0.64,0,0,0,1,0
103499,47,Female,East,83800.0,11,Premium,13,151.0,1963.0,61,0,0.214,0,19.0,0,1071,1,1,0
103500,36,Female,East,34200.0,32,Basic,4,15.06,60.24,4,0,0.838,4,4.24,3,98,1,0,0
103501,56,Female,North,66000.0,53,Basic,2,20.86,41.72,22,1,0.412,7,8.46,1,105,0,0,1
103502,47,Male,South,41700.0,42,Basic,7,22.15,155.05,24,0,0.156,7,2.67,1,198,0,1,0
103503,24,Female,North,32300.0,87,Basic,2,25.9,51.8,23,0,0.199,5,2.38,2,0,0,0,0
103504,41,Male,West,59900.0,27,Basic,4,28.1,112.4,98,0,0.446,12,6.67,1,155,0,1,1
103505,60,Female,West,83700.0,18,Standard,7,106.21,743.47,107,1,0.177,2,5.6,0,272,1,0,0
103506,37,Male,North,40700.0,23,Basic,3,38.15,114.45,0,0,,7,18.26,1,0,0,1,0
103507,45,Male,North,36800.0,44,Standard,1,25.69,25.69,6,0,0.088,11,4.7,2,11,0,1,1
103508,46,Female,Central,55600.0,36,Standard,7,74.56,521.92,91,0,0.635,6,10.36,1,346,1,1,1
103509,26,Female,North,23700.0,16,Standard,6,114.62,687.72,66,1,0.785,9,6.36,1,548,0,1,1
103510,46,Female,South,46500.0,31,Premium,13,79.19,1029.47,133,0,0.396,3,,0,610,2,1,1
103511,21,Male,West,40300.0,14,Standard,8,41.58,332.64,48,1,0.66,19,8.46,1,376,0,0,1
103512,31,Male,North,47100.0,37,Basic,4,31.59,126.36,54,0,0.173,5,15.12,1,70,1,0,1
103513,53,Male,Central,72900.0,5,Basic,4,19.18,76.72,66,0,0.164,5,18.04,2,0,1,0,1
103514,44,Female,North,48000.0,7,Standard,6,68.14,408.84,106,1,0.517,1,8.2,0,120,1,1,1
103515,35,Female,West,58300.0,8,Standard,6,35.86,215.16,15,1,0.676,8,4.57,1,117,1,1,1
103516,45,Male,South,53900.0,12,Standard,6,70.88,425.28,6,0,0.521,13,11.1,2,0,0,1,0
103517,38,Male,North,43000.0,34,Standard,7,113.42,793.94,12,0,0.364,2,7.06,1,473,0,0,0
103518,39,Male,South,32600.0,43,Standard,6,77.92,467.52,23,0,0.346,6,7.25,2,264,2,0,0
103519,48,Male,Central,27200.0,25,Standard,4,45.65,182.6,8,0,0.126,4,24.13,0,88,0,1,0
103520,30,Male,East,17500.0,8,Basic,4,11.4,45.6,23,1,0.274,6,5.15,0,0,1,0,1
103521,40,Male,North,51900.0,50,Standard,5,20.45,102.25,16,0,0.553,3,4.51,2,0,0,0,0
103522,35,Male,Central,31400.0,23,Basic,2,57.49,114.98,3,0,0.551,7,7.64,1,200,0,1,0
103523,18,Male,North,15000.0,57,Basic,2,11.25,22.5,109,0,0.831,0,11.41,4,213,1,0,1
103524,27,Male,North,30700.0,27,Premium,11,39.67,436.37,75,1,0.118,16,10.78,1,195,0,1,1
103525,59,Non-binary,North,70900.0,6,Basic,2,92.63,185.26,42,0,0.479,20,21.19,0,222,0,1,0
103526,44,Female,West,58500.0,13,Basic,6,49.0,294.0,6,0,0.663,5,21.96,2,192,1,1,0
103527,22,Male,North,31400.0,5,Basic,7,83.9,587.3,33,2,0.496,14,7.81,4,237,0,0,1
103528,19,Male,North,28100.0,2,Basic,7,11.45,80.15,7,0,0.699,20,7.67,1,109,2,0,0
103529,38,Female,Central,,19,Basic,5,77.29,386.45,216,0,0.139,8,8.59,0,186,0,1,1
103530,59,Male,East,75800.0,27,Standard,9,26.74,240.66,6,0,0.429,4,11.14,0,134,1,1,0
103531,37,Female,South,43600.0,34,Basic,5,44.44,222.2,12,0,,6,3.51,1,0,1,0,0
103532,56,Female,East,63000.0,45,Premium,14,250.9,3512.6,61,1,0.382,6,3.14,1,1638,1,1,0
103533,44,Female,South,67200.0,17,Basic,4,34.77,139.08,119,0,0.255,7,14.71,0,342,0,1,1
103534,45,Male,East,64700.0,8,Standard,5,24.93,124.65,6,0,0.102,1,,0,88,2,1,0
103535,22,Male,South,29200.0,27,Standard,5,65.26,326.3,42,0,0.371,1,5.71,2,11,0,1,1
103536,51,Male,East,54800.0,17,Basic,7,49.08,343.56,50,0,0.543,7,8.29,0,224,0,1,1
103537,35,Female,West,39500.0,42,Basic,6,32.98,197.88,12,0,0.334,5,7.6,1,283,0,0,0
103538,50,Male,South,30100.0,17,Standard,6,51.78,310.68,109,0,0.504,7,8.01,2,257,0,0,1
103539,28,Female,North,52900.0,34,Basic,7,88.42,618.94,14,1,0.156,8,10.58,1,273,2,1,0
103540,41,Female,South,40300.0,76,Basic,3,19.61,58.83,3,0,0.644,6,7.54,4,11,2,0,1
103541,44,Female,West,64700.0,41,Standard,9,35.73,321.57,8,2,0.143,9,26.03,2,0,1,1,0
103542,37,Male,West,46600.0,61,Basic,4,44.95,179.8,14,1,0.08,13,20.13,3,238,1,0,0
103543,44,Female,West,72200.0,6,Premium,12,139.84,1678.08,98,0,0.554,7,16.52,1,796,1,1,1
103544,36,Male,Central,52500.0,8,Basic,3,77.67,233.01,11,0,0.522,15,2.82,3,142,1,1,1
103545,31,Male,West,53100.0,28,Basic,8,40.59,324.72,36,1,0.373,8,11.35,1,297,0,1,1
103546,60,Female,Central,59600.0,41,Standard,7,22.25,155.75,1,0,0.373,4,8.74,1,206,1,1,0
103547,53,Male,East,43300.0,34,Basic,4,34.46,137.84,42,0,0.366,2,9.68,0,99,0,1,0
103548,29,Female,South,40500.0,13,Premium,11,36.98,406.78,16,2,0.31,7,3.1,1,431,0,0,0
103549,46,Female,East,27800.0,39,Basic,7,6.43,45.01,16,0,0.166,3,15.39,0,0,0,1,0
103550,29,Female,North,31900.0,30,Standard,5,50.92,254.6,76,0,0.176,5,2.89,2,119,0,0,1
103551,24,Male,North,17000.0,17,Standard,7,80.03,560.21,42,0,0.556,9,8.0,0,339,1,1,0
103552,52,Male,South,48500.0,59,Basic,8,23.24,185.92,19,0,0.102,10,8.42,4,0,1,1,0
103553,18,Male,South,,40,Premium,9,190.86,1717.74,107,0,0.54,11,12.28,2,827,0,0,1
103554,51,Male,West,66800.0,53,Standard,8,45.03,360.24,72,0,0.388,16,4.85,1,379,0,0,0
103555,36,Female,South,42800.0,28,Basic,4,31.57,126.28,72,1,0.5,7,5.77,2,153,2,1,1
103556,36,Male,North,49600.0,37,Standard,8,36.84,294.72,10,0,0.228,1,6.92,0,41,0,0,0
103557,44,Female,Central,45100.0,33,Basic,7,60.47,423.29,34,2,0.594,8,17.85,0,91,0,1,1
103558,47,Female,East,89500.0,5,Basic,6,25.18,151.08,104,1,0.712,1,5.48,3,0,1,1,1
103559,28,Non-binary,North,41700.0,25,Basic,2,41.16,82.32,198,0,0.303,3,6.74,2,33,0,1,1
103560,48,Female,South,,32,Basic,9,7.19,64.71,3,0,0.361,5,3.79,1,0,1,1,0
103561,40,Female,North,61200.0,47,Standard,8,48.71,389.68,27,1,0.645,4,,1,327,1,0,0
103562,23,Female,Central,50100.0,13,Standard,5,42.54,212.7,171,0,0.375,12,2.72,1,112,1,1,1
103563,37,Female,South,35200.0,27,Basic,4,56.28,225.12,34,1,0.639,14,8.61,0,367,1,1,0
103564,57,Male,Central,45200.0,57,Basic,4,56.45,225.8,127,0,0.239,1,1.78,0,267,1,1,1
103565,61,Female,South,51800.0,21,Basic,5,36.71,183.55,69,0,0.752,26,1.79,1,123,0,0,1
103566,48,Male,West,47100.0,6,Premium,12,25.51,306.12,5,1,0.624,8,4.77,1,556,0,0,0
103567,24,Female,North,32900.0,40,Basic,6,10.75,64.5,3,0,0.06,2,7.63,0,156,2,0,0
103568,45,Male,East,30800.0,28,Standard,7,93.14,651.98,3,0,0.456,5,2.19,3,209,0,1,0
103569,50,Male,South,52500.0,5,Basic,5,38.17,190.85,31,1,0.727,4,7.29,4,268,2,1,1
103570,48,Male,South,53600.0,22,Standard,8,55.82,446.56,70,1,0.513,8,7.68,2,181,0,1,1
103571,49,Male,Central,62000.0,26,Basic,7,15.94,111.58,40,0,0.405,11,15.87,0,0,0,1,0
103572,44,Male,West,61300.0,21,Basic,5,56.76,283.8,24,0,0.472,19,5.64,1,169,1,1,0
103573,38,Male,South,52600.0,27,Basic,3,39.36,118.08,36,0,0.779,10,3.26,0,80,1,1,0
103574,31,Male,West,65400.0,29,Premium,9,96.25,866.25,29,1,0.088,8,0.63,2,468,0,0,1
103575,18,Female,North,43300.0,31,Standard,4,64.31,257.24,72,0,0.192,2,13.15,2,200,0,0,0
103576,43,Female,Central,54900.0,24,Basic,4,32.58,130.32,33,1,0.316,8,11.15,1,423,0,0,0
103577,41,Male,South,36300.0,43,Basic,10,45.69,456.9,3,1,0.261,10,3.68,0,261,0,1,0
103578,46,Female,North,45100.0,42,Standard,11,5.0,55.0,91,1,0.789,12,13.0,2,240,0,1,1
103579,22,Female,South,15000.0,16,Basic,6,14.98,89.88,11,0,0.236,3,16.07,2,0,1,1,0
103580,47,Non-binary,North,,65,Standard,11,25.99,285.89,18,1,0.617,6,15.45,1,191,0,1,0
103581,66,Female,Central,78200.0,15,Basic,6,29.56,177.36,39,0,0.492,11,4.21,3,248,0,1,1
103582,40,Female,South,61400.0,31,Basic,5,12.36,61.8,16,0,0.179,1,3.12,1,206,1,0,0
103583,38,Male,North,50700.0,32,Standard,7,81.57,570.99,69,0,0.38,7,6.78,2,74,2,0,1
103584,43,Female,West,66500.0,9,Basic,8,21.69,173.52,38,2,0.041,7,7.38,1,81,0,0,1
103585,65,Female,North,87700.0,8,Basic,6,24.57,147.42,6,0,0.155,3,4.46,0,295,0,1,0
103586,26,Female,North,21200.0,17,Premium,10,181.33,1813.3,36,1,0.274,11,2.83,2,956,1,1,0
103587,42,Female,West,43500.0,39,Standard,9,50.95,458.55,25,0,0.854,5,9.49,1,287,0,1,0
103588,29,Female,North,38300.0,2,Premium,10,51.82,518.2,29,0,0.376,14,7.23,1,460,0,1,0
103589,32,Male,West,,19,Basic,9,45.74,411.66,20,0,0.289,3,2.62,2,626,0,0,0
103590,38,Female,East,43600.0,9,Premium,10,100.89,1008.9,28,1,0.477,13,25.82,2,667,1,0,1
103591,57,Female,South,69300.0,46,Standard,6,34.13,204.78,128,0,0.131,9,4.08,2,254,0,1,1
103592,62,Male,East,68100.0,19,Basic,3,34.22,102.66,2,0,0.393,17,2.68,1,4,2,0,0
103593,45,Female,South,53700.0,33,Basic,7,30.33,212.31,83,2,0.332,7,17.16,0,51,1,1,1
103594,34,Female,East,30000.0,24,Basic,3,50.95,152.85,31,0,0.538,5,3.76,3,263,2,1,1
103595,71,Female,East,85400.0,42,Premium,12,145.8,1749.6,28,0,0.55,2,5.23,2,987,2,1,0
103596,33,Female,West,48300.0,18,Standard,4,108.08,432.32,24,0,0.292,5,12.4,0,252,0,1,0
103597,32,Female,East,,15,Standard,6,40.41,242.46,47,0,0.323,15,3.22,0,76,1,1,0
103598,18,Female,West,15000.0,9,Premium,18,49.96,899.28,231,0,0.642,2,8.41,2,605,0,1,1
103599,57,Male,North,82300.0,30,Basic,5,63.93,319.65,161,0,0.312,5,3.66,2,5,2,1,1
103600,52,Non-binary,Central,84800.0,39,Basic,4,55.04,220.16,68,0,0.327,4,8.54,0,249,0,0,1
103601,70,Male,North,80700.0,11,Basic,4,29.08,116.32,12,0,0.287,11,5.91,1,103,1,1,0
103602,21,Female,West,,23,Premium,9,305.39,2748.51,56,1,0.294,15,9.19,0,1405,0,1,0
103603,58,Male,East,80600.0,65,Standard,5,69.44,347.2,42,0,0.502,4,6.0,2,206,1,0,0
103604,40,Male,North,55500.0,20,Basic,5,73.72,368.6,94,1,,6,18.3,0,390,2,0,1
103605,49,Female,South,54500.0,10,Premium,12,7.36,88.32,84,1,0.536,4,4.88,0,358,0,0,1
103606,18,Male,Central,41600.0,19,Standard,7,36.8,257.6,108,0,0.312,5,15.6,2,79,0,1,1
103607,58,Male,West,54700.0,18,Basic,4,52.04,208.16,51,0,0.238,4,7.51,0,62,1,0,1
103608,49,Female,West,47800.0,41,Standard,8,89.12,712.96,119,0,0.229,4,3.0,0,420,0,0,1
103609,38,Non-binary,South,52100.0,27,Standard,2,19.17,38.34,8,1,0.169,0,9.23,1,0,2,1,0
103610,47,Female,East,57100.0,5,Premium,18,138.6,2494.8,2,1,0.297,4,7.03,1,1162,1,0,1
103611,29,Female,South,47400.0,49,Basic,6,29.03,174.18,32,0,0.271,4,7.83,1,123,1,0,0
103612,31,Female,East,57100.0,13,Standard,4,54.52,218.08,12,0,0.507,2,10.39,1,87,0,1,0
103613,33,Female,South,20500.0,9,Basic,4,95.9,383.6,2,0,0.608,10,6.68,1,5,0,1,0
103614,18,Non-binary,West,28500.0,24,Basic,3,33.33,99.99,4,0,0.426,11,3.2,0,158,2,0,1
103615,50,Male,West,85000.0,15,Premium,11,21.93,241.23,29,0,0.224,6,8.11,1,302,0,1,0
103616,54,Female,South,53800.0,44,Standard,10,34.64,346.4,30,0,0.47,6,16.97,1,115,0,0,0
103617,30,Male,West,29400.0,29,Premium,10,66.39,663.9,71,1,0.406,7,7.19,0,893,0,1,1
103618,44,Male,South,21300.0,19,Basic,2,8.64,17.28,8,0,0.551,3,19.54,4,40,1,0,1
103619,36,Male,North,46500.0,13,Standard,9,93.54,841.86,4,0,0.497,12,8.15,1,661,1,0,0
103620,43,Male,South,59900.0,66,Standard,11,83.73,921.03,6,0,0.384,7,8.41,2,699,0,1,0
103621,31,Male,South,48400.0,56,Basic,4,16.92,67.68,15,0,0.588,4,18.01,2,57,0,0,0
103622,28,Male,South,23000.0,23,Standard,4,35.65,142.6,102,1,0.184,2,7.4,0,14,0,1,1
103623,53,Female,West,61100.0,4,Basic,5,9.6,48.0,35,0,0.53,16,3.13,0,408,1,1,0
103624,38,Male,West,50100.0,19,Basic,3,53.24,159.72,54,0,0.524,3,7.56,1,275,0,0,1
103625,65,Female,South,73400.0,41,Basic,1,31.87,31.87,72,0,0.054,4,4.31,0,157,1,1,1
103626,40,Female,Central,33600.0,11,Standard,7,77.23,540.61,49,0,0.086,2,24.43,1,192,1,1,1
103627,27,Female,Central,37600.0,70,Basic,4,5.0,20.0,39,0,0.391,14,7.92,1,0,0,1,0
103628,55,Female,North,51700.0,64,Basic,6,61.23,367.38,110,1,0.481,1,1.47,3,345,0,0,1
103629,47,Male,East,29300.0,15,Premium,10,94.44,944.4,21,1,,4,0.54,3,251,1,0,0
103630,48,Male,Central,66000.0,12,Basic,6,95.03,570.18,27,0,0.606,14,4.24,1,443,1,0,0
103631,54,Male,South,64200.0,45,Standard,8,18.87,150.96,9,0,0.108,7,6.43,1,56,0,1,0
103632,31,Male,South,48600.0,35,Basic,3,36.97,110.91,10,1,0.425,4,32.16,1,452,1,0,1
103633,37,Female,Central,38600.0,20,Basic,2,49.69,99.38,10,0,0.792,3,18.05,1,174,1,1,0
103634,37,Male,West,54800.0,48,Standard,6,137.05,822.3,77,0,,8,1.01,0,552,1,1,1
103635,22,Female,West,46100.0,9,Standard,9,181.0,1629.0,59,0,0.533,5,13.27,1,908,0,0,0
103636,36,Female,Central,69700.0,22,Basic,4,5.61,22.44,46,0,0.731,7,5.94,0,0,0,1,0
103637,56,Male,North,75500.0,56,Basic,4,16.53,66.12,205,0,0.233,10,2.95,0,92,0,0,1
103638,42,Male,West,,39,Standard,10,54.35,543.5,20,1,0.294,5,17.98,3,397,2,1,0
103639,22,Female,West,15000.0,45,Basic,2,48.99,97.98,83,0,0.381,8,10.33,2,20,1,1,1
103640,19,Female,South,27500.0,109,Standard,6,44.51,267.06,66,1,,9,2.25,3,210,0,1,0
103641,61,Female,North,48900.0,32,Basic,5,7.28,36.4,49,0,0.075,7,5.27,2,89,1,1,1
103642,38,Male,North,35500.0,33,Basic,2,74.55,149.1,43,0,0.408,3,,3,270,1,1,1
103643,31,Female,West,67700.0,9,Premium,12,84.51,1014.12,32,0,0.634,7,11.3,1,420,1,0,0
103644,35,Female,West,29800.0,19,Basic,2,26.72,53.44,5,0,0.408,9,15.64,1,579,0,1,0
103645,20,Male,Central,15000.0,37,Basic,8,11.64,93.12,3,0,0.576,6,12.45,2,103,0,0,0
103646,58,Male,South,77400.0,36,Standard,7,76.81,537.67,19,1,0.417,7,12.36,2,508,0,1,0
103647,34,Female,East,33800.0,47,Basic,3,30.08,90.24,26,0,0.121,1,11.3,1,0,1,1,0
103648,57,Male,North,75800.0,26,Premium,9,55.35,498.15,3,0,0.533,8,4.03,1,113,1,1,0
103649,40,Female,Central,32500.0,26,Basic,5,53.85,269.25,62,0,0.567,7,8.35,0,18,0,1,1
103650,58,Female,East,60000.0,22,Basic,6,12.74,76.44,12,0,0.379,7,12.13,0,33,0,1,0
103651,42,Male,West,67500.0,5,Standard,11,42.65,469.15,60,0,0.197,15,13.1,1,425,0,1,1
103652,50,Female,South,39900.0,10,Standard,7,52.91,370.37,7,0,0.626,8,6.34,1,386,0,1,0
103653,48,Female,North,54100.0,22,Basic,4,31.15,124.6,36,0,0.779,8,15.81,0,114,1,1,1
103654,47,Male,North,59600.0,52,Basic,3,55.31,165.93,69,0,0.58,10,3.05,1,0,0,0,1
103655,44,Male,West,42600.0,27,Basic,3,21.4,64.2,62,0,0.351,2,2.15,2,54,0,1,1
103656,36,Male,North,48500.0,23,Basic,7,28.77,201.39,77,0,0.14,11,7.18,2,447,1,0,1
103657,64,Male,West,71900.0,24,Basic,6,13.85,83.1,0,0,0.393,1,15.7,1,0,0,1,0
103658,27,Female,South,44000.0,21,Standard,6,54.11,324.66,3,1,0.522,9,8.28,1,383,1,0,0
103659,39,Male,East,73700.0,21,Standard,11,59.05,649.55,6,0,0.346,2,5.07,0,370,0,0,0
103660,39,Female,South,85400.0,14,Standard,10,34.57,345.7,30,0,0.698,1,5.64,2,374,0,1,0
103661,44,Male,North,59200.0,29,Basic,3,23.67,71.01,19,0,0.078,4,3.84,2,0,1,0,1
103662,33,Female,East,40700.0,52,Standard,8,104.63,837.04,7,0,0.496,7,6.34,0,495,1,1,0
103663,43,Female,South,57900.0,26,Basic,3,87.6,262.8,16,0,0.37,21,4.07,1,204,0,1,1
103664,37,Female,South,42800.0,31,Standard,11,37.36,410.96,114,0,0.246,21,11.7,1,501,2,0,1
103665,18,Male,East,15000.0,27,Basic,6,30.51,183.06,80,0,0.593,9,3.13,0,78,2,1,1
103666,39,Female,South,47300.0,36,Standard,13,42.83,556.79,115,1,0.579,6,14.97,0,393,0,1,1
103667,25,Male,East,49800.0,22,Standard,8,25.54,204.32,31,1,0.689,10,4.97,3,497,2,1,1
103668,18,Male,West,15000.0,5,Standard,7,16.46,115.22,12,2,0.44,6,4.85,3,6,2,0,1
103669,41,Male,North,36100.0,13,Basic,10,9.69,96.9,64,2,0.44,11,3.49,2,0,0,1,0
103670,45,Female,South,45500.0,23,Standard,4,59.21,236.84,48,0,0.616,4,4.2,1,316,1,0,1
103671,46,Female,North,59800.0,73,Basic,5,10.67,53.35,26,0,0.255,0,7.89,0,55,0,1,0
103672,46,Male,North,87900.0,14,Basic,3,39.02,117.06,41,1,0.319,9,7.58,1,81,1,0,1
103673,18,Male,North,16700.0,16,Standard,6,5.0,30.0,49,0,0.222,4,12.12,0,0,2,0,1
103674,21,Female,East,32100.0,16,Standard,16,70.3,1124.8,143,1,0.826,6,5.77,0,181,0,1,1
103675,65,Male,North,72700.0,6,Standard,7,101.95,713.65,61,1,0.189,10,7.39,1,414,0,1,1
103676,25,Female,Central,30400.0,24,Basic,4,9.45,37.8,66,0,0.724,22,6.63,0,507,1,0,1
103677,47,Female,West,,4,Standard,17,26.51,450.67,13,1,0.256,8,6.97,2,256,0,0,1
103678,30,Female,North,32900.0,30,Standard,7,59.25,414.75,38,0,0.296,3,6.47,0,257,0,1,0
103679,40,Female,East,87300.0,37,Basic,8,61.34,490.72,5,0,0.462,11,8.37,0,185,3,1,0
103680,31,Female,North,50800.0,3,Basic,5,75.82,379.1,37,0,0.627,2,2.99,0,561,0,1,0
103681,46,Male,North,48200.0,109,Basic,11,62.31,685.41,76,1,0.612,14,8.66,1,329,2,1,0
103682,41,Female,Central,66400.0,7,Standard,8,96.12,768.96,0,1,0.432,14,17.71,0,540,0,1,0
103683,33,Male,South,45800.0,11,Basic,4,28.32,113.28,106,0,0.36,10,12.23,1,111,0,1,1
103684,25,Male,North,35500.0,86,Basic,6,16.3,97.8,135,0,0.266,2,2.94,0,76,1,1,1
103685,42,Male,Central,48300.0,7,Standard,8,70.53,564.24,14,1,0.537,19,9.53,0,325,0,1,0
103686,23,Female,Central,29200.0,26,Standard,0,20.02,0.0,57,0,0.57,11,8.43,1,166,2,1,0
103687,45,Male,East,36600.0,33,Basic,3,23.02,69.06,25,0,0.281,4,9.65,2,0,0,1,1
103688,73,Female,West,56800.0,20,Premium,19,50.84,965.96,217,3,0.414,8,5.16,0,540,1,1,1
103689,57,Male,West,70200.0,20,Standard,11,107.71,1184.81,109,0,0.585,6,12.46,0,506,2,1,1
103690,48,Female,West,53800.0,32,Basic,9,31.79,286.11,164,1,0.661,4,21.23,2,231,2,1,1
103691,38,Male,East,59300.0,54,Premium,15,52.34,785.1,61,2,0.27,6,2.51,0,581,0,1,0
103692,18,Female,West,15500.0,26,Standard,13,32.55,423.15,17,3,0.288,2,15.32,1,242,0,1,1
103693,22,Male,East,16400.0,76,Basic,6,76.1,456.6,194,1,0.629,19,5.84,2,294,1,0,1
103694,56,Female,South,75000.0,7,Basic,6,62.68,376.08,42,0,0.397,2,20.67,0,115,0,1,0
103695,29,Female,North,34300.0,75,Standard,5,30.48,152.4,63,0,0.485,9,7.56,1,0,1,1,0
103696,30,Male,South,51400.0,18,Basic,5,34.92,174.6,5,1,0.507,5,4.26,0,0,1,1,0
103697,37,Female,North,46500.0,74,Premium,13,144.28,1875.64,43,1,0.325,7,10.06,2,1055,0,1,0
103698,25,Male,North,60900.0,38,Basic,4,45.87,183.48,3,0,0.594,2,3.87,0,199,0,0,0
103699,23,Male,East,43300.0,11,Basic,4,54.46,217.84,74,1,0.14,4,7.38,1,333,0,1,1
103700,38,Male,Central,52700.0,30,Standard,7,78.92,552.44,112,0,0.699,12,5.48,1,558,1,0,1
103701,27,Male,North,47700.0,4,Standard,7,11.58,81.06,26,2,0.57,8,7.77,1,80,0,1,1
103702,29,Male,South,34600.0,14,Premium,12,26.77,321.24,40,0,0.459,1,10.02,2,78,0,1,0
103703,29,Male,West,15400.0,20,Basic,6,25.37,152.22,116,1,0.555,4,6.2,0,66,0,1,1
103704,46,Female,South,59700.0,24,Basic,3,17.54,52.62,31,0,0.342,14,9.7,3,223,0,0,1
103705,36,Male,West,72300.0,55,Standard,8,26.41,211.28,13,0,0.609,5,4.82,1,163,1,1,1
103706,37,Male,East,15000.0,16,Basic,5,38.11,190.55,13,0,0.258,6,3.03,0,0,0,1,0
103707,47,Female,East,62100.0,12,Basic,6,114.53,687.18,37,0,0.362,6,27.09,0,306,0,1,0
103708,37,Female,North,24600.0,12,Basic,1,24.55,24.55,2,0,0.274,6,16.59,2,17,0,1,1
103709,35,Female,South,43800.0,29,Premium,18,81.91,1474.38,35,0,0.129,16,16.06,0,904,1,1,0
103710,45,Male,East,54800.0,42,Standard,7,34.02,238.14,27,1,0.675,9,3.48,1,137,0,0,0
103711,48,Female,North,67000.0,15,Basic,6,49.72,298.32,17,0,0.723,6,8.62,4,300,0,1,0
103712,37,Male,North,49000.0,29,Standard,5,17.53,87.65,34,0,0.595,5,12.73,4,91,1,1,1
103713,40,Male,South,68100.0,17,Premium,5,31.85,159.25,66,0,0.208,14,9.72,2,115,1,1,0
103714,29,Male,West,54800.0,5,Premium,9,75.55,679.95,2,1,0.561,0,3.91,1,309,3,0,0
103715,28,Female,East,,70,Standard,7,81.38,569.66,9,0,0.419,4,5.42,0,491,0,1,0
103716,49,Male,West,72800.0,72,Premium,5,23.04,115.2,32,0,0.387,7,7.48,3,133,0,1,0
103717,45,Male,West,49300.0,28,Standard,5,8.96,44.8,34,1,0.244,6,16.67,1,52,0,1,1
103718,45,Female,North,46900.0,6,Standard,7,57.51,402.57,54,1,0.122,9,15.0,2,244,0,1,1
103719,43,Female,Central,34900.0,8,Basic,5,50.49,252.45,18,0,0.565,15,3.07,1,245,0,1,0
103720,40,Female,West,67300.0,27,Premium,10,32.12,321.2,66,0,0.879,9,4.46,1,64,0,1,0
103721,48,Male,South,52300.0,26,Basic,2,27.95,55.9,8,1,0.596,1,6.41,1,260,0,0,1
103722,51,Female,East,25400.0,4,Standard,7,98.23,687.61,64,0,0.465,3,7.58,0,506,0,0,1
103723,51,Female,South,66900.0,16,Basic,7,30.15,211.05,2,1,0.635,14,4.61,4,412,1,1,0
103724,38,Female,Central,40900.0,22,Basic,3,63.93,191.79,15,0,0.482,5,5.43,0,140,1,0,0
103725,57,Female,South,60900.0,57,Basic,9,49.06,441.54,103,2,0.104,7,3.81,0,101,0,1,1
103726,42,Female,South,47500.0,34,Basic,5,73.7,368.5,19,2,0.469,3,7.6,0,30,2,1,1
103727,47,Male,Central,50800.0,17,Standard,7,100.92,706.44,81,0,0.485,6,5.94,0,455,0,0,1
103728,43,Female,East,89900.0,60,Basic,5,23.3,116.5,69,0,0.105,5,16.76,2,0,0,1,1
103729,42,Male,North,74100.0,68,Premium,13,128.1,1665.3,5,2,0.539,8,9.06,0,976,2,1,0
103730,29,Female,East,48200.0,41,Premium,7,115.61,809.27,143,0,0.25,1,10.28,0,333,0,1,1
103731,48,Female,West,59900.0,6,Standard,6,27.3,163.8,108,0,0.505,9,15.01,1,232,0,1,1
103732,76,Male,South,98900.0,21,Standard,7,160.49,1123.43,30,0,0.805,4,11.04,0,290,0,0,0
103733,34,Male,East,46600.0,16,Standard,2,38.5,77.0,26,1,0.208,15,9.27,0,361,0,0,1
103734,40,Male,East,60300.0,14,Standard,10,47.58,475.8,21,2,0.644,6,13.0,0,347,0,1,0
103735,33,Female,East,50100.0,61,Basic,8,67.79,542.32,49,0,0.283,12,21.97,1,448,1,1,0
103736,33,Male,Central,44000.0,66,Standard,9,64.25,578.25,55,1,0.565,0,4.57,2,372,1,1,1
103737,59,Male,East,80100.0,17,Basic,4,20.28,81.12,81,0,0.451,10,4.16,1,86,0,1,1
103738,30,Female,East,33500.0,20,Basic,6,42.52,255.12,15,0,0.413,9,15.87,3,250,1,1,1
103739,33,Male,West,43100.0,7,Basic,4,16.09,64.36,31,1,0.557,11,3.81,0,391,0,1,1
103740,18,Female,North,15000.0,57,Standard,7,60.39,422.73,2,0,0.112,8,17.17,1,179,0,1,0
103741,29,Female,North,26400.0,48,Basic,3,22.74,68.22,123,0,0.42,5,6.8,0,92,2,1,1
103742,18,Male,Central,15000.0,13,Standard,6,31.27,187.62,2,0,0.414,6,10.5,2,124,0,0,0
103743,47,Male,West,61900.0,15,Standard,12,36.04,432.48,90,0,0.32,2,0.69,1,103,0,1,1
103744,75,Male,South,92400.0,32,Standard,10,5.79,57.9,21,0,0.386,3,9.49,2,181,0,1,0
103745,34,Male,North,,32,Standard,9,63.01,567.09,48,0,0.223,12,22.64,2,86,0,1,0
103746,18,Female,North,15000.0,24,Standard,6,11.47,68.82,12,0,0.135,20,12.09,3,223,0,0,0
103747,51,Male,North,65500.0,45,Premium,10,43.07,430.7,5,0,0.328,14,5.33,0,443,1,1,0
103748,30,Non-binary,South,39400.0,36,Standard,19,17.57,333.83,11,1,0.586,10,12.65,0,289,0,1,0
103749,56,Female,East,74400.0,29,Basic,1,12.98,12.98,26,0,0.619,16,8.44,0,246,0,1,0
103750,35,Female,North,35000.0,16,Standard,6,33.73,202.38,44,1,0.581,1,13.18,3,67,0,0,1
103751,31,Male,East,35600.0,36,Premium,11,163.5,1798.5,68,1,0.599,8,0.71,1,507,0,1,0
103752,37,Female,Central,24300.0,29,Basic,2,8.04,16.08,22,0,0.617,9,8.18,0,185,1,0,0
103753,49,Male,Central,47400.0,17,Standard,9,44.35,399.15,7,0,0.319,5,3.63,1,254,1,1,0
103754,36,Female,West,45100.0,18,Basic,11,5.71,62.81,25,0,0.701,6,7.79,0,0,1,1,0
103755,33,Male,South,44700.0,13,Premium,12,25.4,304.8,84,0,0.183,2,4.37,1,491,0,1,1
103756,36,Male,East,21500.0,27,Standard,6,121.78,730.68,8,1,0.551,13,18.7,0,304,1,0,0
103757,22,Male,East,24600.0,41,Premium,8,23.78,190.24,5,1,0.761,5,3.36,0,0,1,1,0
103758,44,Male,North,54900.0,9,Basic,7,17.41,121.87,15,0,0.588,11,8.27,2,188,0,1,0
103759,18,Female,Central,47700.0,18,Basic,2,47.51,95.02,134,0,0.329,5,8.72,1,104,1,0,1
103760,33,Male,West,30400.0,43,Basic,3,59.56,178.68,109,0,0.641,8,14.73,1,198,0,1,1
103761,49,Male,East,64300.0,20,Basic,10,19.58,195.8,18,0,0.534,9,13.82,1,332,0,1,0
103762,43,Male,South,43900.0,25,Basic,6,45.57,273.42,18,0,0.392,2,5.48,1,347,1,0,0
103763,47,Non-binary,North,49300.0,11,Basic,0,15.71,0.0,241,0,0.864,5,2.06,1,335,2,1,1
103764,38,Male,Central,34700.0,10,Basic,10,51.02,510.2,16,1,0.429,4,5.84,0,209,0,1,0
103765,54,Male,North,47600.0,17,Basic,7,17.82,124.74,35,0,0.576,5,7.48,0,277,1,1,0
103766,51,Male,North,52700.0,21,Basic,3,50.41,151.23,28,0,0.463,11,10.88,1,0,0,0,1
103767,45,Male,East,68300.0,32,Standard,7,81.8,572.6,3,0,0.167,0,12.03,4,55,2,1,0
103768,51,Male,West,48800.0,61,Basic,3,124.14,372.42,31,0,0.689,10,9.15,0,494,2,0,0
103769,49,Female,North,44700.0,10,Standard,8,53.64,429.12,73,0,0.363,4,7.56,0,392,0,0,1
103770,33,Female,North,45200.0,7,Standard,3,72.69,218.07,151,0,0.766,7,10.38,0,94,0,0,1
103771,22,Male,West,31900.0,6,Basic,9,32.87,295.83,118,0,0.059,6,10.73,1,411,1,0,1
103772,44,Female,Central,51700.0,27,Basic,5,15.65,78.25,2,1,0.194,2,17.21,1,0,0,1,0
103773,46,Female,East,58200.0,32,Premium,13,23.34,303.42,109,0,0.595,10,11.7,1,201,0,1,0
103774,53,Female,West,47100.0,14,Basic,8,44.11,352.88,7,1,,1,6.39,1,365,1,0,1
103775,27,Male,South,24000.0,26,Premium,8,70.24,561.92,140,0,0.65,10,1.7,1,609,0,1,1
103776,27,Non-binary,West,50400.0,46,Basic,1,129.12,129.12,6,0,0.091,4,2.9,0,94,1,0,0
103777,45,Male,East,51600.0,20,Basic,5,34.58,172.9,189,0,0.748,8,34.35,1,123,0,1,1
103778,38,Male,West,55400.0,18,Premium,11,43.78,481.58,9,0,0.436,5,2.59,2,360,0,1,0
103779,18,Male,West,45100.0,9,Standard,8,36.67,293.36,115,2,0.182,6,11.38,2,222,1,1,1
103780,44,Female,South,64500.0,31,Standard,6,49.96,299.76,3,0,0.276,7,22.21,1,403,1,1,0
103781,18,Female,North,15000.0,13,Standard,12,98.67,1184.04,78,0,0.605,12,5.27,0,738,0,0,1
103782,27,Female,West,34900.0,36,Premium,16,359.23,5747.68,60,0,0.108,7,8.31,0,3025,0,1,0
103783,57,Female,North,79600.0,19,Basic,6,47.42,284.52,43,0,0.543,8,8.93,3,167,2,1,0
103784,63,Male,West,78100.0,21,Basic,6,55.91,335.46,7,0,0.312,9,3.9,2,216,1,1,0
103785,23,Female,East,35300.0,5,Basic,6,36.45,218.7,29,0,0.178,5,6.47,2,522,0,0,1
103786,35,Male,North,21200.0,47,Standard,7,70.85,495.95,52,0,0.431,9,12.27,1,410,1,1,0
103787,40,Male,West,40300.0,40,Basic,5,37.84,189.2,1,0,0.321,12,5.12,2,0,1,1,0
103788,62,Female,East,70800.0,13,Standard,10,120.92,1209.2,54,0,0.523,7,5.57,2,733,0,1,1
103789,33,Non-binary,Central,22300.0,36,Basic,3,59.13,177.39,23,0,0.528,9,5.24,1,0,0,1,0
103790,33,Male,North,53400.0,10,Basic,12,58.44,701.28,57,0,0.526,6,14.94,1,499,0,1,0
103791,59,Male,North,65300.0,37,Basic,3,61.35,184.05,19,1,0.245,22,2.5,0,170,1,0,0
103792,34,Male,North,15500.0,32,Premium,12,91.68,1100.16,29,1,0.556,4,9.23,1,583,0,1,0
103793,48,Non-binary,South,48600.0,58,Standard,8,84.17,673.36,151,2,0.311,7,24.69,3,443,0,1,1
103794,20,Male,West,25900.0,32,Basic,8,34.91,279.28,3,0,0.143,6,2.68,0,109,3,1,0
103795,37,Male,South,,12,Standard,10,24.56,245.6,13,0,0.708,2,1.14,2,51,0,0,0
103796,18,Female,North,47900.0,26,Basic,4,38.81,155.24,13,0,0.501,4,1.95,1,244,2,1,0
103797,25,Male,Central,42700.0,19,Premium,9,30.95,278.55,33,0,0.339,9,8.79,1,81,0,0,0
103798,50,Male,North,39300.0,56,Basic,9,26.59,239.31,99,2,0.619,11,12.25,0,456,0,0,1
103799,38,Female,South,26100.0,7,Basic,5,18.87,94.35,93,0,0.512,8,11.04,2,204,0,1,1
103800,35,Female,Central,40400.0,25,Basic,8,20.41,163.28,66,1,0.082,15,25.14,0,141,1,1,1
103801,29,Female,West,40200.0,11,Premium,8,149.68,1197.44,155,0,0.127,4,8.94,1,523,2,0,1
103802,36,Female,South,59000.0,66,Premium,20,6.49,129.8,38,1,0.301,15,22.57,0,146,0,0,0
103803,43,Female,Central,76000.0,27,Basic,6,44.73,268.38,3,0,0.461,11,7.58,0,145,0,1,0
103804,52,Female,East,85300.0,34,Standard,4,45.05,180.2,94,1,0.351,13,13.96,0,179,0,1,1
103805,18,Male,North,21800.0,19,Standard,8,43.98,351.84,44,0,0.714,7,3.33,2,398,0,1,0
103806,28,Male,North,50600.0,37,Basic,5,29.05,145.25,64,0,0.207,7,2.84,2,402,0,1,0
103807,41,Male,Central,55800.0,12,Basic,5,10.0,50.0,35,0,0.584,2,13.96,0,124,0,0,0
103808,38,Female,South,,13,Basic,3,28.32,84.96,6,0,0.27,0,3.22,2,0,1,1,1
103809,44,Male,West,26300.0,56,Standard,8,51.35,410.8,123,0,0.633,4,7.43,2,0,0,1,1
103810,42,Female,North,52800.0,95,Premium,8,61.58,492.64,68,1,0.41,9,2.84,1,586,2,0,0
103811,35,Female,North,23200.0,5,Basic,4,19.36,77.44,62,1,0.222,7,1.16,0,0,2,0,1
103812,32,Male,Central,29400.0,15,Basic,5,39.44,197.2,75,0,0.571,8,5.69,1,0,1,1,1
103813,36,Male,Central,35500.0,45,Standard,8,57.1,456.8,34,0,0.134,5,23.42,2,299,1,1,0
103814,54,Non-binary,North,65300.0,32,Basic,10,89.08,890.8,32,0,0.667,4,7.22,0,281,0,0,0
103815,29,Male,North,56400.0,13,Basic,5,26.87,134.35,13,1,0.409,11,9.27,2,110,0,0,1
103816,38,Male,West,47200.0,18,Basic,4,24.9,99.6,38,0,0.349,5,7.07,1,0,2,1,0
103817,41,Male,East,,14,Basic,9,28.43,255.87,16,0,0.301,2,3.3,0,231,3,1,0
103818,59,Male,South,38000.0,35,Basic,5,26.91,134.55,14,1,0.437,12,2.87,1,0,1,0,0
103819,35,Female,North,50600.0,13,Premium,7,79.96,559.72,116,0,0.216,0,7.19,1,406,0,1,1
103820,51,Female,Central,59700.0,19,Standard,9,68.69,618.21,62,0,0.399,3,5.2,1,362,0,1,1
103821,55,Non-binary,North,55500.0,40,Premium,9,70.72,636.48,54,0,0.244,4,6.86,3,701,0,1,0
103822,38,Non-binary,South,63300.0,29,Premium,19,104.82,1991.58,46,4,0.24,5,12.96,1,1225,0,1,0
103823,36,Female,South,28400.0,49,Standard,5,55.54,277.7,14,0,0.486,8,23.87,1,52,0,1,0
103824,35,Female,North,34600.0,13,Standard,2,10.71,21.42,38,0,0.242,10,24.23,0,0,0,1,1
103825,36,Female,East,41700.0,18,Basic,7,42.78,299.46,181,0,0.234,6,15.23,0,121,1,1,1
103826,50,Female,South,50500.0,12,Standard,11,52.67,579.37,122,0,,5,3.64,0,525,0,0,1
103827,42,Female,East,58500.0,16,Premium,7,199.24,1394.68,160,2,0.81,7,12.37,1,646,1,1,1
103828,42,Male,South,57300.0,8,Standard,5,32.76,163.8,22,0,0.218,15,11.85,2,442,0,1,0
103829,24,Female,North,48400.0,2,Standard,12,45.18,542.16,65,4,0.422,14,5.44,4,399,2,0,1
103830,26,Female,Central,42600.0,7,Standard,6,20.02,120.12,66,2,0.098,3,22.88,1,177,0,1,1
103831,67,Female,East,72900.0,41,Basic,4,8.77,35.08,77,0,0.733,17,4.48,1,209,1,0,0
103832,37,Male,South,41300.0,7,Basic,6,25.42,152.52,17,0,0.544,5,10.02,2,0,1,1,0
103833,29,Female,North,44800.0,31,Basic,6,36.88,221.28,11,0,0.174,10,11.24,0,79,0,1,0
103834,58,Female,East,,17,Basic,8,29.06,232.48,31,1,0.085,3,27.22,2,241,1,1,1
103835,43,Male,West,52400.0,19,Standard,11,43.91,483.01,137,2,0.19,11,3.66,3,290,1,1,1
103836,47,Male,West,62700.0,8,Standard,8,48.93,391.44,6,1,0.451,4,13.98,0,346,1,1,1
103837,37,Female,West,48000.0,15,Premium,12,82.1,985.2,17,0,0.199,0,8.23,1,322,2,1,0
103838,35,Male,North,48500.0,27,Standard,10,31.81,318.1,23,2,0.463,8,29.27,1,189,0,1,1
103839,37,Female,Central,35000.0,7,Standard,8,28.67,229.36,65,0,0.583,2,5.42,2,45,1,1,1
103840,21,Male,North,49700.0,14,Basic,3,52.85,158.55,31,0,0.111,11,13.34,2,129,1,1,1
103841,38,Female,South,31500.0,24,Basic,6,62.31,373.86,45,0,0.096,4,9.81,0,19,1,1,1
103842,43,Male,East,57900.0,32,Basic,4,17.43,69.72,37,1,0.126,13,4.33,2,353,0,1,1
103843,63,Non-binary,North,63900.0,20,Basic,6,17.3,103.8,89,0,0.209,6,23.85,1,197,0,0,1
103844,40,Male,South,64100.0,67,Standard,9,37.31,335.79,33,0,0.351,3,8.34,0,371,1,1,0
103845,18,Male,North,40400.0,23,Basic,3,57.35,172.05,42,0,0.477,7,3.96,1,177,0,1,1
103846,38,Female,West,47000.0,36,Premium,12,71.35,856.2,51,0,0.624,9,15.12,4,453,0,1,0
103847,75,Male,West,103900.0,27,Basic,4,45.69,182.76,36,0,0.219,13,6.09,2,47,1,1,1
103848,50,Female,East,55800.0,17,Premium,12,16.0,192.0,7,1,0.28,7,2.46,1,85,0,1,0
103849,28,Female,South,49800.0,4,Standard,10,41.72,417.2,78,0,0.332,6,3.38,3,293,0,1,1
103850,47,Male,South,45400.0,40,Standard,6,107.74,646.44,63,0,0.155,5,4.35,2,225,0,0,1
103851,29,Male,West,44100.0,39,Standard,4,81.78,327.12,99,0,0.644,4,4.99,3,329,0,0,1
103852,21,Male,East,17800.0,65,Basic,6,48.25,289.5,138,0,0.661,11,5.17,2,344,1,0,1
103853,34,Male,East,43500.0,17,Standard,10,20.93,209.3,124,1,0.514,5,14.67,0,66,0,0,1
103854,40,Male,North,48200.0,82,Premium,9,20.15,181.35,88,0,0.269,6,13.54,0,253,0,0,0
103855,18,Male,North,40300.0,38,Basic,2,15.93,31.86,101,0,0.111,6,11.16,0,0,0,1,1
103856,24,Male,South,24300.0,50,Standard,11,79.62,875.82,44,1,0.408,15,2.25,1,601,0,1,0
103857,39,Male,West,91000.0,9,Basic,5,114.56,572.8,189,0,0.194,9,3.95,0,592,1,1,1
103858,34,Female,West,23900.0,25,Basic,9,11.82,106.38,22,0,0.257,1,9.97,0,29,0,1,0
103859,44,Male,Central,56000.0,59,Standard,5,63.52,317.6,57,0,0.462,10,9.3,1,300,1,1,0
103860,23,Male,South,36800.0,8,Basic,2,63.19,126.38,63,0,0.702,9,10.55,2,0,1,1,1
103861,48,Non-binary,South,64000.0,1,Basic,6,33.49,200.94,203,0,0.428,9,4.78,2,0,0,1,1
103862,24,Female,West,,16,Basic,5,53.24,266.2,4,0,0.424,14,13.51,1,272,0,1,0
103863,60,Female,South,71300.0,68,Basic,2,45.94,91.88,57,0,0.517,5,1.79,0,394,1,0,0
103864,18,Female,East,20100.0,53,Basic,5,26.6,133.0,12,0,0.075,7,30.2,3,137,1,0,0
103865,25,Female,West,60900.0,23,Basic,2,44.66,89.32,37,1,0.109,10,3.94,0,117,0,1,1
103866,44,Male,South,43800.0,14,Basic,6,8.28,49.68,92,0,0.517,2,9.36,3,0,1,1,0
103867,61,Female,South,66800.0,34,Standard,5,48.65,243.25,15,0,0.485,11,6.62,2,0,3,1,0
103868,43,Female,South,42500.0,53,Basic,5,24.83,124.15,9,0,0.339,9,5.7,0,211,1,0,0
103869,46,Male,East,43400.0,38,Basic,7,23.99,167.93,77,2,0.178,8,4.25,2,221,1,1,1
103870,39,Female,South,28300.0,58,Basic,1,5.95,5.95,9,0,0.621,5,2.1,2,19,0,1,0
103871,26,Female,North,45000.0,58,Basic,4,21.03,84.12,23,0,0.675,12,5.73,1,286,0,1,0
103872,33,Male,North,32800.0,32,Basic,4,9.92,39.68,6,1,0.235,3,11.93,2,0,0,1,0
103873,23,Male,West,21600.0,39,Basic,11,13.67,150.37,27,1,0.419,2,11.85,1,6,1,1,0
103874,22,Non-binary,Central,18300.0,27,Basic,6,58.67,352.02,40,0,0.445,13,3.42,1,77,0,0,0
103875,44,Male,Central,57000.0,5,Standard,14,139.98,1959.72,59,0,0.45,9,1.58,1,889,1,1,1
103876,24,Non-binary,West,34000.0,28,Basic,7,18.36,128.52,43,0,0.34,11,5.74,1,0,1,1,0
103877,43,Female,North,52100.0,9,Basic,8,14.78,118.24,63,0,0.566,7,4.95,2,187,2,1,1
103878,22,Male,North,21100.0,7,Standard,10,49.8,498.0,51,0,0.515,6,10.75,2,596,0,0,1
103879,43,Male,East,57800.0,45,Basic,7,21.46,150.22,8,0,0.301,1,10.22,0,310,1,1,0
103880,33,Male,East,33000.0,15,Basic,5,54.43,272.15,52,1,0.573,5,12.71,1,31,1,1,1
103881,57,Female,West,66000.0,20,Standard,7,6.04,42.28,4,1,0.13,11,27.76,1,317,2,1,0
103882,43,Female,South,49800.0,11,Basic,2,5.0,10.0,26,0,0.425,9,8.48,2,142,2,1,1
103883,55,Female,Central,39500.0,12,Standard,7,92.36,646.52,31,0,0.259,6,21.96,0,745,2,0,1
103884,29,Male,South,66900.0,22,Standard,8,46.92,375.36,14,0,0.865,10,2.88,0,206,0,0,0
103885,40,Male,East,56900.0,29,Premium,12,180.96,2171.52,90,0,0.553,12,5.47,2,1124,0,1,1
103886,26,Female,Central,38100.0,21,Premium,11,260.97,2870.67,7,3,0.739,9,2.05,1,1534,0,1,0
103887,34,Male,East,47900.0,33,Basic,6,31.75,190.5,42,1,0.625,5,1.12,2,317,2,0,1
103888,36,Male,West,73800.0,41,Premium,12,95.81,1149.72,1,2,0.426,5,0.71,1,796,1,0,0
103889,30,Male,West,55300.0,6,Basic,8,15.69,125.52,10,1,0.498,22,5.85,0,404,0,1,1
103890,23,Female,West,37600.0,35,Standard,4,25.33,101.32,103,0,0.281,23,8.89,0,360,0,1,1
103891,21,Male,West,20900.0,28,Standard,5,56.75,283.75,42,2,0.156,13,17.36,0,184,3,0,1
103892,18,Male,South,20300.0,27,Basic,5,5.0,25.0,37,0,0.192,5,11.04,0,0,0,0,0
103893,25,Male,South,15000.0,9,Basic,3,22.86,68.58,31,0,,8,1.63,0,101,2,1,0
103894,47,Male,West,50400.0,18,Standard,5,36.22,181.1,16,0,0.217,14,12.48,0,246,0,1,0
103895,18,Male,East,37300.0,37,Basic,4,26.38,105.52,20,0,0.198,15,2.83,0,166,1,1,0
103896,21,Female,East,39700.0,8,Standard,5,46.09,230.45,41,0,0.405,5,19.02,1,0,0,1,0
103897,62,Male,South,78400.0,92,Premium,10,137.33,1373.3,14,0,0.484,7,5.78,2,710,1,0,0
103898,31,Female,North,33100.0,46,Basic,3,40.96,122.88,27,0,0.56,3,2.71,0,0,1,0,0
103899,43,Male,South,59500.0,11,Basic,5,33.83,169.15,48,0,0.343,2,4.61,4,488,0,1,1
103900,47,Male,Central,67100.0,19,Basic,2,50.27,100.54,54,0,0.511,9,10.46,0,217,1,1,1
103901,48,Male,South,25300.0,7,Basic,2,45.01,90.02,9,0,0.507,3,12.1,1,276,1,1,1
103902,19,Male,South,33200.0,47,Basic,4,60.41,241.64,35,1,0.374,7,9.67,1,337,0,0,0
103903,36,Female,North,74200.0,22,Basic,5,47.74,238.7,31,0,0.235,3,1.64,1,141,0,1,1
103904,18,Female,East,23900.0,29,Standard,7,24.59,172.13,57,0,0.581,7,20.85,1,209,1,0,0
103905,71,Male,South,43000.0,24,Standard,13,23.08,300.04,59,0,0.446,1,5.73,1,200,2,1,0
103906,18,Female,West,16600.0,38,Basic,5,32.65,163.25,35,1,0.241,1,5.99,0,0,0,0,1
103907,25,Female,North,15000.0,11,Standard,10,77.86,778.6,33,0,0.571,9,16.41,3,207,3,0,0
103908,25,Non-binary,South,25800.0,108,Standard,7,33.95,237.65,52,0,0.275,15,23.1,0,354,1,1,0
103909,20,Female,North,15000.0,38,Standard,5,48.83,244.15,5,0,0.055,6,5.95,0,0,1,1,0
103910,57,Female,North,78100.0,42,Standard,5,41.69,208.45,29,0,0.228,16,11.59,0,126,2,1,0
103911,70,Female,West,88300.0,30,Basic,7,14.89,104.23,3,0,0.211,13,4.86,1,253,0,1,0
103912,33,Male,Central,47100.0,11,Standard,4,128.27,513.08,7,0,0.516,2,7.56,2,222,0,1,0
103913,22,Female,West,,19,Basic,4,20.76,83.04,9,1,0.181,14,5.21,0,0,0,1,0
103914,18,Male,Central,20100.0,17,Basic,7,23.02,161.14,62,1,0.232,4,4.8,1,173,1,0,1
103915,36,Male,North,46100.0,52,Basic,2,46.42,92.84,1,1,0.278,11,24.33,0,255,0,1,0
103916,35,Female,Central,74900.0,12,Basic,9,5.21,46.89,2,0,0.53,5,12.89,4,199,0,0,1
103917,31,Female,East,48500.0,26,Standard,10,37.67,376.7,88,2,0.361,7,12.2,0,135,0,0,1
103918,42,Female,West,59000.0,8,Standard,3,62.3,186.9,58,0,0.528,3,7.03,1,0,0,1,1
103919,44,Male,East,42000.0,38,Basic,10,53.9,539.0,85,2,0.25,0,12.23,1,487,0,1,1
103920,43,Female,South,45900.0,14,Premium,8,91.03,728.24,4,0,0.078,4,11.14,0,501,0,1,0
103921,35,Female,South,30100.0,40,Basic,6,10.96,65.76,20,0,0.096,11,7.36,0,269,0,0,0
103922,25,Female,North,58200.0,49,Basic,4,9.23,36.92,49,0,0.92,6,7.68,0,110,0,1,0
103923,48,Female,South,34700.0,78,Standard,8,26.22,209.76,4,0,0.518,10,9.2,0,642,0,1,0
103924,39,Male,East,60700.0,22,Basic,7,51.71,361.97,35,0,0.151,3,13.59,0,0,0,0,1
103925,51,Female,Central,67500.0,30,Premium,6,97.39,584.34,50,1,0.46,7,11.21,1,463,2,1,0
103926,49,Male,North,35000.0,24,Standard,7,64.31,450.17,10,2,0.274,3,19.64,3,457,1,1,1
103927,21,Female,East,46800.0,19,Basic,5,24.18,120.9,7,0,0.246,6,2.45,1,257,1,1,0
103928,20,Male,East,26300.0,45,Basic,6,21.9,131.4,26,2,0.165,13,3.86,1,363,1,1,0
103929,29,Male,North,20000.0,18,Basic,6,16.12,96.72,13,0,0.223,7,7.98,0,251,1,1,0
103930,25,Female,South,39800.0,39,Basic,6,76.44,458.64,10,0,0.204,7,23.56,0,486,1,1,0
103931,49,Male,South,45900.0,2,Standard,4,90.1,360.4,15,0,0.826,8,12.89,1,264,0,1,0
103932,44,Male,East,,14,Basic,7,14.46,101.22,6,0,0.495,11,21.31,0,308,0,0,0
103933,53,Male,South,54200.0,46,Standard,7,15.55,108.85,84,0,0.365,3,12.68,1,0,0,0,1
103934,44,Male,North,40400.0,25,Basic,4,18.68,74.72,94,0,0.697,14,6.69,2,340,2,1,1
103935,42,Male,South,34200.0,50,Basic,8,32.04,256.32,19,0,0.056,5,1.73,0,323,0,1,0
103936,55,Female,West,,26,Basic,5,36.45,182.25,52,1,0.424,9,6.56,1,18,1,1,0
103937,45,Male,West,58200.0,43,Basic,4,61.22,244.88,93,1,0.511,14,4.06,0,185,1,1,1
103938,40,Female,North,52500.0,14,Premium,6,48.36,290.16,128,2,0.179,5,3.21,0,412,2,0,1
103939,58,Male,East,60900.0,39,Standard,7,32.49,227.43,35,0,0.473,7,14.18,0,285,0,0,0
103940,40,Male,Central,49600.0,34,Premium,14,47.36,663.04,9,1,0.114,3,1.36,1,338,2,1,0
103941,35,Male,North,33800.0,23,Standard,7,15.02,105.14,9,1,0.296,8,6.71,0,238,0,1,0
103942,28,Male,North,27000.0,44,Basic,7,13.19,92.33,3,1,0.32,7,1.1,0,315,1,0,0
103943,48,Female,North,80400.0,48,Basic,9,13.88,124.92,14,3,0.279,7,14.55,1,182,0,1,0
103944,55,Male,North,75500.0,41,Standard,8,43.61,348.88,30,0,0.858,17,12.42,1,421,0,0,0
103945,38,Female,West,39100.0,45,Basic,3,48.12,144.36,49,0,0.342,13,4.21,1,169,2,0,1
103946,56,Male,West,43200.0,34,Standard,12,86.67,1040.04,9,1,0.238,6,4.21,0,457,0,1,0
103947,18,Male,East,,10,Premium,15,232.45,3486.75,44,0,0.394,4,7.12,2,1965,0,0,0
103948,38,Female,South,38100.0,27,Basic,3,21.52,64.56,19,0,0.519,1,7.6,3,151,0,0,1
103949,38,Male,West,,24,Premium,6,109.17,655.02,42,0,0.369,13,6.83,0,339,0,0,0
103950,30,Female,North,41100.0,32,Premium,10,229.13,2291.3,18,2,0.085,13,34.56,2,990,1,1,0
103951,70,Male,North,79500.0,49,Basic,3,12.99,38.97,1,0,0.55,14,24.92,1,243,0,1,0
103952,38,Non-binary,North,51700.0,42,Standard,5,89.83,449.15,56,0,0.174,11,7.74,1,122,0,1,0
103953,34,Male,Central,28700.0,40,Basic,5,20.02,100.1,67,0,0.157,9,0.84,1,298,0,1,0
103954,39,Male,West,69100.0,3,Basic,5,30.1,150.5,12,1,0.305,8,3.02,1,412,0,1,1
103955,18,Female,East,25200.0,24,Basic,5,47.55,237.75,24,0,0.394,4,25.08,0,147,1,1,0
103956,29,Female,West,42600.0,19,Basic,8,45.08,360.64,0,1,0.355,6,0.83,0,346,0,0,0
103957,52,Female,North,51100.0,37,Standard,12,76.17,914.04,96,1,0.227,6,9.95,0,469,0,1,1
103958,31,Female,South,44700.0,57,Premium,10,63.74,637.4,18,0,0.33,4,31.31,1,269,1,1,0
103959,28,Female,West,66600.0,31,Basic,7,14.59,102.13,41,0,0.658,5,0.68,1,13,0,1,0
103960,56,Male,Central,50200.0,8,Basic,4,13.93,55.72,3,1,0.383,8,26.81,1,143,1,0,1
103961,56,Male,East,48500.0,26,Standard,7,59.3,415.1,89,1,0.476,5,13.72,1,343,1,1,1
103962,46,Female,North,42500.0,1,Standard,3,67.54,202.62,34,0,0.111,7,12.15,2,84,0,1,1
103963,33,Male,Central,37600.0,46,Basic,3,12.88,38.64,7,0,0.426,1,3.73,0,0,1,0,0
103964,36,Male,South,37800.0,18,Standard,6,140.34,842.04,100,1,0.277,16,13.81,0,1069,0,1,1
103965,29,Female,South,23900.0,52,Standard,8,85.6,684.8,46,0,0.155,1,10.02,1,453,1,1,0
103966,26,Male,North,34900.0,53,Basic,3,48.81,146.43,48,0,0.484,10,14.33,0,273,0,1,0
103967,25,Female,North,56500.0,60,Standard,8,33.96,271.68,133,0,0.33,18,3.33,1,0,1,1,1
103968,31,Male,East,38300.0,18,Basic,2,47.43,94.86,38,0,0.208,8,28.71,0,136,1,1,0
103969,26,Male,East,34200.0,85,Basic,4,34.15,136.6,69,0,0.171,10,5.92,1,0,1,0,1
103970,19,Female,South,33800.0,52,Basic,7,46.91,328.37,23,0,0.285,8,23.11,0,180,1,0,0
103971,42,Female,North,59900.0,19,Basic,5,27.28,136.4,91,0,0.258,6,1.15,0,56,1,0,1
103972,42,Male,East,70000.0,56,Standard,11,17.55,193.05,28,1,0.606,1,18.25,2,148,2,1,0
103973,61,Female,South,72200.0,18,Basic,7,74.57,521.99,68,0,0.729,8,2.78,1,328,3,0,1
103974,30,Male,South,39400.0,33,Premium,6,55.23,331.38,39,1,0.052,1,3.99,1,162,0,1,0
103975,43,Male,North,37900.0,39,Standard,7,57.04,399.28,1,1,0.16,7,12.27,2,316,1,1,0
103976,43,Female,Central,62100.0,37,Standard,5,38.36,191.8,19,0,0.194,4,10.54,1,86,1,1,0
103977,36,Male,Central,33300.0,15,Standard,4,22.34,89.36,9,0,0.588,4,13.31,1,0,1,1,0
103978,49,Male,South,45200.0,59,Basic,5,96.83,484.15,17,1,0.215,6,11.24,1,323,0,1,0
103979,49,Female,West,60200.0,47,Basic,6,42.72,256.32,17,1,0.745,4,7.9,2,0,1,1,0
103980,43,Male,Central,73300.0,71,Basic,5,44.58,222.9,3,1,0.239,5,34.04,0,256,1,1,0
103981,36,Male,North,55300.0,58,Standard,6,39.87,239.22,9,0,0.458,1,8.27,1,0,0,1,0
103982,34,Male,Central,42700.0,51,Premium,11,61.35,674.85,9,0,0.367,7,0.5,3,634,1,1,0
103983,21,Female,East,17100.0,52,Basic,4,51.7,206.8,46,0,0.265,16,11.28,0,131,0,1,0
103984,29,Female,East,59800.0,39,Basic,5,27.05,135.25,27,0,0.602,6,8.26,0,272,2,1,0
103985,31,Male,East,39600.0,24,Premium,6,178.63,1071.78,20,1,0.479,6,9.63,0,685,1,1,0
103986,24,Male,South,29600.0,40,Basic,4,17.52,70.08,31,0,0.16,9,6.4,0,126,1,1,0
103987,45,Female,West,61400.0,14,Basic,6,37.08,222.48,45,1,0.365,9,16.93,0,93,0,1,1
103988,55,Male,West,56900.0,56,Basic,9,91.05,819.45,6,1,0.512,6,18.98,0,317,1,1,0
103989,27,Male,North,26000.0,101,Basic,3,45.09,135.27,14,0,0.342,5,8.23,0,188,1,1,0
103990,43,Female,East,42600.0,41,Basic,7,25.04,175.28,18,0,0.559,3,1.96,0,289,1,1,0
103991,26,Male,Central,26400.0,20,Standard,7,38.05,266.35,24,0,0.852,9,5.57,0,423,4,1,0
103992,35,Male,Central,28400.0,13,Basic,10,122.09,1220.9,58,0,0.184,13,16.61,1,775,0,1,0
103993,30,Male,East,22100.0,24,Standard,9,120.41,1083.69,39,1,0.136,7,5.42,1,619,2,1,0
103994,47,Male,North,69200.0,52,Standard,3,25.36,76.08,20,1,0.587,5,15.83,0,0,0,0,0
103995,30,Male,South,48800.0,37,Basic,7,17.67,123.69,10,2,0.658,12,4.43,0,0,1,1,0
103996,52,Male,North,48800.0,33,Premium,6,82.96,497.76,10,0,0.441,4,2.24,1,378,0,1,0
103997,36,Male,West,57500.0,26,Premium,16,176.26,2820.16,7,1,0.376,3,43.58,1,1267,1,1,0
103998,31,Female,West,44700.0,36,Premium,12,82.35,988.2,38,3,0.117,10,,1,461,0,1,0
103999,23,Female,Central,28200.0,8,Basic,10,12.5,125.0,117,1,0.17,10,5.25,2,283,1,1,1
104000,42,Male,North,33600.0,21,Standard,10,106.77,1067.7,20,1,0.387,3,9.66,1,713,0,1,1
104001,51,Male,Central,64100.0,21,Basic,5,26.23,131.15,97,0,0.467,6,6.78,1,147,1,0,1
104002,43,Female,Central,77900.0,21,Basic,3,18.8,56.4,120,0,0.361,9,4.8,0,0,0,1,1
104003,68,Female,West,75700.0,47,Basic,6,68.97,413.82,142,0,0.177,4,16.36,1,72,0,1,1
104004,58,Female,Central,80000.0,7,Standard,6,75.53,453.18,28,1,0.525,4,4.59,2,529,0,0,1
104005,35,Male,South,41200.0,21,Basic,6,29.78,178.68,69,2,0.409,2,,0,117,1,1,1
104006,35,Male,South,57100.0,29,Basic,5,51.91,259.55,33,0,0.639,6,22.9,1,125,1,0,0
104007,45,Male,North,51500.0,25,Premium,7,99.83,698.81,165,2,0.338,2,18.67,1,444,0,1,1
104008,28,Female,North,15000.0,26,Standard,10,6.19,61.9,22,0,0.549,11,10.95,1,410,0,0,0
104009,54,Male,North,52100.0,7,Premium,4,123.0,492.0,13,1,0.475,6,0.66,0,115,0,1,1
104010,44,Female,West,54600.0,35,Basic,4,33.88,135.52,15,0,0.268,2,4.95,0,0,1,0,0
104011,42,Female,South,66000.0,9,Standard,8,57.07,456.56,135,0,0.342,21,6.87,0,349,1,0,1
104012,48,Female,North,54400.0,12,Standard,8,70.66,565.28,78,1,0.052,8,20.28,2,413,0,1,1
104013,61,Male,North,69300.0,46,Basic,7,40.77,285.39,55,1,0.416,4,1.62,0,0,1,1,1
104014,41,Male,West,41600.0,29,Basic,6,56.78,340.68,0,0,0.333,22,1.18,1,281,0,0,0
104015,38,Female,Central,68900.0,18,Basic,6,28.54,171.24,68,0,0.084,12,2.49,3,161,1,1,1
104016,59,Female,South,88000.0,85,Standard,6,58.5,351.0,11,0,0.515,2,10.22,1,108,2,1,0
104017,52,Male,West,50800.0,22,Basic,7,20.31,142.17,31,0,0.377,8,11.71,0,105,1,1,0
104018,35,Female,Central,22900.0,12,Basic,4,14.05,56.2,62,1,0.705,6,16.61,5,160,0,1,1
104019,39,Male,West,22600.0,5,Standard,14,26.69,373.66,2,1,0.389,10,27.64,1,65,2,1,0
104020,42,Female,West,59200.0,52,Standard,7,29.95,209.65,11,0,0.141,8,1.58,4,335,2,1,0
104021,44,Female,East,54600.0,44,Standard,2,62.31,124.62,8,0,0.331,6,14.09,2,58,2,1,0
104022,21,Female,Central,19900.0,27,Standard,2,66.02,132.04,20,0,0.517,13,1.05,2,378,1,1,1
104023,19,Male,South,32800.0,15,Standard,4,12.18,48.72,1,0,0.3,2,8.99,0,0,1,0,0
104024,27,Female,West,19300.0,39,Standard,10,42.66,426.6,58,1,0.49,5,13.2,1,343,1,0,1
104025,26,Female,South,46700.0,42,Standard,9,15.66,140.94,21,0,0.476,9,9.51,3,36,1,0,0
104026,31,Male,North,35000.0,2,Standard,9,60.44,543.96,67,1,0.311,8,1.6,3,553,0,0,1
104027,47,Female,West,40400.0,12,Basic,6,33.44,200.64,5,1,0.129,14,8.03,0,291,0,0,0
104028,37,Male,West,40900.0,47,Basic,4,55.53,222.12,17,0,0.335,16,6.12,2,371,0,1,0
104029,42,Female,Central,45200.0,9,Standard,7,74.35,520.45,45,0,0.294,17,7.29,1,344,0,0,0
104030,23,Male,Central,37900.0,21,Standard,10,47.16,471.6,17,1,0.417,2,13.75,1,93,1,0,1
104031,33,Female,West,58600.0,26,Premium,6,150.68,904.08,31,1,0.807,2,9.23,1,491,0,0,1
104032,47,Male,East,71100.0,15,Basic,5,21.96,109.8,8,2,0.343,15,15.02,1,394,1,0,0
104033,47,Male,Central,57800.0,30,Standard,8,36.83,294.64,3,0,0.155,4,16.0,1,0,2,1,1
104034,30,Male,North,36800.0,15,Standard,8,125.55,1004.4,43,0,0.413,3,4.75,1,743,0,1,0
104035,41,Male,North,41900.0,12,Standard,6,144.54,867.24,31,0,0.484,3,18.83,0,407,1,0,0
104036,68,Female,South,50700.0,8,Standard,4,71.19,284.76,0,1,0.453,3,3.0,0,0,0,1,0
104037,39,Female,East,47700.0,8,Premium,13,209.09,2718.17,20,1,0.339,2,12.1,0,1560,0,0,0
104038,30,Male,West,27500.0,51,Standard,6,57.8,346.8,7,1,0.564,26,20.34,1,490,2,0,1
104039,37,Male,West,63100.0,41,Standard,10,63.65,636.5,21,1,0.377,13,3.58,0,389,0,0,0
104040,40,Male,North,46100.0,29,Basic,3,51.56,154.68,20,0,0.566,8,7.36,2,357,0,1,0
104041,37,Male,West,56500.0,25,Basic,5,52.56,262.8,9,1,0.335,1,7.25,2,183,1,0,1
104042,39,Male,East,41200.0,85,Standard,9,47.82,430.38,45,0,0.285,8,7.69,1,415,2,1,0
104043,20,Male,Central,20400.0,47,Standard,11,7.94,87.34,66,0,0.614,9,8.91,1,247,0,1,1
104044,26,Male,South,44100.0,61,Premium,11,91.3,1004.3,36,0,0.438,3,2.21,1,486,0,1,0
104045,37,Male,East,49900.0,27,Standard,5,50.33,251.65,2,0,0.332,9,16.43,1,95,1,1,0
104046,37,Female,West,50600.0,14,Standard,7,63.1,441.7,46,0,0.416,9,12.61,2,224,0,1,0
104047,32,Male,East,,11,Standard,7,15.79,110.53,74,2,0.329,6,1.97,4,133,0,1,1
104048,37,Female,North,57100.0,13,Standard,6,45.98,275.88,56,0,0.354,8,10.86,0,164,0,1,0
104049,40,Female,North,57900.0,16,Premium,18,190.08,3421.44,88,1,0.618,6,10.18,2,1699,0,1,0
104050,51,Male,North,28900.0,26,Basic,10,28.67,286.7,35,1,0.502,12,1.21,4,360,0,1,1
104051,38,Male,East,43400.0,29,Premium,6,88.92,533.52,65,0,0.293,3,4.29,0,379,2,1,0
104052,44,Female,East,66900.0,21,Standard,9,114.03,1026.27,47,0,0.741,5,9.84,1,463,0,0,0
104053,32,Male,East,27000.0,19,Premium,9,88.91,800.19,52,1,0.398,2,8.78,2,436,1,1,1
104054,46,Female,West,30900.0,9,Basic,9,42.97,386.73,7,0,0.284,7,11.48,0,56,0,0,1
104055,44,Female,North,50800.0,86,Premium,17,12.6,214.2,15,0,0.274,11,12.97,1,304,0,1,0
104056,50,Male,North,65700.0,7,Basic,7,37.03,259.21,90,0,0.256,2,5.5,0,0,1,1,1
104057,48,Male,West,50100.0,70,Basic,5,65.22,326.1,89,0,0.281,4,4.38,3,43,1,1,1
104058,47,Male,West,73700.0,21,Basic,3,67.14,201.42,9,0,0.064,4,13.68,3,170,1,1,1
104059,38,Female,West,72800.0,21,Basic,5,43.16,215.8,4,1,0.501,6,5.33,2,271,0,1,0
104060,42,Male,West,23800.0,15,Basic,3,31.97,95.91,12,0,0.476,12,4.83,0,231,0,1,0
104061,53,Female,Central,55900.0,39,Premium,10,61.86,618.6,0,0,0.676,6,7.57,1,406,1,0,0
104062,31,Male,Central,15000.0,12,Standard,5,27.07,135.35,21,0,0.508,6,9.82,1,87,0,1,0
104063,31,Female,East,49600.0,27,Standard,8,76.23,609.84,2,1,0.277,4,1.59,1,342,0,0,1
104064,41,Male,South,40300.0,36,Premium,7,82.72,579.04,35,0,0.207,11,8.76,1,238,0,0,0
104065,44,Female,North,46000.0,4,Premium,9,66.63,599.67,13,0,0.258,2,1.53,2,200,1,1,0
104066,28,Female,East,53600.0,17,Premium,15,35.85,537.75,34,1,0.484,7,6.94,1,93,1,0,1
104067,38,Female,South,28400.0,90,Premium,11,86.36,949.96,8,0,0.311,5,10.92,2,525,2,0,0
104068,38,Male,North,24900.0,16,Standard,6,41.29,247.74,104,2,0.697,14,11.8,0,55,1,1,1
104069,18,Male,North,15000.0,13,Basic,4,18.18,72.72,48,0,0.47,6,3.24,0,0,2,0,1
104070,36,Male,Central,62900.0,18,Standard,3,57.04,171.12,40,0,0.322,7,7.44,1,79,1,1,1
104071,37,Female,North,60600.0,103,Basic,1,49.76,49.76,13,0,,3,8.05,2,0,0,1,0
104072,37,Female,West,41900.0,71,Basic,8,58.43,467.44,155,0,0.393,5,10.67,1,475,0,1,1
104073,57,Male,Central,47200.0,24,Basic,7,64.48,451.36,39,2,0.526,8,10.0,1,0,0,1,0
104074,23,Female,West,44400.0,51,Basic,4,72.75,291.0,13,0,0.293,6,9.35,2,0,0,0,1
104075,28,Male,North,76100.0,24,Premium,19,70.94,1347.86,23,0,0.651,12,1.64,2,389,1,1,0
104076,18,Female,West,24700.0,27,Standard,4,106.39,425.56,1,0,0.433,2,3.28,2,173,1,1,0
104077,33,Male,West,25400.0,34,Standard,11,7.85,86.35,16,0,0.45,22,8.39,2,241,2,1,0
104078,34,Male,South,60600.0,43,Basic,4,24.55,98.2,50,0,0.464,4,2.58,3,8,0,1,1
104079,32,Female,East,25400.0,18,Basic,6,78.3,469.8,25,0,0.682,4,16.71,5,562,0,1,0
104080,53,Female,North,56100.0,13,Premium,6,176.76,1060.56,17,0,0.423,2,20.4,1,187,0,1,0
104081,50,Male,West,21500.0,35,Basic,2,52.69,105.38,9,0,0.327,12,2.6,0,93,0,1,0
104082,40,Female,Central,44700.0,9,Standard,11,16.13,177.43,28,1,0.285,11,14.32,5,193,1,1,1
104083,34,Male,East,25300.0,24,Basic,11,17.1,188.1,4,3,0.522,6,4.13,2,270,1,1,0
104084,52,Male,Central,77900.0,22,Basic,7,66.75,467.25,71,1,0.425,11,29.47,2,268,0,0,1
104085,39,Female,South,34300.0,5,Standard,8,105.49,843.92,41,1,0.451,7,4.75,0,560,0,0,1
104086,28,Male,Central,48400.0,13,Standard,5,68.41,342.05,97,1,0.364,3,3.76,2,257,0,0,1
104087,18,Female,West,26500.0,24,Basic,2,10.11,20.22,56,0,0.505,4,8.42,0,0,0,0,1
104088,33,Male,North,44000.0,1,Standard,7,124.9,874.3,7,0,0.389,4,19.13,1,364,1,1,0
104089,49,Female,Central,64800.0,47,Basic,7,26.54,185.78,32,1,0.18,10,15.63,1,414,0,1,1
104090,69,Male,Central,75700.0,12,Standard,8,72.89,583.12,85,1,0.176,8,,3,318,1,1,1
104091,40,Female,South,39800.0,39,Standard,5,77.72,388.6,11,0,0.096,11,18.13,1,648,1,0,0
104092,29,Female,West,27100.0,16,Basic,4,127.04,508.16,334,1,,8,4.41,2,356,0,0,1
104093,24,Female,South,40800.0,79,Standard,4,23.13,92.52,53,0,0.576,1,5.96,1,0,0,0,0
104094,46,Female,North,28000.0,25,Basic,5,23.81,119.05,108,1,0.47,8,30.63,0,43,0,1,1
104095,18,Male,North,51500.0,43,Standard,10,90.19,901.9,30,1,0.357,7,4.56,1,681,0,0,1
104096,46,Female,East,56400.0,16,Basic,7,25.9,181.3,45,1,0.199,6,13.1,0,290,0,1,1
104097,50,Female,North,53700.0,65,Basic,5,22.99,114.95,64,0,0.379,19,4.48,1,575,0,1,0
104098,45,Female,North,57400.0,116,Basic,3,18.63,55.89,56,0,0.127,10,9.72,2,97,2,1,0
104099,36,Female,Central,36800.0,12,Standard,10,38.78,387.8,6,3,0.299,18,17.86,1,188,1,0,1
104100,46,Female,East,52100.0,15,Premium,19,223.34,4243.46,49,1,0.683,12,21.41,2,2239,0,1,0
104101,41,Female,West,34000.0,20,Basic,2,18.63,37.26,7,0,0.774,4,0.68,0,0,0,1,0
104102,29,Male,North,43700.0,59,Standard,6,43.17,259.02,41,2,0.334,4,3.93,3,106,1,0,1
104103,63,Male,North,69700.0,9,Standard,8,10.65,85.2,26,0,0.181,2,2.39,0,48,1,1,0
104104,34,Male,West,45800.0,9,Basic,4,20.27,81.08,31,1,0.392,10,15.3,0,306,2,1,0
104105,49,Female,South,78200.0,8,Standard,6,39.31,235.86,20,0,0.481,9,10.96,2,284,0,1,0
104106,18,Male,South,16700.0,7,Premium,11,151.4,1665.4,22,2,0.559,4,16.04,2,843,0,1,1
104107,56,Male,Central,62300.0,12,Premium,4,113.51,454.04,2,0,0.401,14,9.62,0,334,0,1,0
104108,58,Male,South,42900.0,27,Standard,3,17.91,53.73,39,0,0.175,15,7.65,1,105,1,1,0
104109,39,Female,East,55700.0,120,Basic,8,34.92,279.36,31,0,0.325,5,3.24,2,162,0,1,0
104110,46,Female,East,54400.0,8,Basic,5,30.05,150.25,110,0,0.752,2,1.6,0,121,1,1,1
104111,46,Female,North,54800.0,26,Basic,8,66.37,530.96,7,0,0.582,6,3.84,0,480,0,1,0
104112,31,Female,West,38100.0,34,Standard,13,77.6,1008.8,11,0,0.581,9,5.5,0,923,1,1,0
104113,46,Male,South,46500.0,21,Basic,8,15.47,123.76,25,0,0.611,4,2.26,3,275,0,1,0
104114,28,Female,North,72400.0,29,Standard,7,18.88,132.16,119,1,0.623,6,9.1,0,70,1,1,1
104115,31,Female,South,40900.0,17,Basic,10,8.19,81.9,109,1,0.814,5,8.72,3,20,0,1,1
104116,54,Female,East,66400.0,14,Standard,9,31.36,282.24,44,1,0.525,25,0.84,2,133,0,1,0
104117,52,Female,East,44300.0,19,Standard,7,40.58,284.06,29,0,0.4,4,3.15,3,66,0,0,0
104118,30,Female,Central,51800.0,51,Premium,10,50.99,509.9,46,0,0.294,13,8.27,2,437,1,1,0
104119,29,Female,West,36700.0,40,Basic,8,67.39,539.12,62,1,0.495,9,4.59,2,277,0,1,1
104120,31,Male,South,46600.0,23,Premium,8,34.65,277.2,123,1,0.485,4,6.5,2,0,1,1,1
104121,49,Female,Central,70100.0,8,Standard,9,116.74,1050.66,12,1,0.454,8,3.85,0,467,0,0,1
104122,26,Male,West,34100.0,6,Standard,6,35.93,215.58,15,0,0.496,17,13.37,2,488,0,1,0
104123,44,Male,North,43200.0,19,Standard,8,144.44,1155.52,4,1,0.44,1,22.6,1,643,0,0,0
104124,49,Male,North,24900.0,38,Basic,5,53.62,268.1,1,0,0.134,8,20.63,0,171,0,1,0
104125,38,Male,North,41600.0,35,Basic,8,25.0,200.0,197,0,0.724,4,6.69,1,407,1,0,1
104126,52,Female,North,50700.0,32,Standard,6,59.99,359.94,48,0,0.113,6,8.04,0,365,1,1,0
104127,35,Male,East,28100.0,7,Premium,12,24.19,290.28,87,2,0.134,13,15.65,2,490,1,1,1
104128,36,Male,South,65400.0,45,Premium,11,44.2,486.2,13,0,0.344,5,17.84,1,324,0,0,0
104129,26,Female,Central,49400.0,29,Basic,4,45.95,183.8,6,1,0.324,6,3.36,1,351,2,0,0
104130,52,Female,East,34700.0,12,Basic,6,26.89,161.34,51,1,0.846,11,4.88,2,323,0,1,1
104131,29,Male,North,40600.0,48,Standard,4,62.14,248.56,6,0,0.635,9,0.76,1,433,0,0,0
104132,44,Female,Central,41300.0,10,Standard,7,61.81,432.67,5,1,0.55,2,24.22,0,194,0,0,1
104133,38,Male,East,52100.0,32,Basic,7,95.4,667.8,251,1,0.511,6,6.27,1,167,1,1,1
104134,25,Female,North,23500.0,15,Standard,4,50.64,202.56,18,0,0.124,7,10.17,1,0,0,1,0
104135,31,Female,North,32800.0,20,Standard,10,126.81,1268.1,11,0,0.862,2,11.87,0,812,1,1,0
104136,57,Male,West,,34,Premium,11,172.21,1894.31,31,1,0.569,2,8.89,4,934,0,1,0
104137,42,Male,East,62300.0,27,Basic,4,53.18,212.72,13,1,0.143,9,2.62,0,302,1,0,0
104138,26,Male,East,56700.0,24,Premium,17,117.18,1992.06,7,0,0.395,2,6.61,3,1005,0,0,0
104139,43,Male,West,48700.0,12,Standard,6,43.79,262.74,44,0,0.332,7,5.82,0,17,1,1,0
104140,37,Male,West,25700.0,14,Basic,3,39.22,117.66,9,1,0.267,7,1.22,3,0,1,1,1
104141,80,Female,Central,99800.0,14,Standard,8,85.98,687.84,12,0,0.277,15,14.28,0,433,0,1,0
104142,43,Non-binary,West,64700.0,51,Standard,6,46.09,276.54,11,1,0.117,9,18.16,1,106,1,1,0
104143,34,Female,West,52000.0,88,Standard,6,35.49,212.94,21,0,0.211,3,7.97,0,0,1,1,0
104144,57,Female,North,54600.0,12,Standard,3,17.07,51.21,25,0,0.271,13,12.3,1,49,0,1,0
104145,18,Male,East,15000.0,68,Standard,5,128.23,641.15,8,1,0.104,5,2.22,1,452,2,0,0
104146,40,Female,South,56400.0,11,Basic,6,60.24,361.44,49,1,0.235,5,9.85,2,137,0,1,1
104147,65,Male,East,60200.0,32,Basic,9,27.0,243.0,7,1,,2,2.7,3,61,0,1,1
104148,37,Female,South,41700.0,11,Standard,8,121.06,968.48,7,1,0.308,2,2.8,1,605,1,1,1
104149,18,Female,East,68700.0,54,Basic,4,71.66,286.64,143,0,0.567,15,8.34,1,504,0,1,1
104150,34,Female,South,73000.0,45,Standard,10,18.95,189.5,66,0,0.249,7,0.5,0,112,1,1,0
104151,58,Male,East,77100.0,52,Premium,15,73.17,1097.55,6,1,0.663,12,13.92,1,507,1,0,0
104152,44,Male,South,43400.0,17,Basic,7,45.39,317.73,230,0,0.514,15,8.11,1,268,2,1,1
104153,28,Female,Central,27400.0,13,Standard,7,75.67,529.69,10,0,0.486,3,18.63,0,408,0,0,1
104154,30,Female,South,49400.0,51,Premium,6,58.0,348.0,100,0,0.41,2,19.1,1,82,1,0,0
104155,32,Female,West,62300.0,23,Basic,2,8.98,17.96,13,0,0.147,6,2.86,1,214,0,0,1
104156,44,Female,East,45500.0,23,Basic,5,14.47,72.35,69,0,0.216,0,7.32,2,89,1,0,1
104157,56,Male,South,57700.0,17,Standard,11,51.81,569.91,21,1,0.577,19,1.35,0,543,2,1,0
104158,53,Male,West,62500.0,21,Premium,15,73.85,1107.75,113,0,0.87,3,5.76,1,506,1,1,1
104159,45,Female,Central,34200.0,51,Standard,10,67.79,677.9,8,3,0.495,8,6.25,0,526,1,1,0
104160,22,Female,West,15000.0,16,Basic,5,70.56,352.8,9,0,0.28,7,7.39,0,57,0,1,0
104161,22,Male,Central,15300.0,15,Basic,4,27.35,109.4,24,0,0.515,8,19.84,1,290,0,1,0
104162,46,Female,South,62200.0,13,Standard,8,32.31,258.48,3,0,0.332,9,1.41,0,361,0,0,0
104163,22,Female,Central,35600.0,21,Basic,10,24.63,246.3,27,1,0.24,4,14.78,1,237,1,0,1
104164,36,Male,Central,61000.0,54,Basic,7,12.2,85.4,82,1,0.214,11,15.89,3,68,0,1,1
104165,43,Female,West,27400.0,13,Standard,9,58.83,529.47,39,0,0.504,3,1.69,1,222,0,1,0
104166,24,Female,West,15000.0,15,Standard,10,34.92,349.2,46,2,0.342,14,23.3,2,312,1,0,1
104167,26,Female,West,42000.0,68,Standard,9,132.11,1188.99,256,0,0.057,12,2.64,1,856,1,1,1
104168,38,Male,East,34800.0,14,Basic,5,100.08,500.4,12,1,0.172,7,10.11,1,571,0,1,0
104169,46,Female,East,43400.0,25,Basic,8,62.94,503.52,102,0,0.317,11,19.02,0,220,0,1,1
104170,53,Male,South,75400.0,77,Basic,3,36.04,108.12,33,0,0.545,2,18.64,1,43,0,0,1
104171,47,Female,West,,22,Standard,6,51.93,311.58,25,0,0.53,5,8.29,2,163,0,1,0
104172,40,Female,South,42800.0,93,Premium,10,69.87,698.7,42,0,0.233,14,5.54,0,437,0,0,0
104173,29,Male,West,34900.0,12,Premium,11,51.68,568.48,12,0,0.287,4,9.2,1,474,2,1,0
104174,25,Female,East,32000.0,90,Basic,6,21.49,128.94,65,1,0.452,11,12.99,0,118,1,1,0
104175,32,Female,South,50900.0,21,Basic,4,90.7,362.8,28,0,0.5,6,19.79,2,330,0,1,1
104176,44,Female,North,35800.0,3,Standard,7,22.96,160.72,27,1,0.723,10,11.25,2,291,0,0,1
104177,43,Male,South,49100.0,4,Basic,4,31.73,126.92,44,0,0.127,7,12.61,1,232,1,1,1
104178,18,Female,East,44300.0,17,Standard,12,93.27,1119.24,45,0,0.457,8,3.31,1,458,0,0,1
104179,29,Male,South,68300.0,30,Basic,9,44.56,401.04,61,2,0.217,6,4.23,1,317,1,1,1
104180,55,Female,North,44200.0,23,Standard,6,51.23,307.38,29,0,0.258,7,10.12,2,145,0,1,0
104181,40,Female,South,53500.0,59,Standard,7,41.51,290.57,35,2,0.454,4,17.01,0,211,0,0,0
104182,21,Female,South,28200.0,35,Basic,5,8.75,43.75,5,0,,3,11.37,2,142,1,1,0
104183,70,Female,South,76000.0,20,Standard,3,29.15,87.45,162,0,0.217,8,9.14,0,0,0,0,1
104184,39,Male,South,36900.0,28,Standard,10,64.64,646.4,64,1,0.24,13,5.14,0,614,0,1,1
104185,44,Female,West,63300.0,18,Premium,7,87.62,613.34,24,0,0.286,11,8.98,0,200,0,0,0
104186,44,Male,West,,36,Basic,4,38.93,155.72,9,0,0.481,9,13.09,1,87,0,0,0
104187,34,Female,Central,78500.0,13,Standard,3,74.27,222.81,13,0,0.416,8,6.04,0,197,0,1,0
104188,30,Male,North,20900.0,36,Basic,9,41.37,372.33,91,0,0.28,3,7.66,1,45,0,1,1
104189,67,Female,South,50100.0,22,Premium,11,28.96,318.56,50,2,0.226,10,20.05,1,93,1,1,1
104190,52,Male,North,89100.0,18,Standard,4,47.56,190.24,44,0,0.553,10,29.13,0,237,0,1,0
104191,50,Female,East,57700.0,57,Standard,9,21.72,195.48,11,0,0.137,1,2.9,2,78,0,1,0
104192,46,Male,North,48200.0,77,Basic,2,56.18,112.36,100,0,0.437,3,2.23,0,271,1,1,1
104193,26,Male,North,38200.0,29,Basic,11,42.96,472.56,25,1,0.346,5,4.45,2,322,0,1,0
104194,56,Male,East,44600.0,19,Standard,6,42.38,254.28,3,1,0.186,11,6.08,0,211,0,0,0
104195,28,Female,South,42800.0,20,Standard,8,35.09,280.72,2,1,0.605,10,18.23,0,170,1,0,0
104196,43,Male,East,50600.0,20,Basic,3,78.22,234.66,100,0,0.155,5,8.54,2,241,0,0,1
104197,18,Female,East,43000.0,1,Basic,3,22.9,68.7,55,0,0.459,5,13.09,1,125,0,1,1
104198,18,Female,West,40000.0,39,Basic,8,52.19,417.52,13,0,0.139,5,2.45,1,145,0,0,0
104199,43,Female,South,64900.0,32,Basic,2,26.95,53.9,18,1,0.64,2,6.15,1,81,0,0,1
104200,28,Male,South,40200.0,27,Basic,8,47.66,381.28,28,2,0.717,20,9.89,2,527,1,0,0
104201,18,Female,East,50500.0,46,Standard,5,68.52,342.6,42,0,0.499,13,18.92,2,338,1,0,0
104202,46,Male,North,62700.0,10,Standard,6,83.61,501.66,3,1,0.19,7,26.35,1,87,0,0,1
104203,67,Male,North,67100.0,3,Standard,5,28.52,142.6,35,1,0.205,0,3.24,0,123,0,1,1
104204,57,Female,South,53700.0,19,Basic,9,7.49,67.41,15,0,0.365,3,9.64,2,19,0,1,0
104205,36,Female,North,35300.0,41,Basic,7,15.27,106.89,14,0,0.56,13,12.86,1,0,3,1,0
104206,39,Male,North,56200.0,28,Basic,2,14.69,29.38,28,0,0.26,7,10.39,3,195,0,1,1
104207,51,Female,West,40700.0,23,Basic,6,12.07,72.42,65,0,0.735,7,5.22,2,473,1,1,1
104208,54,Female,West,64400.0,79,Basic,4,44.46,177.84,19,1,0.569,15,5.41,0,56,0,1,0
104209,35,Female,North,32500.0,62,Basic,3,9.1,27.3,7,0,0.657,7,2.23,1,50,1,0,0
104210,39,Male,East,30400.0,44,Standard,9,68.14,613.26,74,2,0.109,12,8.16,2,272,1,0,1
104211,43,Female,Central,36500.0,22,Standard,5,34.71,173.55,10,0,0.638,8,29.44,2,366,1,0,0
104212,46,Female,South,54300.0,120,Basic,5,16.87,84.35,9,0,0.45,7,14.64,1,39,1,0,0
104213,37,Female,West,56700.0,11,Basic,2,6.43,12.86,23,0,0.523,13,12.08,0,0,0,1,0
104214,37,Female,North,36600.0,53,Basic,4,5.0,20.0,5,0,0.53,3,12.81,1,0,0,1,0
104215,57,Non-binary,Central,36000.0,56,Basic,0,18.12,0.0,14,0,0.378,3,26.83,2,0,0,1,1
104216,55,Male,North,107300.0,18,Premium,9,32.46,292.14,39,0,0.676,5,5.74,2,362,0,1,0
104217,45,Male,South,69300.0,64,Premium,13,104.55,1359.15,11,0,0.77,10,1.43,1,1029,1,0,0
104218,61,Male,Central,81900.0,10,Basic,6,7.77,46.62,20,1,0.311,11,3.58,2,126,0,1,1
104219,34,Female,West,66000.0,35,Basic,4,18.03,72.12,100,1,0.644,9,12.92,1,0,1,1,1
104220,60,Male,North,69200.0,51,Basic,5,28.27,141.35,94,2,0.33,8,5.06,1,101,1,1,1
104221,46,Non-binary,West,,34,Standard,8,120.08,960.64,19,1,0.595,8,0.72,3,869,0,0,0
104222,80,Male,Central,105900.0,7,Basic,5,38.19,190.95,55,0,0.274,7,15.78,0,125,1,1,1
104223,23,Male,East,51600.0,50,Premium,9,112.98,1016.82,13,0,0.201,13,9.72,1,594,1,1,0
104224,30,Female,North,48000.0,62,Standard,6,49.81,298.86,82,0,0.565,8,13.32,1,105,0,0,0
104225,44,Male,South,65100.0,30,Basic,4,16.72,66.88,64,0,0.527,7,4.17,1,79,1,1,0
104226,44,Female,Central,35400.0,5,Standard,6,13.64,81.84,17,1,0.514,3,19.8,0,41,0,0,1
104227,64,Male,North,68100.0,29,Standard,5,53.39,266.95,43,0,0.537,12,10.13,2,350,0,0,0
104228,30,Female,South,63300.0,17,Basic,6,22.78,136.68,79,0,0.352,7,14.81,0,222,0,1,1
104229,51,Male,North,70600.0,28,Basic,7,23.3,163.1,45,1,0.27,15,5.1,0,137,0,1,0
104230,54,Male,North,41700.0,43,Premium,12,43.08,516.96,70,3,0.481,0,2.98,1,570,0,0,0
104231,48,Male,East,49100.0,9,Premium,12,131.53,1578.36,18,0,0.63,14,4.72,0,990,1,0,0
104232,27,Female,South,58100.0,70,Standard,6,12.05,72.3,11,0,0.631,6,11.36,1,412,1,0,0
104233,57,Male,North,71400.0,21,Basic,6,92.46,554.76,111,1,0.172,3,9.21,1,459,0,1,1
104234,55,Male,North,65700.0,31,Basic,10,68.06,680.6,7,0,0.68,11,3.72,0,573,1,0,0
104235,47,Male,North,58500.0,18,Standard,3,77.76,233.28,3,0,0.272,0,7.48,0,144,0,1,0
104236,42,Male,North,49600.0,43,Basic,5,14.05,70.25,6,0,0.498,1,4.04,0,184,1,0,0
104237,42,Male,North,43500.0,70,Basic,7,13.68,95.76,6,0,0.478,4,5.41,2,132,0,0,0
104238,38,Male,West,35300.0,14,Basic,3,22.42,67.26,50,0,0.244,11,3.77,1,0,1,0,1
104239,47,Female,North,69700.0,39,Standard,6,9.91,59.46,2,0,0.599,8,18.97,0,105,0,1,0
104240,39,Female,South,51300.0,16,Standard,9,28.94,260.46,76,1,0.44,4,8.92,1,0,1,0,1
104241,28,Male,East,47400.0,42,Premium,8,84.65,677.2,14,0,0.567,12,4.81,2,480,0,0,0
104242,25,Male,West,42300.0,27,Basic,2,84.33,168.66,2,0,0.302,12,7.29,2,38,0,0,0
104243,29,Female,West,58200.0,49,Premium,14,13.34,186.76,2,0,0.24,1,6.65,0,136,0,0,0
104244,42,Female,Central,57200.0,32,Basic,9,48.24,434.16,11,0,,6,9.93,0,553,0,1,0
104245,39,Female,South,59500.0,97,Premium,7,71.28,498.96,25,1,0.244,2,8.75,0,293,1,1,0
104246,42,Male,North,53100.0,18,Standard,7,30.37,212.59,7,0,0.479,17,6.95,1,501,2,0,0
104247,46,Male,North,41300.0,9,Basic,3,26.67,80.01,30,2,0.523,2,9.56,0,0,1,0,1
104248,31,Male,North,37200.0,17,Premium,12,55.04,660.48,0,1,0.363,27,11.79,3,383,2,0,0
104249,58,Female,Central,74300.0,17,Standard,10,58.38,583.8,121,0,0.736,5,5.01,0,403,1,1,1
104250,36,Female,East,54600.0,25,Standard,6,24.03,144.18,10,0,0.332,12,4.71,1,256,1,1,0
104251,33,Male,West,62600.0,20,Premium,10,89.98,899.8,8,0,0.271,5,8.85,0,425,1,1,0
104252,45,Female,Central,47200.0,31,Standard,9,79.47,715.23,60,1,0.341,4,7.98,2,480,2,0,1
104253,18,Female,West,31200.0,6,Basic,6,21.6,129.6,33,1,0.702,5,11.02,1,0,0,1,1
104254,29,Female,South,36600.0,20,Basic,5,44.29,221.45,5,1,0.117,10,,2,265,1,0,0
104255,52,Male,Central,83000.0,20,Basic,6,41.2,247.2,3,1,0.314,27,4.64,0,249,1,1,0
104256,18,Male,South,33300.0,45,Premium,10,67.46,674.6,5,0,0.554,9,13.34,2,371,0,1,0
104257,54,Female,North,67700.0,12,Premium,12,194.24,2330.88,54,2,0.453,12,15.62,1,1344,0,0,1
104258,59,Female,East,66500.0,12,Standard,2,24.8,49.6,8,0,0.762,8,14.44,0,73,1,1,0
104259,34,Male,Central,40000.0,27,Standard,9,78.37,705.33,42,0,0.499,12,5.07,1,747,0,0,1
104260,43,Female,West,31500.0,47,Basic,8,23.54,188.32,5,1,0.363,3,26.99,3,73,0,1,0
104261,54,Female,South,44500.0,1,Premium,9,190.99,1718.91,30,1,0.475,5,5.03,2,1119,0,1,1
104262,33,Female,Central,44800.0,43,Basic,10,76.12,761.2,21,2,0.242,8,3.59,3,323,1,1,1
104263,50,Female,East,59200.0,39,Standard,7,8.88,62.16,88,0,0.604,4,8.4,3,0,0,1,1
104264,30,Male,West,42000.0,25,Premium,9,127.35,1146.15,4,0,0.329,6,18.58,1,537,0,1,0
104265,33,Male,South,55400.0,30,Standard,10,30.02,300.2,35,0,0.163,8,10.19,2,0,0,1,0
104266,29,Female,North,39800.0,53,Standard,9,64.1,576.9,21,1,0.496,8,5.83,0,674,1,1,0
104267,43,Male,South,46900.0,17,Standard,5,30.18,150.9,6,0,0.466,4,9.66,0,73,0,1,0
104268,54,Female,Central,59300.0,8,Basic,0,44.31,0.0,8,0,0.409,8,4.98,0,0,0,0,0
104269,37,Male,Central,49500.0,39,Basic,4,53.75,215.0,10,1,0.167,4,6.65,3,341,0,0,1
104270,22,Female,South,26500.0,37,Basic,5,16.25,81.25,27,1,0.075,10,1.35,2,76,0,1,1
104271,25,Female,North,49600.0,4,Standard,4,11.83,47.32,9,1,0.224,5,10.89,2,355,0,0,1
104272,44,Male,North,52500.0,72,Standard,8,85.47,683.76,0,0,0.583,16,2.48,2,325,0,0,0
104273,63,Male,West,74300.0,35,Premium,15,108.63,1629.45,31,1,0.408,7,13.79,1,1073,0,1,0
104274,44,Male,East,41300.0,13,Basic,10,42.05,420.5,73,0,0.401,8,13.06,2,0,0,1,1
104275,34,Male,East,58100.0,37,Basic,4,27.07,108.28,91,0,0.894,7,2.9,1,279,0,1,1
104276,49,Male,North,77600.0,34,Premium,12,26.55,318.6,124,2,0.659,6,2.33,1,283,0,1,1
104277,36,Male,North,26000.0,19,Standard,5,30.62,153.1,54,0,0.204,3,10.25,0,237,0,0,1
104278,34,Female,Central,48800.0,30,Basic,1,18.95,18.95,6,0,0.67,1,6.71,1,0,0,1,0
104279,27,Female,East,35000.0,30,Standard,3,76.86,230.58,55,0,0.208,0,12.64,1,0,0,1,1
104280,57,Male,North,69000.0,27,Basic,4,5.28,21.12,68,0,0.444,7,2.53,1,0,1,1,1
104281,18,Male,North,34300.0,26,Basic,2,25.63,51.26,53,0,0.142,3,4.71,1,320,0,0,1
104282,49,Male,South,26200.0,34,Standard,7,18.91,132.37,8,0,0.425,2,6.98,3,0,1,1,0
104283,33,Female,North,52900.0,30,Basic,5,60.34,301.7,18,0,0.682,11,4.65,1,347,0,0,1
104284,34,Female,North,58800.0,17,Premium,5,178.41,892.05,80,0,0.577,5,13.09,0,552,2,1,1
104285,61,Female,West,86000.0,11,Basic,4,77.96,311.84,93,0,0.649,30,3.41,2,329,1,1,1
104286,30,Male,South,26200.0,29,Basic,3,42.62,127.86,3,0,0.565,6,5.34,2,0,0,1,0
104287,30,Female,South,39000.0,43,Premium,14,161.65,2263.1,1,1,0.42,9,13.19,1,1293,0,1,0
104288,37,Male,East,38500.0,29,Basic,10,27.26,272.6,7,1,0.765,13,10.76,3,416,0,1,0
104289,44,Female,South,25900.0,17,Basic,3,44.57,133.71,22,0,0.815,13,5.75,2,303,3,1,1
104290,33,Female,East,33600.0,5,Standard,8,64.49,515.92,39,0,0.362,10,2.89,2,343,2,1,1
104291,19,Male,Central,15000.0,74,Basic,2,14.44,28.88,11,0,0.443,11,16.14,1,0,0,0,0
104292,28,Female,South,42200.0,36,Basic,7,46.13,322.91,33,1,0.597,3,13.62,2,63,0,0,1
104293,56,Male,West,41300.0,34,Standard,9,58.03,522.27,13,2,0.15,4,2.44,1,244,1,1,0
104294,40,Female,South,35200.0,19,Premium,11,187.94,2067.34,25,0,0.304,8,6.63,3,1079,1,1,0
104295,45,Male,North,46400.0,5,Standard,9,43.88,394.92,61,0,0.325,9,27.73,0,452,0,1,1
104296,36,Male,North,55900.0,16,Standard,5,139.84,699.2,18,0,0.519,9,12.73,2,588,0,0,0
104297,30,Male,West,,66,Standard,6,24.63,147.78,40,0,0.277,9,2.74,1,250,0,1,0
104298,61,Female,South,73100.0,9,Basic,5,71.8,359.0,130,0,0.833,3,11.44,0,0,1,1,1
104299,37,Female,West,31600.0,4,Basic,4,77.99,311.96,32,0,0.4,9,17.68,1,251,0,1,1
104300,33,Male,North,,73,Standard,4,34.74,138.96,32,1,0.135,3,19.43,0,156,1,1,0
104301,53,Non-binary,East,70500.0,13,Standard,5,77.04,385.2,10,1,0.198,2,7.1,0,142,0,1,0
104302,30,Male,North,20600.0,23,Basic,7,36.36,254.52,32,0,0.464,10,13.31,1,355,0,0,1
104303,31,Male,South,55700.0,34,Basic,6,24.36,146.16,20,1,0.165,17,1.09,3,157,0,1,0
104304,39,Male,East,,89,Standard,10,45.72,457.2,115,1,0.509,3,1.13,1,233,3,1,1
104305,39,Male,North,46200.0,65,Standard,7,85.6,599.2,18,0,0.849,5,15.15,2,415,0,1,0
104306,42,Male,South,27200.0,25,Premium,14,139.57,1953.98,3,0,0.264,2,14.72,0,689,2,0,0
104307,66,Male,East,86500.0,17,Standard,9,63.13,568.17,65,1,0.074,4,6.23,1,411,0,1,1
104308,43,Male,West,41100.0,10,Standard,8,51.57,412.56,40,0,0.288,7,6.09,0,236,2,1,0
104309,18,Male,West,30200.0,36,Standard,6,72.31,433.86,43,0,0.317,8,15.04,2,146,1,0,0
104310,43,Male,North,49500.0,29,Premium,12,107.18,1286.16,69,1,0.62,8,9.1,1,698,0,1,1
104311,39,Female,North,25800.0,5,Standard,7,63.54,444.78,78,1,0.271,11,4.8,1,556,2,1,1
104312,40,Female,South,45700.0,23,Basic,5,11.4,57.0,8,0,0.59,3,4.55,2,0,3,0,0
104313,42,Non-binary,South,33900.0,29,Standard,6,69.55,417.3,3,2,0.547,3,5.41,1,221,0,0,0
104314,39,Male,South,38800.0,38,Basic,5,15.43,77.15,206,1,0.348,2,17.75,1,77,0,1,1
104315,38,Female,South,53100.0,12,Standard,12,112.34,1348.08,58,0,0.267,13,5.24,0,833,0,1,0
104316,47,Male,South,65400.0,30,Premium,13,112.38,1460.94,16,1,0.228,21,7.83,1,1033,1,1,0
104317,32,Male,East,41000.0,10,Basic,5,58.79,293.95,31,0,0.211,15,10.41,0,320,0,1,0
104318,27,Male,North,24200.0,34,Basic,2,5.79,11.58,36,0,0.8,12,15.14,0,22,0,1,0
104319,78,Male,South,75900.0,22,Standard,11,96.86,1065.46,97,0,0.402,17,18.58,3,773,1,1,1
104320,30,Female,South,30100.0,93,Standard,7,101.58,711.06,52,0,0.339,3,11.1,2,435,1,1,0
104321,40,Female,South,19000.0,14,Standard,8,12.08,96.64,31,0,0.826,8,6.32,1,246,0,1,0
104322,20,Female,West,30900.0,18,Standard,3,15.04,45.12,10,0,0.619,1,8.98,1,0,0,1,0
104323,41,Male,South,26500.0,5,Premium,9,275.75,2481.75,30,0,0.373,2,23.4,0,1234,0,1,0
104324,27,Female,North,37600.0,26,Standard,5,85.55,427.75,101,0,0.376,5,8.56,0,99,0,0,1
104325,33,Male,Central,21800.0,20,Premium,13,91.46,1188.98,9,2,0.441,9,6.03,0,849,0,1,0
104326,53,Male,South,44400.0,28,Basic,3,11.77,35.31,57,0,0.194,16,6.89,2,84,0,1,1
104327,45,Male,North,63000.0,25,Basic,4,30.4,121.6,78,0,0.136,7,2.09,1,119,0,0,1
104328,46,Male,West,54900.0,94,Standard,9,48.19,433.71,33,2,0.59,6,22.0,3,23,1,0,0
104329,18,Male,West,15000.0,37,Standard,6,35.14,210.84,10,0,0.197,9,3.92,0,217,0,0,0
104330,63,Male,Central,62900.0,45,Basic,3,43.13,129.39,0,0,0.529,10,5.99,1,108,0,1,1
104331,24,Female,Central,37400.0,28,Basic,4,62.99,251.96,39,2,0.175,5,5.42,2,192,0,1,1
104332,59,Female,West,,32,Premium,12,108.85,1306.2,6,0,0.43,6,4.87,0,510,0,1,0
104333,52,Male,North,55500.0,28,Standard,6,86.36,518.16,60,0,0.38,19,3.32,0,335,0,0,1
104334,47,Female,East,59000.0,28,Basic,5,35.43,177.15,109,0,0.424,6,8.27,2,161,2,0,1
104335,28,Male,North,38100.0,17,Basic,3,5.0,15.0,71,0,0.625,2,5.13,2,0,0,1,1
104336,41,Female,East,36000.0,44,Standard,11,22.9,251.9,93,0,0.264,12,2.68,1,443,0,1,1
104337,33,Male,Central,42600.0,98,Basic,2,32.11,64.22,43,0,0.547,3,6.66,1,225,0,0,1
104338,39,Female,North,43900.0,28,Standard,2,58.83,117.66,34,0,0.648,11,6.16,1,174,0,1,0
104339,36,Male,Central,69200.0,12,Standard,5,78.61,393.05,53,0,0.705,6,17.94,1,251,0,1,1
104340,18,Female,East,26600.0,51,Premium,13,78.62,1022.06,6,2,0.635,3,1.66,1,631,1,1,0
104341,54,Male,North,64100.0,73,Standard,10,64.05,640.5,1,1,0.208,7,7.07,0,434,1,0,0
104342,38,Female,Central,50600.0,18,Standard,6,130.98,785.88,14,1,,13,6.8,4,356,0,0,1
104343,33,Male,East,37700.0,10,Standard,6,75.12,450.72,3,0,0.382,12,2.76,1,281,2,0,0
104344,32,Female,South,31200.0,41,Premium,5,100.69,503.45,65,0,0.714,2,2.13,0,191,0,1,0
104345,44,Male,East,59100.0,29,Basic,8,44.23,353.84,23,0,0.617,3,7.71,1,80,0,1,0
104346,27,Male,North,43100.0,39,Basic,7,12.86,90.02,13,1,0.45,7,5.72,3,0,0,1,0
104347,18,Male,North,57200.0,27,Basic,6,45.51,273.06,53,0,0.157,3,11.66,0,77,2,0,0
104348,44,Male,West,63100.0,23,Premium,13,97.57,1268.41,8,0,0.561,8,15.06,0,543,0,1,0
104349,46,Male,Central,65200.0,13,Standard,4,17.6,70.4,15,0,0.154,1,3.46,1,0,1,0,1
104350,36,Male,West,55100.0,35,Basic,4,83.29,333.16,2,0,0.469,8,24.22,1,469,1,1,0
104351,24,Female,West,24000.0,9,Basic,5,17.69,88.45,34,0,0.715,4,8.75,1,0,0,1,0
104352,40,Male,West,31300.0,44,Standard,11,69.37,763.07,13,0,0.513,8,14.61,2,889,0,0,0
104353,20,Female,North,15800.0,42,Basic,4,35.41,141.64,22,1,0.255,7,8.17,0,216,2,1,1
104354,26,Male,West,45200.0,34,Standard,6,61.88,371.28,12,0,,8,16.63,2,536,1,0,0
104355,29,Female,West,58400.0,60,Basic,3,67.05,201.15,30,0,0.708,5,8.07,3,207,0,1,1
104356,50,Female,South,68700.0,21,Standard,8,17.71,141.68,39,0,0.486,9,10.69,0,205,1,1,0
104357,34,Male,South,40900.0,21,Basic,8,23.74,189.92,38,1,0.34,8,6.5,3,285,0,1,1
104358,33,Female,West,65700.0,20,Basic,6,82.08,492.48,15,0,0.499,3,18.17,1,313,0,0,1
104359,64,Female,Central,65500.0,30,Basic,7,54.66,382.62,9,0,0.703,8,4.91,0,214,0,0,0
104360,44,Female,Central,36600.0,24,Standard,4,75.49,301.96,87,0,0.233,2,8.2,1,232,2,1,1
104361,43,Male,East,55300.0,19,Standard,5,71.65,358.25,3,0,0.405,11,4.98,1,362,0,0,0
104362,34,Female,West,61300.0,20,Premium,6,86.76,520.56,162,0,0.548,8,3.11,0,506,0,0,1
104363,31,Female,East,28500.0,33,Standard,11,38.56,424.16,52,1,0.296,4,3.24,2,274,1,0,1
104364,18,Non-binary,Central,15000.0,56,Standard,5,56.5,282.5,18,0,0.131,9,5.74,1,0,1,1,0
104365,52,Male,East,60800.0,17,Basic,4,30.42,121.68,67,1,0.07,15,12.72,0,243,1,1,1
104366,45,Female,Central,64500.0,3,Basic,6,69.66,417.96,30,0,0.49,12,7.9,3,358,0,1,1
104367,37,Male,Central,15000.0,41,Standard,2,35.27,70.54,48,0,0.417,12,11.08,0,250,1,1,0
104368,37,Female,South,59700.0,12,Basic,5,13.95,69.75,17,0,0.159,9,5.47,3,0,0,1,1
104369,49,Male,Central,38300.0,56,Standard,13,68.7,893.1,15,1,0.319,1,3.85,1,654,0,1,0
104370,19,Female,West,39100.0,45,Basic,13,20.83,270.79,76,0,0.225,5,7.24,2,156,0,0,1
104371,31,Female,South,15000.0,48,Basic,4,8.65,34.6,12,0,0.401,5,2.24,1,2,0,1,0
104372,24,Female,North,15000.0,28,Standard,10,47.38,473.8,34,0,0.079,5,4.3,0,31,2,1,0
104373,62,Male,West,78500.0,54,Premium,9,133.99,1205.91,37,1,0.505,6,2.14,1,825,1,1,0
104374,50,Female,South,75400.0,35,Standard,12,17.11,205.32,2,1,0.21,2,5.2,1,199,0,1,0
104375,18,Male,South,27900.0,33,Standard,5,73.41,367.05,9,0,0.519,8,5.27,0,277,1,0,0
104376,19,Male,East,62500.0,29,Standard,5,37.08,185.4,63,0,0.348,4,10.03,1,0,2,0,1
104377,37,Male,North,31700.0,38,Standard,6,31.0,186.0,27,0,0.15,5,16.3,0,422,0,1,0
104378,33,Male,South,,7,Standard,7,121.31,849.17,135,1,0.576,3,4.93,1,104,0,1,1
104379,22,Female,West,27600.0,19,Standard,11,35.7,392.7,22,1,0.766,11,5.41,1,207,1,0,1
104380,64,Female,North,66800.0,19,Premium,13,41.23,535.99,42,0,0.551,7,8.12,2,315,0,0,0
104381,43,Female,East,55700.0,25,Standard,4,105.91,423.64,3,0,0.106,9,5.27,1,172,0,1,0
104382,45,Male,North,43300.0,12,Basic,4,5.0,20.0,120,1,0.081,1,2.06,1,0,2,0,1
104383,30,Female,Central,47300.0,16,Basic,4,32.53,130.12,34,0,0.338,3,11.92,0,0,0,0,1
104384,48,Male,South,64100.0,9,Standard,12,53.12,637.44,113,1,0.748,9,4.32,0,602,1,0,1
104385,34,Male,West,65800.0,16,Standard,6,9.47,56.82,12,0,0.206,13,19.46,1,163,1,1,0
104386,35,Male,West,37300.0,14,Basic,5,31.57,157.85,13,2,0.568,9,25.99,0,0,0,1,0
104387,47,Male,Central,60300.0,16,Standard,8,29.99,239.92,108,0,0.668,1,4.67,1,360,0,1,1
104388,18,Female,East,36500.0,46,Standard,6,20.77,124.62,40,0,0.49,7,8.16,2,45,0,1,0
104389,60,Female,East,67800.0,25,Basic,5,29.73,148.65,1,0,0.46,5,6.04,0,52,0,1,0
104390,41,Male,North,46900.0,22,Basic,7,19.97,139.79,79,0,0.327,9,7.23,2,75,1,0,1
104391,56,Female,East,35200.0,60,Standard,4,117.54,470.16,45,1,0.262,6,8.23,2,206,1,1,1
104392,25,Male,East,35800.0,34,Basic,2,28.58,57.16,78,0,0.633,1,12.57,2,102,0,0,1
104393,27,Male,East,44900.0,36,Premium,15,105.71,1585.65,29,0,0.512,9,6.64,1,768,0,0,0
104394,24,Female,North,32900.0,29,Standard,5,34.6,173.0,69,0,0.407,25,14.53,1,373,0,0,0
104395,42,Female,East,39800.0,47,Basic,6,37.91,227.46,36,0,0.219,6,12.13,0,110,2,0,1
104396,40,Female,South,25400.0,52,Premium,12,110.11,1321.32,21,0,0.279,6,2.78,0,441,1,1,0
104397,33,Female,East,48600.0,33,Standard,6,13.58,81.48,77,0,0.579,15,11.66,2,0,1,0,1
104398,26,Male,West,36100.0,46,Premium,8,110.32,882.56,15,1,0.166,6,2.64,2,416,1,1,0
104399,23,Non-binary,South,52200.0,38,Premium,13,240.98,3132.74,11,2,0.126,14,2.85,2,1711,1,1,0
104400,38,Female,East,26700.0,34,Standard,5,23.32,116.6,23,1,0.439,7,4.51,2,537,2,1,0
104401,33,Male,South,35700.0,21,Basic,9,27.19,244.71,5,0,0.218,9,2.1,1,92,0,0,0
104402,30,Female,West,20900.0,15,Premium,12,234.54,2814.48,14,1,0.439,1,10.29,3,1568,1,0,0
104403,59,Non-binary,West,,8,Basic,4,5.52,22.08,71,3,0.367,7,3.94,1,0,0,0,1
104404,38,Male,South,64300.0,71,Standard,9,46.05,414.45,115,1,0.609,6,14.85,1,237,0,1,1
104405,56,Female,South,91000.0,47,Standard,12,9.65,115.8,64,0,0.415,6,18.69,1,68,0,1,1
104406,32,Male,West,48600.0,19,Standard,9,11.91,107.19,39,1,0.461,17,8.66,0,285,2,1,0
104407,42,Male,West,61800.0,6,Standard,8,14.54,116.32,50,0,0.231,7,7.38,0,223,0,1,0
104408,38,Female,North,53100.0,38,Basic,4,25.42,101.68,94,0,0.346,15,5.91,1,216,0,0,1
104409,18,Female,South,36000.0,22,Standard,10,39.47,394.7,19,0,0.292,2,3.56,3,99,0,1,0
104410,58,Male,South,66700.0,48,Standard,12,42.87,514.44,9,1,0.171,7,6.3,0,121,2,0,0
104411,37,Female,West,54700.0,13,Basic,7,23.17,162.19,4,1,0.242,5,20.1,1,118,0,1,1
104412,49,Female,North,87400.0,19,Basic,4,66.04,264.16,4,0,0.296,16,9.33,1,92,0,1,0
104413,29,Female,West,41500.0,23,Standard,9,71.1,639.9,14,1,0.485,7,5.93,0,489,0,0,0
104414,37,Male,West,46400.0,41,Standard,7,28.39,198.73,91,0,0.222,6,3.31,0,302,0,0,1
104415,28,Female,West,40300.0,16,Standard,4,26.12,104.48,53,0,0.324,4,13.49,3,96,1,1,1
104416,55,Male,Central,61100.0,38,Standard,2,7.57,15.14,43,0,0.178,9,14.02,0,141,2,0,1
104417,43,Female,East,55200.0,8,Premium,9,117.05,1053.45,8,0,0.549,5,4.62,0,846,1,1,0
104418,44,Female,West,50100.0,26,Standard,13,30.08,391.04,20,2,0.624,7,9.42,3,311,1,1,0
104419,57,Male,West,81100.0,65,Basic,8,42.38,339.04,82,1,0.403,11,3.98,2,343,1,1,0
104420,54,Female,West,76800.0,82,Standard,9,8.37,75.33,40,0,0.514,1,9.43,1,0,1,0,0
104421,49,Male,East,87800.0,54,Basic,6,31.42,188.52,7,2,0.35,7,5.0,1,154,0,0,0
104422,21,Female,North,30500.0,6,Basic,3,29.65,88.95,44,0,0.215,2,,2,0,0,1,1
104423,30,Male,Central,43400.0,24,Standard,4,52.07,208.28,83,0,0.15,8,7.56,1,280,0,1,1
104424,26,Female,North,39100.0,26,Standard,14,14.19,198.66,114,0,0.867,1,5.86,0,112,1,1,1
104425,48,Male,Central,59300.0,49,Premium,10,46.26,462.6,31,0,0.46,9,10.0,2,567,1,0,0
104426,41,Female,South,65700.0,29,Standard,12,47.73,572.76,27,0,0.117,11,1.66,1,334,0,1,0
104427,21,Male,East,15000.0,12,Standard,8,95.55,764.4,35,0,0.742,6,9.15,0,75,2,1,0
104428,37,Female,Central,52500.0,54,Basic,3,26.39,79.17,36,0,0.116,11,3.81,0,356,0,1,0
104429,20,Female,West,57800.0,76,Premium,11,28.25,310.75,47,0,0.445,10,10.06,2,102,0,1,0
104430,38,Male,East,66100.0,44,Basic,3,35.17,105.51,2,0,0.37,14,7.31,2,0,0,1,1
104431,18,Female,South,45500.0,16,Basic,6,23.76,142.56,148,2,0.42,12,6.41,1,320,1,1,1
104432,46,Female,South,66400.0,87,Standard,8,88.6,708.8,129,0,0.417,10,16.91,0,506,0,1,1
104433,44,Male,North,44400.0,47,Premium,6,43.41,260.46,55,0,0.234,1,19.14,2,39,0,1,0
104434,64,Male,East,61200.0,42,Basic,6,73.85,443.1,24,0,0.768,5,3.84,0,206,0,1,0
104435,50,Male,South,48000.0,74,Standard,8,55.39,443.12,211,0,0.334,16,12.49,2,473,0,0,1
104436,34,Non-binary,South,27300.0,48,Standard,8,22.24,177.92,78,0,0.112,2,14.45,1,0,0,1,1
104437,50,Female,South,,24,Basic,4,14.19,56.76,0,1,0.476,14,10.58,0,500,1,0,0
104438,21,Female,Central,51400.0,68,Basic,8,67.42,539.36,5,0,0.284,8,5.09,3,109,0,0,0
104439,26,Male,West,41700.0,13,Basic,4,26.39,105.56,80,0,0.199,9,4.19,2,0,1,0,1
104440,43,Female,South,63000.0,15,Basic,6,86.61,519.66,71,0,0.279,5,3.2,1,104,0,0,1
104441,18,Female,Central,32100.0,18,Basic,6,22.14,132.84,46,2,0.13,6,6.87,1,0,1,1,1
104442,39,Female,East,55900.0,30,Basic,4,41.45,165.8,4,1,0.04,31,18.14,1,459,2,1,0
104443,26,Female,South,15000.0,33,Standard,12,47.22,566.64,22,2,0.518,12,7.45,1,448,0,0,0
104444,40,Female,South,53300.0,23,Basic,2,38.28,76.56,10,0,0.137,12,6.91,0,102,1,0,0
104445,25,Female,Central,28700.0,24,Basic,7,21.54,150.78,22,1,0.233,6,2.33,3,205,0,0,0
104446,45,Male,South,53100.0,34,Standard,7,87.17,610.19,31,1,0.745,8,4.49,0,716,3,1,0
104447,39,Male,South,51100.0,13,Basic,7,74.58,522.06,87,0,0.684,9,21.54,1,234,0,0,1
104448,57,Male,Central,55000.0,40,Basic,4,47.07,188.28,1,0,0.397,3,2.23,2,0,0,0,1
104449,39,Female,West,32900.0,3,Standard,7,107.84,754.88,19,0,0.632,14,4.66,3,675,2,1,0
104450,29,Female,West,28000.0,27,Standard,6,33.33,199.98,24,0,0.417,12,3.77,3,115,0,1,0
104451,36,Male,West,24800.0,18,Standard,6,5.67,34.02,21,1,0.659,6,10.68,2,0,0,1,0
104452,22,Female,West,15600.0,85,Basic,7,7.71,53.97,10,1,0.65,7,1.2,1,0,0,0,0
104453,44,Female,North,38400.0,22,Premium,14,47.26,661.64,26,0,0.387,2,15.62,4,311,0,0,1
104454,47,Male,West,35500.0,30,Premium,9,60.23,542.07,3,0,0.406,7,5.32,2,149,1,0,0
104455,71,Male,South,85800.0,23,Basic,7,44.85,313.95,3,0,0.67,7,7.86,2,76,0,1,0
104456,31,Female,North,27700.0,11,Standard,5,61.94,309.7,29,0,0.44,4,3.87,0,339,0,1,0
104457,36,Male,Central,,11,Standard,7,87.32,611.24,12,1,0.186,4,4.2,0,207,0,1,0
104458,32,Male,North,35700.0,9,Basic,7,42.33,296.31,14,1,0.723,1,16.77,0,364,1,0,1
104459,42,Male,North,35200.0,27,Basic,5,14.47,72.35,19,0,0.492,6,6.15,2,143,1,0,0
104460,44,Female,South,73100.0,21,Basic,8,14.26,114.08,3,1,0.284,17,3.97,1,84,2,1,0
104461,38,Male,West,48900.0,6,Basic,9,20.16,181.44,24,0,0.468,13,7.84,1,90,0,1,0
104462,53,Male,Central,40700.0,78,Basic,3,43.5,130.5,11,0,0.471,14,8.98,3,0,0,1,0
104463,31,Female,North,48300.0,42,Basic,6,72.31,433.86,29,0,0.184,7,3.68,0,235,0,1,0
104464,52,Male,South,61500.0,30,Basic,6,26.85,161.1,11,0,0.353,1,7.06,2,61,0,0,1
104465,46,Male,West,51300.0,4,Standard,11,34.08,374.88,27,0,0.443,10,19.12,0,433,2,1,0
104466,39,Female,East,70000.0,36,Standard,7,19.19,134.33,2,0,0.142,3,6.61,1,0,2,0,0
104467,35,Female,South,30500.0,29,Standard,6,39.35,236.1,32,1,0.794,5,17.5,1,142,0,1,0
104468,71,Female,South,92800.0,48,Basic,2,107.25,214.5,64,0,0.346,3,17.5,0,83,1,1,1
104469,28,Male,East,31800.0,15,Standard,4,140.71,562.84,116,0,0.416,7,9.32,2,225,0,1,1
104470,43,Female,North,51500.0,19,Basic,4,24.43,97.72,32,0,,5,2.79,0,0,0,0,0
104471,29,Male,West,28000.0,32,Basic,7,106.73,747.11,212,0,0.677,6,17.16,1,689,1,1,1
104472,62,Female,South,60200.0,18,Premium,12,198.15,2377.8,83,0,0.311,5,4.85,1,1118,0,0,1
104473,51,Male,West,53200.0,35,Basic,5,44.02,220.1,8,0,0.341,3,4.46,1,408,0,1,0
104474,30,Male,West,15000.0,11,Basic,4,66.1,264.4,17,0,0.32,7,4.8,0,10,0,1,0
104475,46,Male,East,59500.0,25,Basic,6,12.74,76.44,15,0,0.319,5,17.81,1,125,0,0,0
104476,42,Male,West,52400.0,16,Premium,9,83.53,751.77,68,3,0.539,12,4.14,1,789,0,1,0
104477,32,Female,North,20300.0,46,Basic,7,12.75,89.25,10,2,0.253,15,1.57,0,0,1,1,0
104478,49,Female,South,,90,Standard,4,32.8,131.2,25,0,0.353,11,18.91,0,217,0,1,0
104479,44,Male,East,,76,Standard,11,82.67,909.37,122,1,0.26,10,3.75,1,361,1,0,1
104480,42,Female,West,41500.0,5,Premium,7,67.84,474.88,156,0,0.571,2,13.41,0,603,1,1,1
104481,38,Male,West,36000.0,37,Premium,16,55.02,880.32,11,3,0.21,15,7.42,1,619,1,0,0
104482,45,Male,South,69200.0,15,Basic,2,45.4,90.8,1,0,0.084,9,1.32,0,0,0,1,0
104483,42,Male,West,56400.0,11,Basic,2,37.25,74.5,1,0,0.321,8,3.48,1,17,1,0,1
104484,40,Female,South,47000.0,37,Premium,9,162.76,1464.84,56,1,0.343,2,4.5,2,623,0,1,0
104485,31,Male,North,51800.0,11,Basic,6,48.72,292.32,63,1,0.404,7,1.92,0,200,1,0,1
104486,61,Female,South,72700.0,56,Premium,12,27.79,333.48,6,2,0.219,8,10.81,1,186,0,0,0
104487,25,Male,Central,,37,Basic,3,18.17,54.51,89,0,0.513,5,11.42,1,18,0,0,1
104488,45,Male,East,53400.0,49,Basic,5,19.56,97.8,37,0,0.673,3,0.5,2,0,0,1,0
104489,35,Male,East,50100.0,32,Basic,5,22.95,114.75,44,0,0.423,9,18.28,1,172,1,1,0
104490,62,Male,West,85200.0,10,Premium,6,34.38,206.28,65,0,0.225,9,5.73,0,130,0,1,1
104491,27,Female,North,15000.0,21,Basic,5,40.63,203.15,6,0,0.472,6,5.94,2,13,0,1,0
104492,29,Male,North,54300.0,63,Standard,5,29.89,149.45,58,0,0.379,24,6.39,0,223,1,1,0
104493,26,Male,North,28500.0,24,Standard,6,41.28,247.68,3,1,,6,10.3,1,0,0,1,0
104494,43,Female,North,,23,Basic,4,21.92,87.68,44,0,0.568,3,17.49,3,0,0,0,1
104495,21,Male,South,54100.0,67,Basic,4,53.14,212.56,116,0,0.283,4,8.98,1,0,0,1,1
104496,33,Male,South,38000.0,31,Basic,4,17.94,71.76,96,0,0.509,3,12.19,0,31,0,0,1
104497,18,Non-binary,West,21600.0,58,Basic,6,108.99,653.94,42,1,0.813,8,17.25,1,603,1,1,0
104498,42,Male,West,50000.0,25,Premium,9,152.62,1373.58,46,2,0.368,3,1.52,2,963,1,0,1
104499,32,Female,Central,21000.0,13,Basic,3,18.67,56.01,13,1,0.742,6,8.16,4,34,0,1,1
104500,20,Male,North,60700.0,3,Basic,6,71.31,427.86,12,0,0.123,3,11.16,3,216,0,1,1
104501,53,Female,East,60700.0,24,Basic,6,25.9,155.4,8,1,0.3,6,1.17,1,0,0,1,0
104502,22,Male,North,54800.0,29,Standard,6,68.23,409.38,66,0,0.685,8,12.11,0,115,1,1,1
104503,49,Female,South,52800.0,55,Standard,7,42.76,299.32,7,1,0.271,10,9.92,0,144,0,0,0
104504,30,Male,East,39900.0,1,Basic,4,41.6,166.4,62,1,0.659,14,3.31,0,166,1,0,1
104505,60,Female,South,81100.0,39,Basic,3,86.65,259.95,22,0,0.279,8,18.05,1,108,2,1,1
104506,49,Female,West,42000.0,27,Standard,5,110.02,550.1,0,0,0.208,4,9.71,2,83,0,0,0
104507,26,Female,West,34200.0,24,Premium,7,117.39,821.73,68,0,0.48,2,8.1,0,312,0,0,1
104508,27,Male,North,49200.0,88,Standard,6,34.54,207.24,4,1,0.46,9,4.25,1,181,0,1,0
104509,47,Female,Central,52600.0,37,Basic,3,25.04,75.12,74,0,0.224,6,7.36,0,0,1,0,1
104510,36,Female,North,38300.0,69,Premium,16,44.81,716.96,161,2,0.643,8,8.1,1,342,0,1,1
104511,37,Female,Central,61700.0,15,Basic,3,7.24,21.72,20,1,0.423,16,2.73,0,207,0,0,0
104512,56,Female,East,83700.0,20,Standard,8,66.54,532.32,7,0,0.422,7,5.45,0,140,1,1,0
104513,29,Male,North,60300.0,55,Basic,6,48.23,289.38,135,1,0.317,5,13.88,2,0,1,1,0
104514,40,Female,South,39500.0,13,Premium,6,59.59,357.54,123,0,0.731,3,8.97,2,0,0,1,1
104515,51,Female,South,51200.0,14,Basic,5,39.51,197.55,32,0,0.189,12,26.45,1,63,0,1,0
104516,50,Female,West,51800.0,12,Standard,5,45.34,226.7,14,1,0.173,9,5.5,0,0,0,1,0
104517,37,Female,South,56100.0,18,Basic,7,10.67,74.69,158,0,0.572,6,3.65,2,164,1,0,1
104518,35,Female,West,27400.0,32,Basic,6,22.62,135.72,35,1,0.625,2,1.61,3,285,1,1,1
104519,18,Female,South,15000.0,39,Basic,4,19.47,77.88,0,0,0.469,3,6.12,0,119,0,0,0
104520,25,Female,Central,24600.0,30,Premium,8,34.72,277.76,24,0,0.391,5,11.63,1,248,0,1,0
104521,43,Female,South,38600.0,21,Basic,8,25.91,207.28,77,0,0.756,11,9.96,1,252,0,1,1
104522,37,Female,West,58400.0,28,Basic,1,38.75,38.75,59,0,0.841,6,17.39,0,29,0,1,1
104523,40,Male,West,60300.0,69,Basic,4,6.83,27.32,112,1,0.835,9,4.57,0,57,0,1,1
104524,53,Female,North,54500.0,27,Basic,0,24.21,0.0,27,0,0.535,9,2.8,0,156,1,0,0
104525,24,Male,North,31000.0,20,Basic,9,26.15,235.35,8,0,0.588,7,8.01,1,0,0,0,1
104526,36,Male,East,15000.0,3,Basic,2,53.97,107.94,4,0,0.601,14,10.72,0,269,0,1,0
104527,41,Male,West,43400.0,26,Standard,8,27.09,216.72,140,0,0.376,5,12.81,0,69,0,1,1
104528,30,Female,West,56800.0,54,Basic,9,20.18,181.62,63,0,0.41,5,9.94,0,235,0,1,0
104529,58,Male,South,58800.0,6,Standard,7,67.92,475.44,65,2,0.331,2,14.95,2,0,0,0,1
104530,51,Male,Central,44100.0,9,Standard,8,63.81,510.48,41,1,0.457,4,2.99,3,194,0,1,1
104531,43,Non-binary,Central,71000.0,18,Standard,9,15.45,139.05,72,1,0.509,12,15.73,4,103,1,1,1
104532,62,Male,West,54200.0,16,Basic,5,34.74,173.7,16,0,0.404,5,8.04,2,0,0,1,0
104533,20,Female,North,51500.0,29,Standard,8,127.96,1023.68,5,0,0.606,12,13.72,0,853,0,1,0
104534,39,Male,North,88400.0,82,Premium,8,91.97,735.76,32,1,0.389,2,2.02,1,313,0,0,0
104535,44,Male,Central,51200.0,11,Standard,7,48.65,340.55,15,3,0.114,12,9.98,0,356,1,1,1
104536,27,Female,West,54000.0,16,Standard,9,50.18,451.62,52,1,0.517,6,9.72,0,380,0,1,0
104537,43,Female,East,28400.0,24,Basic,5,76.15,380.75,23,0,0.738,8,6.51,1,269,2,1,0
104538,25,Male,Central,15000.0,15,Basic,6,36.69,220.14,170,0,0.439,9,21.76,1,316,0,1,1
104539,48,Female,North,45300.0,29,Basic,4,58.37,233.48,8,1,0.869,17,7.42,1,241,0,0,0
104540,53,Male,West,72800.0,38,Basic,5,73.54,367.7,2,1,0.273,12,16.65,1,367,0,1,0
104541,43,Female,West,51800.0,16,Basic,8,16.32,130.56,91,1,0.532,11,0.59,1,160,0,1,1
104542,18,Male,West,25400.0,48,Basic,10,11.59,115.9,17,1,0.408,13,21.47,3,280,1,1,0
104543,26,Female,West,17500.0,21,Standard,12,90.75,1089.0,62,2,0.712,3,3.92,1,253,1,0,1
104544,46,Male,East,52800.0,15,Premium,10,141.05,1410.5,8,0,0.51,2,5.18,0,797,1,1,0
104545,39,Male,North,38900.0,7,Basic,3,11.02,33.06,28,0,0.446,5,3.77,2,172,1,0,1
104546,18,Male,Central,15100.0,41,Basic,3,38.44,115.32,55,0,0.226,7,10.58,0,130,0,0,1
104547,55,Female,West,49000.0,33,Basic,5,15.0,75.0,33,0,0.349,8,7.64,2,354,4,0,1
104548,41,Female,South,52500.0,11,Standard,10,77.33,773.3,3,0,0.4,8,3.01,3,186,1,0,0
104549,28,Female,Central,27400.0,14,Standard,7,18.98,132.86,28,1,0.749,6,10.74,0,112,2,0,0
104550,52,Female,South,60200.0,31,Standard,6,16.11,96.66,8,1,0.736,15,5.37,2,112,5,1,0
104551,30,Non-binary,South,15000.0,39,Premium,18,17.98,323.64,16,0,,1,5.68,1,192,1,1,0
104552,30,Female,Central,46400.0,34,Premium,13,69.17,899.21,92,1,0.458,13,12.93,3,557,0,1,1
104553,44,Female,West,56100.0,41,Standard,5,23.99,119.95,66,0,0.448,16,6.37,1,162,0,0,1
104554,62,Male,Central,66600.0,98,Basic,5,31.77,158.85,23,0,0.721,3,3.46,0,6,0,1,0
104555,60,Female,Central,70200.0,49,Basic,1,50.26,50.26,4,0,0.305,12,,0,372,1,0,0
104556,44,Female,East,65800.0,42,Basic,9,48.38,435.42,15,0,0.428,7,4.54,0,224,1,1,0
104557,45,Male,South,33400.0,18,Standard,6,55.48,332.88,93,1,0.266,2,4.55,1,143,0,0,1
104558,49,Female,West,58400.0,10,Premium,11,132.15,1453.65,27,0,0.463,16,2.82,1,742,1,1,0
104559,23,Male,East,15000.0,63,Standard,6,70.37,422.22,2,0,0.11,9,2.9,1,639,1,1,0
104560,47,Male,East,56800.0,18,Premium,8,57.37,458.96,136,1,0.581,4,6.57,0,82,2,0,1
104561,29,Female,East,,36,Basic,2,28.69,57.38,20,0,0.639,4,10.64,0,181,2,0,0
104562,43,Male,North,51400.0,7,Standard,9,33.27,299.43,46,0,0.326,2,13.6,0,108,0,0,1
104563,36,Male,North,57000.0,5,Basic,5,17.51,87.55,3,0,0.466,1,3.01,0,0,1,1,0
104564,46,Female,East,66100.0,49,Standard,12,218.28,2619.36,15,0,0.187,8,1.99,1,1483,1,0,0
104565,41,Male,West,65100.0,15,Basic,4,64.36,257.44,54,1,0.291,6,5.28,2,309,2,1,1
104566,18,Female,South,22500.0,36,Standard,6,114.04,684.24,3,0,0.404,17,9.86,3,716,0,1,1
104567,41,Male,North,59700.0,15,Premium,12,69.86,838.32,70,3,0.336,9,6.07,2,332,0,1,0
104568,47,Male,South,62600.0,39,Basic,2,46.78,93.56,17,0,0.585,6,5.16,2,0,2,1,0
104569,45,Female,West,48500.0,25,Premium,12,145.35,1744.2,152,1,0.485,6,7.04,0,1053,0,1,1
104570,38,Female,North,48600.0,22,Basic,3,120.27,360.81,30,0,0.676,9,6.57,0,101,0,0,1
104571,60,Female,East,66000.0,34,Standard,6,10.21,61.26,47,1,0.501,6,3.07,0,61,1,1,1
104572,43,Male,West,71300.0,37,Basic,6,49.02,294.12,7,1,0.173,5,1.76,2,56,1,1,0
104573,45,Male,South,65000.0,16,Basic,2,45.33,90.66,75,0,0.242,7,5.94,3,0,0,1,1
104574,53,Female,East,56500.0,36,Standard,6,69.77,418.62,53,0,0.83,0,1.21,1,154,0,0,0
104575,44,Female,Central,47000.0,38,Basic,5,53.12,265.6,33,0,0.639,4,7.34,1,368,0,1,0
104576,27,Male,North,50000.0,48,Standard,6,34.19,205.14,19,0,0.488,12,23.4,0,251,0,1,0
104577,18,Female,North,46800.0,59,Basic,6,32.51,195.06,38,0,0.366,9,3.78,2,153,0,0,0
104578,33,Female,North,46700.0,26,Basic,6,19.96,119.76,40,0,0.312,8,6.94,0,362,0,1,1
104579,49,Female,West,66700.0,15,Basic,8,38.09,304.72,23,0,0.19,8,10.81,2,193,0,0,1
104580,34,Male,Central,61400.0,12,Standard,6,65.36,392.16,1,0,,1,1.51,1,126,0,0,0
104581,49,Female,West,55000.0,17,Basic,8,28.09,224.72,53,0,0.551,19,16.76,0,374,1,0,0
104582,41,Male,Central,51000.0,18,Basic,1,48.0,48.0,233,0,0.6,1,16.02,0,87,1,1,0
104583,56,Male,West,70900.0,20,Basic,11,13.52,148.72,32,0,0.207,19,5.14,1,453,0,0,0
104584,35,Female,South,38100.0,25,Basic,5,14.22,71.1,25,0,0.476,11,1.55,0,259,0,1,0
104585,45,Male,South,77400.0,30,Basic,4,77.56,310.24,53,0,0.334,14,5.46,1,184,1,0,1
104586,46,Female,West,48500.0,31,Standard,4,43.21,172.84,2,0,0.667,4,8.83,2,60,0,0,0
104587,59,Female,West,67800.0,44,Standard,6,30.22,181.32,75,0,0.352,14,7.86,1,90,0,1,1
104588,18,Male,East,54800.0,63,Basic,2,18.33,36.66,62,0,0.233,4,19.86,0,0,0,0,1
104589,33,Female,East,16200.0,31,Basic,11,23.69,260.59,225,0,0.441,1,6.55,0,0,1,1,1
104590,50,Male,South,61400.0,18,Premium,6,135.08,810.48,5,0,0.115,12,7.69,1,726,0,1,0
104591,59,Male,South,57700.0,43,Premium,6,88.25,529.5,72,0,0.081,2,1.7,3,0,0,1,1
104592,42,Female,East,50800.0,41,Premium,7,41.12,287.84,40,0,0.212,13,6.73,0,172,1,1,0
104593,35,Non-binary,West,27300.0,17,Standard,7,75.0,525.0,1,1,0.298,1,6.89,0,0,1,1,0
104594,49,Male,West,52300.0,42,Basic,8,48.8,390.4,42,0,0.284,9,13.92,3,315,0,1,0
104595,50,Female,South,58700.0,2,Basic,7,57.51,402.57,10,0,0.423,14,8.92,2,353,0,1,0
104596,34,Male,Central,46500.0,12,Basic,4,25.57,102.28,127,0,0.689,12,2.15,1,0,0,0,1
104597,43,Male,South,64300.0,10,Basic,6,34.41,206.46,50,0,0.774,3,11.73,2,83,1,1,0
104598,54,Female,South,29700.0,13,Basic,5,70.28,351.4,48,0,0.203,9,9.51,1,470,1,0,1
104599,64,Female,West,69900.0,44,Basic,6,33.79,202.74,55,1,0.853,15,5.77,0,382,0,1,0
104600,49,Female,Central,55000.0,22,Basic,3,33.6,100.8,9,0,0.503,6,5.06,1,286,2,0,0
104601,40,Female,Central,48000.0,47,Premium,16,62.79,1004.64,21,3,0.607,4,4.26,0,471,1,1,0
104602,38,Female,North,47500.0,66,Basic,6,113.94,683.64,53,0,0.736,6,4.03,0,460,2,0,1
104603,46,Male,South,43000.0,64,Basic,4,80.88,323.52,31,1,0.347,11,7.6,3,535,0,1,0
104604,37,Male,West,24400.0,16,Basic,7,22.15,155.05,140,1,0.559,10,13.11,0,256,0,0,1
104605,41,Male,West,52900.0,22,Standard,7,33.75,236.25,96,1,0.188,20,6.33,3,421,1,1,1
104606,25,Female,East,20700.0,26,Basic,8,40.7,325.6,23,1,0.577,9,1.13,0,204,0,0,0
104607,56,Female,North,69700.0,72,Standard,7,73.13,511.91,27,0,0.363,3,7.72,1,469,2,1,0
104608,24,Female,East,20600.0,16,Standard,11,8.23,90.53,118,1,0.187,3,8.36,1,0,0,1,1
104609,33,Female,North,51900.0,52,Premium,13,27.03,351.39,176,1,0.381,5,3.43,2,405,0,1,1
104610,40,Male,South,48100.0,36,Basic,4,51.59,206.36,22,0,0.133,6,7.86,0,60,0,1,0
104611,65,Female,West,72900.0,3,Basic,5,41.36,206.8,30,1,0.444,6,4.06,2,386,0,1,1
104612,34,Male,North,39800.0,21,Standard,6,22.89,137.34,138,0,0.615,2,0.61,1,0,2,0,1
104613,30,Female,West,33700.0,11,Standard,7,43.79,306.53,25,0,0.255,3,1.23,0,331,0,1,1
104614,32,Male,East,38000.0,21,Standard,7,48.36,338.52,41,0,0.556,2,4.06,1,192,1,1,0
104615,61,Male,South,85400.0,3,Standard,4,66.7,266.8,43,0,0.636,11,3.85,1,142,0,0,1
104616,18,Male,South,15000.0,75,Standard,8,40.27,322.16,48,1,0.505,6,,1,249,0,1,0
104617,26,Male,Central,26500.0,19,Basic,8,34.13,273.04,28,0,0.524,12,11.56,1,359,1,1,0
104618,75,Male,East,96900.0,21,Premium,13,160.81,2090.53,75,1,0.552,5,11.23,1,961,1,0,1
104619,47,Male,Central,67000.0,71,Basic,6,35.23,211.38,3,0,0.223,4,9.18,0,41,0,1,0
104620,25,Female,South,53500.0,8,Basic,6,14.23,85.38,126,1,,10,7.03,1,87,0,0,1
104621,38,Female,East,46200.0,37,Basic,10,34.56,345.6,23,1,0.725,4,11.91,2,314,1,1,0
104622,40,Male,Central,30400.0,15,Standard,5,30.63,153.15,84,0,0.384,1,12.73,2,121,1,1,1
104623,50,Female,North,42900.0,5,Standard,6,45.95,275.7,11,0,0.359,9,15.48,1,0,1,0,1
104624,63,Male,South,66600.0,40,Basic,8,23.7,189.6,14,1,0.324,5,15.83,2,240,0,1,0
104625,44,Female,Central,63300.0,60,Premium,15,68.39,1025.85,193,0,0.487,5,16.67,0,319,2,0,1
104626,32,Male,South,37700.0,25,Premium,9,62.76,564.84,36,0,0.16,4,11.63,0,411,0,1,0
104627,49,Female,South,52800.0,44,Standard,4,36.76,147.04,142,0,0.616,3,6.44,3,233,0,1,1
104628,30,Male,Central,45000.0,16,Basic,6,31.67,190.02,4,0,0.638,8,9.21,0,0,1,0,0
104629,26,Female,North,36000.0,38,Standard,3,18.49,55.47,7,1,0.161,4,5.58,0,0,0,1,0
104630,18,Female,East,21800.0,27,Standard,7,68.36,478.52,54,0,0.722,9,3.63,2,286,0,1,0
104631,19,Male,West,15000.0,17,Basic,3,13.69,41.07,71,0,,9,10.35,1,180,0,0,1
104632,27,Female,West,49800.0,11,Basic,4,59.45,237.8,7,0,0.3,3,7.6,1,284,0,1,0
104633,24,Female,South,48400.0,59,Standard,6,98.8,592.8,7,0,0.145,12,6.56,2,274,0,1,0
104634,43,Male,North,36900.0,27,Premium,7,49.54,346.78,111,0,0.362,3,3.89,2,55,0,1,1
104635,23,Male,West,27100.0,20,Basic,8,18.72,149.76,1,1,0.803,17,0.97,1,83,0,1,0
104636,18,Female,West,37300.0,22,Basic,4,34.0,136.0,30,0,0.357,4,11.78,1,105,2,0,1
104637,25,Male,South,18700.0,39,Premium,10,221.08,2210.8,220,1,0.579,4,6.11,2,1201,0,0,1
104638,33,Female,South,47400.0,43,Standard,4,39.62,158.48,26,0,0.542,3,3.02,4,171,0,0,0
104639,31,Female,East,35800.0,27,Standard,5,37.94,189.7,157,0,0.337,3,4.37,2,161,0,1,1
104640,59,Male,North,49900.0,36,Basic,3,22.88,68.64,47,0,0.338,2,9.92,1,0,1,1,0
104641,31,Female,West,65200.0,21,Premium,8,38.11,304.88,16,0,0.468,4,7.29,4,498,0,1,0
104642,50,Female,Central,53600.0,23,Standard,6,37.07,222.42,3,0,0.326,2,4.44,1,53,0,0,0
104643,39,Female,South,55300.0,41,Basic,6,33.89,203.34,5,1,0.332,4,11.89,1,186,0,1,0
104644,38,Male,Central,31300.0,20,Basic,1,20.1,20.1,18,0,0.594,8,3.0,2,0,0,1,1
104645,28,Male,West,59200.0,10,Standard,10,76.31,763.1,2,0,0.442,6,14.78,1,346,0,1,0
104646,38,Female,West,74300.0,39,Basic,4,54.89,219.56,14,2,0.862,11,14.9,2,245,0,1,0
104647,29,Male,Central,17400.0,34,Basic,5,47.61,238.05,43,0,0.087,11,15.13,3,138,0,1,1
104648,41,Male,South,47500.0,48,Standard,4,43.03,172.12,12,0,0.193,4,,0,345,0,0,0
104649,36,Female,Central,63700.0,39,Premium,6,80.34,482.04,177,0,0.107,4,3.19,1,208,0,1,1
104650,27,Non-binary,North,30000.0,34,Basic,4,27.51,110.04,20,0,0.462,4,10.21,2,38,0,0,0
104651,52,Female,East,66000.0,9,Basic,4,64.75,259.0,11,0,0.081,3,5.01,0,0,1,1,0
104652,45,Female,East,30100.0,26,Basic,5,62.92,314.6,41,0,0.433,6,2.3,0,207,0,1,1
104653,33,Female,North,31200.0,18,Standard,6,52.41,314.46,104,1,0.411,4,17.83,2,270,0,1,1
104654,41,Female,West,54100.0,39,Basic,8,19.02,152.16,37,1,0.523,7,5.36,1,116,2,1,1
104655,38,Male,East,38700.0,75,Standard,9,59.27,533.43,11,1,0.368,5,13.67,1,308,0,1,0
104656,28,Male,South,32500.0,43,Premium,16,100.0,1600.0,20,0,0.445,7,6.3,2,668,1,1,0
104657,40,Male,East,27700.0,8,Basic,3,23.15,69.45,44,0,0.2,8,7.72,1,169,1,1,1
104658,31,Female,North,49500.0,32,Standard,9,31.3,281.7,39,1,0.388,3,1.17,2,139,0,0,1
104659,27,Female,North,17800.0,18,Basic,5,20.83,104.15,97,0,0.583,6,3.73,0,0,0,1,1
104660,18,Female,North,49600.0,41,Basic,5,17.43,87.15,190,0,0.411,7,11.0,3,0,0,1,1
104661,34,Female,Central,,46,Standard,15,17.19,257.85,148,0,0.372,10,7.2,1,177,0,1,1
104662,46,Male,West,65800.0,26,Standard,6,38.92,233.52,101,0,,9,5.82,0,123,1,0,1
104663,30,Male,East,49200.0,20,Basic,9,15.15,136.35,49,0,0.469,5,14.46,2,0,2,0,1
104664,72,Male,West,65500.0,34,Standard,5,45.44,227.2,65,0,0.264,7,17.06,0,95,0,0,0
104665,51,Male,East,51300.0,17,Standard,6,69.54,417.24,34,0,0.426,6,20.99,2,245,1,0,0
104666,56,Female,South,57700.0,47,Basic,1,21.93,21.93,11,0,0.494,8,2.57,1,0,1,0,0
104667,49,Female,North,52000.0,39,Premium,4,165.47,661.88,18,0,0.303,10,7.33,0,654,1,1,0
104668,63,Female,East,52600.0,20,Standard,4,114.85,459.4,12,0,,7,7.31,1,336,1,0,0
104669,29,Male,South,45900.0,12,Premium,9,95.52,859.68,26,0,0.058,6,16.55,4,537,0,1,0
104670,18,Female,Central,18400.0,31,Standard,7,73.84,516.88,35,0,0.198,12,8.13,0,115,0,0,0
104671,33,Female,South,40700.0,53,Standard,5,74.37,371.85,44,1,0.324,6,4.42,0,387,0,1,0
104672,46,Male,East,68700.0,45,Basic,3,17.87,53.61,52,0,0.466,6,4.41,0,211,0,1,0
104673,41,Female,South,57900.0,10,Basic,5,58.16,290.8,19,1,0.448,10,4.08,5,0,3,0,1
104674,43,Male,West,43100.0,36,Basic,8,8.24,65.92,10,0,0.195,3,5.59,0,0,1,1,0
104675,56,Female,Central,78700.0,39,Standard,6,44.54,267.24,20,0,0.272,4,8.96,1,293,0,1,1
104676,44,Male,South,62000.0,23,Standard,4,39.73,158.92,99,0,0.309,8,6.56,1,0,1,1,1
104677,49,Female,North,47600.0,27,Standard,10,27.78,277.8,128,0,0.304,5,14.43,2,148,0,0,1
104678,27,Male,West,29400.0,43,Basic,4,26.01,104.04,72,0,0.059,8,15.34,1,101,0,1,0
104679,25,Male,North,48700.0,30,Basic,2,52.65,105.3,98,0,0.342,6,5.73,0,0,2,0,1
104680,60,Female,North,78800.0,4,Basic,5,22.71,113.55,39,0,0.3,6,10.51,0,229,0,1,0
104681,40,Male,West,27900.0,14,Standard,8,53.26,426.08,24,0,0.633,13,9.88,0,59,0,0,0
104682,31,Male,North,26300.0,19,Basic,6,51.56,309.36,61,0,0.322,22,8.52,2,389,1,0,1
104683,31,Male,North,50100.0,14,Basic,4,30.55,122.2,8,0,0.385,4,,0,175,0,0,0
104684,31,Male,South,23900.0,47,Basic,8,27.42,219.36,57,2,0.133,4,7.98,1,0,0,1,1
104685,30,Male,South,50700.0,35,Premium,11,26.76,294.36,82,1,0.58,11,5.51,0,410,0,1,1
104686,22,Female,Central,58900.0,9,Basic,2,31.28,62.56,115,0,0.575,7,10.72,0,80,0,0,1
104687,19,Female,South,34200.0,35,Premium,8,24.65,197.2,7,1,0.173,10,26.24,0,0,1,1,0
104688,36,Female,South,32200.0,49,Basic,8,37.38,299.04,15,0,,3,7.12,0,231,1,1,0
104689,31,Male,West,42800.0,23,Basic,8,48.58,388.64,43,0,0.194,2,2.37,1,44,0,0,1
104690,53,Male,West,75700.0,33,Standard,6,43.72,262.32,29,2,0.284,9,14.64,1,342,0,1,0
104691,43,Male,South,53100.0,29,Basic,3,81.1,243.3,27,1,0.327,7,9.77,1,149,0,0,1
104692,42,Female,East,57600.0,11,Basic,6,36.32,217.92,61,0,0.614,3,2.88,0,195,0,1,1
104693,29,Male,East,27300.0,35,Premium,10,103.38,1033.8,29,1,0.193,6,4.97,0,629,1,0,0
104694,37,Male,South,35900.0,18,Premium,11,65.94,725.34,21,1,0.436,5,3.84,2,496,0,1,0
104695,44,Female,North,65400.0,65,Standard,5,57.82,289.1,67,1,0.68,2,1.48,2,109,3,1,1
104696,48,Male,West,46500.0,10,Basic,5,81.28,406.4,12,0,0.055,9,4.33,1,477,2,1,0
104697,38,Female,South,15000.0,26,Basic,2,61.82,123.64,61,0,0.742,8,20.19,2,178,1,1,1
104698,53,Male,South,57000.0,51,Basic,6,69.02,414.12,3,1,0.487,8,13.06,1,498,1,0,0
104699,39,Female,East,52300.0,20,Premium,8,89.12,712.96,13,0,0.312,5,10.46,3,417,0,1,0
104700,49,Male,North,72300.0,34,Standard,6,27.4,164.4,110,0,0.664,4,23.03,0,88,1,0,1
104701,33,Female,South,65300.0,120,Basic,8,28.9,231.2,18,1,0.411,11,1.36,0,334,1,0,0
104702,18,Female,South,29200.0,48,Standard,7,17.26,120.82,8,0,0.335,8,3.72,2,84,0,0,0
104703,42,Male,Central,60000.0,36,Standard,7,40.92,286.44,48,1,0.464,10,9.14,1,0,1,1,0
104704,48,Male,West,58200.0,44,Basic,5,47.92,239.6,22,0,0.508,13,1.93,0,0,0,1,0
104705,46,Female,South,59600.0,37,Basic,3,29.53,88.59,42,0,0.585,9,10.51,0,258,0,0,1
104706,44,Female,South,50100.0,14,Basic,6,37.12,222.72,22,0,0.196,14,4.13,3,387,0,0,1
104707,34,Male,Central,48600.0,34,Premium,12,186.56,2238.72,2,1,0.148,2,11.46,1,1155,3,1,0
104708,29,Male,West,28200.0,95,Basic,2,52.07,104.14,37,0,0.226,6,2.02,0,49,2,1,0
104709,46,Female,West,82300.0,58,Basic,6,78.84,473.04,6,1,0.156,3,4.99,2,118,0,0,0
104710,45,Female,North,20200.0,22,Premium,9,93.95,845.55,61,0,0.166,3,2.03,1,275,0,0,1
104711,32,Female,North,49300.0,24,Premium,11,76.23,838.53,15,1,0.306,3,7.17,0,512,2,1,0
104712,53,Male,South,65700.0,99,Standard,7,129.29,905.03,78,1,0.331,7,13.51,0,641,0,1,0
104713,28,Male,West,42700.0,26,Premium,8,87.2,697.6,61,0,0.242,4,5.54,1,301,1,0,0
104714,31,Male,Central,23800.0,20,Basic,6,52.71,316.26,12,0,0.16,4,11.71,0,244,2,0,0
104715,60,Female,North,44400.0,14,Standard,6,45.51,273.06,107,0,0.68,6,2.46,1,153,1,1,1
104716,50,Male,West,66900.0,30,Standard,10,37.78,377.8,39,1,0.25,5,14.12,3,234,0,1,1
104717,34,Female,Central,62000.0,19,Standard,10,96.8,968.0,18,1,0.313,10,4.95,2,441,0,1,0
104718,43,Male,Central,54800.0,29,Basic,2,23.52,47.04,5,0,0.613,3,11.81,1,0,0,1,0
104719,41,Female,South,61100.0,35,Basic,1,28.74,28.74,11,0,0.294,7,1.59,1,0,2,1,0
104720,18,Female,South,21600.0,63,Standard,6,13.85,83.1,30,0,0.372,8,4.07,0,129,0,0,0
104721,27,Female,Central,41200.0,23,Basic,5,10.91,54.55,54,0,0.189,17,8.43,2,0,1,1,0
104722,38,Female,South,64200.0,4,Basic,6,37.04,222.24,26,1,0.671,5,5.31,1,0,0,0,1
104723,34,Female,South,38800.0,22,Premium,15,74.47,1117.05,67,2,0.256,0,6.85,2,649,0,1,1
104724,42,Male,North,67400.0,23,Standard,6,55.12,330.72,7,2,0.813,8,3.42,4,89,1,1,1
104725,54,Male,East,39300.0,21,Basic,6,60.7,364.2,60,0,0.546,3,10.55,1,639,0,1,1
104726,35,Male,North,35600.0,26,Basic,4,51.96,207.84,12,1,0.298,14,5.66,0,11,0,1,0
104727,25,Male,East,42300.0,5,Basic,10,39.62,396.2,15,0,0.677,13,9.26,2,356,0,1,0
104728,43,Female,Central,78400.0,11,Standard,5,35.35,176.75,95,1,,7,9.84,1,192,2,1,1
104729,35,Male,East,44300.0,21,Standard,10,30.89,308.9,17,1,0.181,3,14.07,1,396,1,1,0
104730,37,Female,Central,31600.0,48,Basic,3,36.35,109.05,27,0,0.349,7,13.27,1,426,0,1,0
104731,35,Female,Central,70500.0,27,Premium,14,107.14,1499.96,28,1,0.622,19,4.68,0,964,0,0,0
104732,68,Female,West,73700.0,39,Basic,3,20.27,60.81,12,0,0.669,14,12.91,0,161,0,1,0
104733,18,Female,East,37300.0,10,Premium,11,83.46,918.06,32,2,0.464,6,4.04,1,484,0,1,1
104734,34,Male,Central,38500.0,15,Standard,12,17.67,212.04,263,0,0.198,8,4.46,2,90,2,1,1
104735,39,Female,East,49900.0,1,Standard,12,31.04,372.48,10,1,0.464,2,4.49,0,291,0,1,1
104736,29,Female,North,30600.0,5,Standard,10,41.77,417.7,30,0,0.393,7,11.44,1,250,0,1,1
104737,51,Male,Central,91000.0,89,Premium,16,41.82,669.12,28,0,0.387,3,7.48,0,191,0,1,0
104738,50,Female,East,75100.0,9,Basic,7,64.8,453.6,24,0,0.618,7,,2,126,0,1,1
104739,38,Male,Central,71800.0,13,Standard,10,45.58,455.8,48,0,0.394,4,6.98,0,185,0,1,0
104740,35,Female,South,33100.0,15,Basic,7,17.34,121.38,38,0,0.968,4,10.43,1,86,0,1,1
104741,38,Male,South,21400.0,72,Basic,3,7.22,21.66,19,0,0.122,13,7.4,3,181,0,1,0
104742,38,Male,West,42900.0,9,Standard,6,23.06,138.36,20,0,0.555,7,5.93,0,50,0,1,0
104743,38,Female,East,82200.0,24,Standard,2,117.2,234.4,23,0,0.765,5,6.85,0,328,0,0,0
104744,37,Male,South,41500.0,16,Basic,3,22.94,68.82,6,0,0.681,4,3.08,1,80,0,1,1
104745,42,Female,Central,65500.0,19,Premium,13,81.59,1060.67,14,1,0.207,10,6.99,0,650,1,1,0
104746,49,Female,East,43100.0,7,Basic,3,46.79,140.37,14,1,0.143,4,7.97,1,238,0,0,1
104747,23,Male,North,,16,Standard,5,22.15,110.75,2,0,0.503,3,8.82,1,46,1,1,0
104748,25,Male,West,33500.0,41,Standard,6,14.02,84.12,52,1,0.428,12,9.76,2,469,0,0,0
104749,18,Female,North,57500.0,24,Standard,12,21.71,260.52,17,1,0.184,8,4.65,1,309,1,0,0
104750,50,Female,East,73800.0,34,Standard,6,46.28,277.68,9,1,0.609,3,8.38,1,151,0,0,0
104751,42,Female,North,,10,Basic,8,48.02,384.16,81,0,0.166,10,1.58,2,208,1,1,1
104752,46,Male,South,63900.0,44,Basic,8,14.74,117.92,123,1,0.418,7,13.84,2,200,0,1,1
104753,20,Male,Central,15000.0,25,Standard,9,49.77,447.93,94,1,0.33,6,10.41,0,252,0,1,1
104754,62,Female,North,60300.0,19,Basic,5,12.89,64.45,38,0,0.223,2,12.6,1,337,2,1,1
104755,31,Non-binary,West,47500.0,21,Standard,9,42.22,379.98,2,0,0.298,18,13.22,0,198,0,1,0
104756,41,Female,East,69400.0,28,Basic,5,6.7,33.5,78,0,0.506,13,9.28,1,125,1,1,1
104757,50,Male,North,77300.0,27,Standard,9,54.33,488.97,59,0,0.632,4,7.59,1,313,0,1,0
104758,26,Male,Central,40200.0,63,Basic,4,50.15,200.6,60,1,0.495,6,15.74,2,101,0,1,1
104759,32,Male,North,46100.0,29,Standard,4,46.41,185.64,50,0,0.274,12,14.58,0,0,0,0,1
104760,41,Female,East,68700.0,28,Standard,2,82.72,165.44,107,0,0.384,10,4.26,0,162,0,0,1
104761,76,Female,West,61000.0,23,Standard,5,64.19,320.95,153,0,0.329,17,26.57,1,356,1,1,1
104762,43,Female,West,77300.0,32,Standard,8,61.37,490.96,42,2,0.092,5,6.37,1,187,0,1,1
104763,60,Male,South,57600.0,47,Basic,5,61.94,309.7,19,1,0.25,4,2.54,0,55,1,0,0
104764,55,Non-binary,West,66800.0,5,Premium,13,116.88,1519.44,111,4,0.108,11,1.56,2,895,0,0,1
104765,44,Female,Central,45800.0,4,Basic,3,31.51,94.53,6,0,0.503,9,13.19,0,125,0,1,0
104766,26,Female,East,19400.0,23,Basic,4,45.62,182.48,45,0,0.488,3,10.37,0,214,3,1,0
104767,53,Female,West,67700.0,14,Basic,5,20.64,103.2,8,1,0.511,7,5.26,1,0,0,0,0
104768,20,Male,South,,27,Standard,7,38.38,268.66,58,0,0.437,2,12.11,0,84,0,1,0
104769,60,Male,South,66400.0,27,Basic,6,20.32,121.92,17,0,0.754,7,26.6,0,123,0,1,0
104770,42,Female,East,48700.0,22,Basic,7,22.31,156.17,5,0,0.182,5,9.41,0,326,2,1,0
104771,18,Male,North,49400.0,56,Standard,6,58.89,353.34,4,0,0.453,5,9.49,1,336,1,1,0
104772,35,Female,West,74800.0,13,Premium,9,56.52,508.68,36,1,0.35,5,3.4,3,366,0,1,1
104773,48,Male,North,74000.0,15,Basic,6,13.86,83.16,28,0,0.421,6,11.64,0,59,1,0,0
104774,36,Female,North,49000.0,67,Basic,11,45.27,497.97,76,1,0.435,7,2.65,0,164,0,1,1
104775,48,Female,South,,9,Basic,4,90.0,360.0,1,0,0.371,5,4.33,1,400,1,1,0
104776,28,Male,North,46300.0,21,Standard,3,48.95,146.85,66,0,0.312,5,11.54,0,0,0,1,1
104777,22,Male,East,41200.0,20,Basic,8,26.67,213.36,48,0,0.669,2,,2,0,1,1,1
104778,38,Female,East,57800.0,36,Standard,6,81.38,488.28,72,0,0.345,1,5.23,1,0,0,1,1
104779,39,Male,North,32000.0,24,Standard,8,119.96,959.68,13,1,0.545,12,15.45,0,485,0,0,0
104780,34,Male,South,55100.0,8,Basic,9,46.55,418.95,62,1,0.281,4,0.79,1,195,0,1,1
104781,55,Female,North,85000.0,17,Basic,3,174.65,523.95,73,1,0.314,17,6.69,0,458,1,1,1
104782,28,Male,East,23700.0,16,Basic,7,31.2,218.4,27,0,0.125,19,8.22,1,478,0,0,0
104783,43,Male,South,61300.0,41,Standard,9,57.69,519.21,14,0,0.244,4,3.59,1,56,1,1,0
104784,40,Female,West,37500.0,66,Standard,7,63.04,441.28,17,0,0.597,13,10.95,0,304,1,0,0
104785,19,Male,East,27500.0,56,Standard,7,20.22,141.54,20,0,0.522,6,26.44,1,233,2,1,0
104786,22,Male,South,18500.0,24,Basic,5,37.44,187.2,9,0,0.203,2,2.75,2,0,1,0,0
104787,39,Female,North,43000.0,49,Basic,5,34.48,172.4,59,1,0.166,6,5.95,0,168,0,1,0
104788,65,Male,South,67800.0,50,Standard,1,70.57,70.57,47,0,0.309,10,17.47,2,0,0,0,1
104789,47,Female,South,61300.0,76,Standard,4,66.57,266.28,5,0,0.693,10,6.17,2,221,1,0,0
104790,18,Male,South,40500.0,1,Standard,7,30.76,215.32,3,1,0.41,8,1.57,2,258,0,1,1
104791,18,Male,Central,45000.0,19,Basic,5,37.54,187.7,42,0,0.626,8,10.72,1,155,1,1,1
104792,49,Female,North,48300.0,39,Basic,9,40.29,362.61,12,0,0.392,2,23.28,1,123,1,1,0
104793,38,Male,South,52000.0,15,Standard,12,20.03,240.36,5,2,0.117,3,8.57,0,236,0,0,0
104794,54,Female,West,46800.0,8,Basic,6,13.39,80.34,3,0,0.627,5,1.25,2,73,1,0,0
104795,28,Male,Central,36000.0,10,Basic,6,59.2,355.2,33,1,0.751,12,11.41,1,208,0,1,1
104796,44,Male,East,53300.0,33,Standard,6,72.08,432.48,31,1,0.557,22,21.81,0,487,1,1,0
104797,50,Female,East,,16,Standard,7,29.26,204.82,4,0,0.245,16,14.5,2,249,1,0,0
104798,33,Male,North,50100.0,10,Basic,2,29.48,58.96,7,0,0.749,0,15.04,0,0,0,0,1
104799,33,Female,West,40100.0,68,Basic,3,37.55,112.65,45,0,0.627,2,11.99,1,0,1,1,1
104800,39,Male,East,50100.0,32,Standard,10,145.31,1453.1,89,0,0.189,4,18.89,1,940,0,0,1
104801,46,Male,East,71700.0,61,Standard,6,65.02,390.12,130,0,0.672,13,3.86,4,422,0,1,1
104802,39,Male,South,42000.0,19,Standard,4,14.17,56.68,12,0,0.592,12,3.49,1,166,1,0,0
104803,52,Female,South,72200.0,45,Basic,3,30.4,91.2,36,0,0.546,0,11.55,2,0,0,1,1
104804,33,Male,West,62500.0,12,Standard,5,26.28,131.4,8,0,0.259,15,12.18,1,0,0,0,0
104805,22,Male,North,51100.0,16,Basic,5,16.4,82.0,7,0,0.434,2,20.98,1,110,0,0,0
104806,65,Male,East,70000.0,19,Standard,6,60.83,364.98,19,0,0.369,4,5.08,0,75,1,1,0
104807,31,Male,North,26700.0,16,Basic,4,26.0,104.0,29,0,,7,7.94,0,85,1,0,0
104808,32,Male,West,31400.0,10,Standard,5,29.3,146.5,131,0,0.133,10,16.71,0,0,1,0,1
104809,38,Female,North,24800.0,17,Standard,7,66.07,462.49,101,0,0.571,1,19.64,1,290,2,0,1
104810,40,Female,Central,58500.0,7,Standard,6,51.52,309.12,80,0,0.209,6,14.86,1,157,1,1,1
104811,34,Non-binary,East,53700.0,27,Basic,10,87.93,879.3,41,2,0.615,0,2.49,0,245,1,1,0
104812,39,Female,South,49600.0,53,Standard,10,63.04,630.4,3,0,0.116,6,10.77,0,574,0,1,0
104813,38,Male,South,27700.0,14,Premium,7,190.06,1330.42,15,0,0.369,10,12.89,1,743,0,1,0
104814,41,Male,East,44700.0,22,Basic,2,29.61,59.22,46,0,0.751,14,18.85,1,249,0,0,1
104815,18,Male,South,47300.0,50,Basic,6,32.19,193.14,33,1,0.332,1,5.31,1,494,0,0,1
104816,63,Male,South,79300.0,69,Standard,9,10.48,94.32,21,0,0.474,9,24.68,3,109,0,1,0
104817,37,Male,North,57000.0,47,Standard,5,33.83,169.15,197,0,0.625,10,18.71,1,332,0,0,1
104818,47,Male,South,101900.0,27,Basic,3,87.52,262.56,22,0,0.245,5,4.92,1,0,1,1,0
104819,21,Male,West,35400.0,37,Basic,9,28.3,254.7,11,0,0.295,6,0.7,0,143,1,1,0
104820,33,Female,South,15000.0,39,Basic,4,25.02,100.08,31,0,0.201,15,7.2,2,133,0,1,0
104821,30,Female,West,24000.0,37,Basic,5,18.15,90.75,24,0,0.408,5,5.46,2,95,1,1,0
104822,58,Female,Central,70300.0,16,Basic,5,90.84,454.2,5,0,0.764,4,,1,139,0,1,0
104823,31,Male,West,40600.0,43,Basic,4,51.21,204.84,97,0,0.276,13,0.71,1,233,0,1,1
104824,49,Female,North,55000.0,52,Premium,13,130.86,1701.18,107,1,0.685,6,4.8,0,886,1,1,1
104825,31,Male,East,38200.0,3,Premium,10,154.59,1545.9,77,1,0.448,8,5.71,2,829,0,0,1
104826,33,Male,West,31300.0,19,Standard,12,30.01,360.12,24,1,0.621,7,14.01,0,5,2,0,0
104827,36,Female,South,50300.0,34,Standard,16,84.42,1350.72,23,4,,6,2.5,2,482,1,0,1
104828,56,Non-binary,South,83600.0,30,Premium,17,17.32,294.44,15,1,0.132,3,21.06,0,0,0,1,0
104829,18,Female,South,52300.0,35,Standard,4,25.98,103.92,47,1,0.584,12,22.31,3,132,0,1,0
104830,22,Male,South,55700.0,11,Basic,7,7.39,51.73,23,0,0.089,4,8.25,1,0,1,1,0
104831,18,Female,North,15000.0,2,Basic,3,9.42,28.26,87,0,0.579,8,13.69,2,212,1,0,1
104832,25,Female,South,34400.0,28,Standard,6,19.99,119.94,20,0,0.534,16,3.75,2,408,1,1,0
104833,28,Female,East,33100.0,24,Premium,11,50.63,556.93,23,0,0.757,13,3.52,0,389,0,1,0
104834,18,Male,East,36300.0,52,Basic,6,36.34,218.04,32,1,0.529,6,15.11,2,0,0,0,0
104835,29,Female,South,37300.0,35,Basic,3,36.34,109.02,3,0,0.375,6,4.94,2,140,1,0,1
104836,18,Male,Central,24800.0,3,Standard,8,98.07,784.56,71,2,,8,7.32,0,373,0,1,1
104837,26,Male,South,56000.0,35,Basic,2,47.79,95.58,0,0,0.753,3,3.87,2,0,0,0,1
104838,55,Female,North,64500.0,62,Basic,8,112.56,900.48,27,0,0.376,12,22.08,1,596,0,0,0
104839,44,Female,North,54400.0,50,Standard,5,21.56,107.8,63,0,0.603,3,6.81,0,160,1,1,0
104840,41,Female,South,55600.0,35,Standard,3,40.68,122.04,13,1,0.464,8,13.95,0,230,1,1,0
104841,26,Male,East,45100.0,17,Basic,4,33.68,134.72,89,1,0.71,4,6.45,0,0,1,0,1
104842,19,Male,North,38500.0,22,Basic,2,74.04,148.08,32,1,0.124,4,7.31,0,68,0,1,0
104843,24,Female,Central,55400.0,21,Basic,5,34.16,170.8,38,0,0.686,6,2.4,2,98,0,0,1
104844,38,Male,Central,,39,Basic,4,36.42,145.68,46,1,0.325,11,1.08,1,0,0,0,0
104845,50,Female,South,62900.0,37,Standard,7,83.45,584.15,89,0,0.569,1,9.95,0,593,0,0,1
104846,51,Male,West,57900.0,27,Premium,12,44.52,534.24,1,0,0.711,27,3.19,0,591,1,0,0
104847,47,Female,East,51300.0,48,Standard,9,67.71,609.39,23,1,0.284,9,25.51,0,397,0,1,0
104848,29,Female,West,49100.0,14,Standard,3,5.0,15.0,6,0,0.549,6,7.71,1,259,2,0,0
104849,39,Female,South,66100.0,45,Basic,5,7.44,37.2,5,0,0.539,10,2.74,0,0,2,1,0
104850,35,Male,East,35900.0,69,Basic,3,24.32,72.96,6,0,0.677,7,0.55,0,119,0,1,0
104851,36,Male,North,68700.0,57,Standard,7,53.48,374.36,74,0,0.406,20,0.98,2,428,1,1,0
104852,65,Female,North,,45,Basic,6,22.65,135.9,81,0,0.068,1,12.42,1,3,0,1,1
104853,18,Female,Central,36300.0,17,Basic,5,37.63,188.15,218,0,0.601,10,8.04,2,138,1,1,1
104854,36,Male,South,32600.0,32,Basic,7,30.44,213.08,6,0,0.526,14,5.66,1,158,1,1,0
104855,55,Female,South,54200.0,39,Standard,3,95.38,286.14,113,1,0.048,3,9.48,1,381,1,1,1
104856,20,Male,South,30700.0,30,Basic,4,9.29,37.16,5,0,0.659,4,13.17,0,95,0,1,0
104857,31,Female,Central,34800.0,39,Basic,6,49.93,299.58,53,0,0.136,3,2.32,0,5,1,1,0
104858,32,Female,South,15000.0,83,Standard,7,52.63,368.41,10,1,0.125,4,9.66,1,271,0,0,0
104859,36,Male,North,53700.0,56,Standard,10,42.72,427.2,31,1,0.133,7,11.29,2,576,1,1,0
104860,18,Female,East,38900.0,74,Basic,7,57.73,404.11,58,1,0.357,6,13.71,0,106,1,1,0
104861,47,Male,North,53300.0,54,Standard,6,72.92,437.52,75,0,0.292,6,8.49,3,361,0,1,1
104862,48,Female,South,53100.0,22,Standard,6,20.64,123.84,14,0,0.317,7,6.15,1,120,1,1,0
104863,46,Female,West,49400.0,12,Basic,5,24.51,122.55,2,1,0.609,2,12.58,2,0,0,0,0
104864,28,Male,Central,15000.0,22,Standard,6,94.28,565.68,19,0,0.146,5,5.16,2,0,0,1,0
104865,40,Female,West,23500.0,30,Basic,3,23.72,71.16,31,0,0.303,9,13.72,1,98,2,0,1
104866,27,Male,North,47800.0,52,Standard,5,5.0,25.0,16,1,0.214,5,7.39,2,0,2,1,0
104867,35,Male,South,59100.0,46,Basic,3,17.16,51.48,54,0,0.424,16,9.24,2,518,2,1,0
104868,67,Male,West,82900.0,14,Basic,2,40.28,80.56,10,0,0.436,1,12.14,0,112,1,1,0
104869,40,Female,South,,31,Standard,8,34.0,272.0,23,0,0.416,1,16.91,1,340,1,1,0
104870,24,Female,West,44700.0,62,Standard,8,73.76,590.08,0,2,0.649,9,6.87,1,259,0,1,0
104871,41,Female,East,59900.0,14,Basic,6,40.27,241.62,63,1,0.19,4,4.35,1,363,2,1,1
104872,21,Male,Central,19900.0,25,Premium,8,28.51,228.08,21,1,0.249,5,34.2,1,114,3,1,0
104873,23,Female,South,35900.0,21,Basic,13,55.19,717.47,5,0,0.511,3,11.04,0,290,0,1,0
104874,25,Female,Central,30500.0,49,Basic,6,26.89,161.34,54,0,0.62,11,,0,78,2,1,0
104875,33,Male,South,38300.0,76,Basic,5,21.76,108.8,29,1,0.232,5,12.35,1,120,1,0,0
104876,51,Female,West,75300.0,20,Basic,4,82.51,330.04,100,0,0.461,19,1.79,1,412,0,0,1
104877,47,Male,North,77600.0,17,Standard,4,59.16,236.64,37,0,0.36,2,11.42,0,56,0,1,1
104878,46,Female,East,21800.0,9,Basic,4,17.75,71.0,2,0,0.494,2,5.65,0,126,0,1,0
104879,25,Male,South,31100.0,28,Standard,7,61.92,433.44,12,0,0.579,12,9.56,1,395,0,1,0
104880,32,Male,North,37000.0,51,Standard,5,64.41,322.05,66,0,0.57,11,9.81,0,346,1,1,0
104881,43,Female,South,68000.0,6,Basic,6,14.6,87.6,38,1,0.792,8,2.53,0,113,0,1,1
104882,31,Male,North,20000.0,26,Standard,5,45.25,226.25,88,0,0.213,10,4.67,1,465,0,1,1
104883,35,Male,Central,15000.0,35,Basic,5,28.1,140.5,111,0,0.347,9,17.88,0,396,1,0,1
104884,45,Female,West,65100.0,46,Premium,9,61.98,557.82,88,0,0.098,4,1.06,3,360,1,1,1
104885,34,Male,West,56700.0,34,Basic,4,35.92,143.68,13,0,0.467,4,4.46,3,233,1,1,1
104886,42,Male,South,25800.0,11,Premium,16,32.92,526.72,56,1,0.478,12,13.23,3,525,1,1,0
104887,60,Male,South,66200.0,17,Basic,8,63.27,506.16,9,0,0.207,5,9.87,2,375,1,0,1
104888,37,Male,South,67500.0,66,Basic,6,40.17,241.02,60,0,0.573,4,26.5,2,165,0,1,0
104889,54,Female,North,47100.0,42,Standard,9,115.91,1043.19,1,3,0.301,3,5.61,0,644,0,0,0
104890,46,Female,East,56000.0,20,Basic,5,62.43,312.15,67,0,0.483,4,18.73,0,178,1,1,1
104891,20,Female,West,37000.0,25,Basic,2,25.75,51.5,22,0,0.246,11,7.76,0,255,0,0,1
104892,25,Female,North,15000.0,13,Standard,6,80.8,484.8,51,0,0.474,3,1.66,1,205,0,0,1
104893,28,Female,North,29600.0,5,Basic,5,33.18,165.9,20,0,0.351,18,5.0,0,345,3,1,1
104894,28,Female,North,15000.0,27,Standard,4,67.08,268.32,0,0,,9,6.35,3,279,1,1,0
104895,38,Female,East,44700.0,16,Standard,8,38.95,311.6,24,0,0.508,2,7.84,0,205,1,0,0
104896,47,Male,North,44500.0,36,Premium,13,62.81,816.53,117,0,0.255,7,14.39,2,483,0,1,1
104897,55,Female,South,66100.0,87,Basic,6,35.69,214.14,57,0,0.145,10,13.36,0,148,0,0,0
104898,43,Male,North,60600.0,34,Standard,7,49.21,344.47,7,1,0.492,20,7.57,2,405,0,1,0
104899,33,Male,North,61700.0,34,Standard,7,16.8,117.6,29,1,0.425,1,10.74,4,22,0,1,1
104900,18,Male,West,60700.0,50,Standard,9,63.1,567.9,2,0,0.527,15,1.7,1,433,0,0,0
104901,40,Female,Central,51800.0,9,Basic,6,45.9,275.4,30,0,0.859,6,3.73,3,88,0,1,1
104902,39,Male,North,43500.0,39,Basic,9,49.18,442.62,13,0,0.434,10,5.81,2,233,3,1,0
104903,41,Male,South,44600.0,12,Basic,5,28.58,142.9,6,0,0.428,16,5.15,2,165,0,0,1
104904,66,Male,South,60100.0,50,Basic,3,5.04,15.12,0,0,0.797,11,11.5,0,321,0,1,0
104905,55,Female,West,69400.0,34,Standard,5,38.27,191.35,26,0,0.299,3,14.8,1,341,1,0,0
104906,49,Female,East,50500.0,10,Standard,6,46.28,277.68,198,0,0.163,9,1.18,0,486,1,0,1
104907,26,Male,East,42900.0,34,Basic,4,101.56,406.24,12,0,0.293,11,5.4,0,155,1,1,1
104908,32,Female,East,28200.0,8,Premium,16,93.08,1489.28,10,1,0.207,6,7.7,0,850,0,0,0
104909,38,Male,Central,40500.0,10,Standard,4,30.9,123.6,7,0,0.33,8,6.94,1,0,0,0,0
104910,29,Male,North,44500.0,7,Premium,15,91.44,1371.6,234,0,0.393,7,5.16,4,422,0,1,1
104911,46,Male,North,52900.0,52,Basic,4,13.4,53.6,43,1,0.341,18,3.81,0,566,0,0,0
104912,44,Non-binary,South,25800.0,37,Standard,4,5.0,20.0,102,1,0.7,2,3.8,0,108,1,0,1
104913,25,Male,East,34400.0,30,Basic,6,37.58,225.48,54,0,0.571,11,4.76,1,299,1,0,0
104914,55,Male,North,51900.0,14,Premium,14,115.5,1617.0,37,0,0.411,12,3.68,1,742,0,1,0
104915,40,Male,Central,65400.0,39,Basic,2,24.67,49.34,29,0,0.363,4,8.09,0,272,0,1,0
104916,18,Female,West,41600.0,30,Basic,6,25.85,155.1,56,0,0.341,11,3.93,1,626,0,1,0
104917,38,Male,Central,15000.0,18,Standard,7,103.58,725.06,12,2,0.632,10,19.6,1,428,0,0,0
104918,43,Male,Central,63000.0,32,Basic,4,15.73,62.92,120,0,0.335,14,8.2,0,56,2,1,1
104919,52,Non-binary,East,65800.0,37,Premium,9,202.18,1819.62,37,2,0.456,5,4.73,2,778,0,1,0
104920,35,Female,Central,23400.0,11,Basic,3,70.59,211.77,10,0,0.228,8,4.52,1,0,1,0,1
104921,50,Female,West,70700.0,61,Basic,10,45.4,454.0,40,1,0.912,5,16.73,0,215,0,1,0
104922,41,Male,South,31900.0,24,Basic,3,69.49,208.47,38,1,0.639,7,11.68,1,39,0,1,1
104923,22,Female,West,47800.0,38,Basic,8,25.01,200.08,29,0,0.414,2,0.97,1,189,1,0,0
104924,21,Male,Central,21800.0,23,Standard,4,40.8,163.2,36,0,0.25,9,12.47,1,161,0,1,0
104925,54,Male,West,40900.0,34,Premium,6,22.29,133.74,35,0,0.451,17,5.73,1,81,2,1,0
104926,55,Female,West,92800.0,20,Premium,8,92.02,736.16,1,0,0.597,2,10.94,1,331,0,1,0
104927,43,Female,South,30100.0,22,Premium,13,91.28,1186.64,63,0,0.263,7,3.42,0,389,3,0,0
104928,58,Male,West,54700.0,20,Basic,6,64.47,386.82,27,1,0.627,5,4.63,0,169,1,1,0
104929,53,Female,South,52700.0,29,Standard,7,33.95,237.65,10,0,0.329,4,21.37,2,202,1,0,0
104930,48,Male,East,50100.0,43,Basic,3,6.72,20.16,78,0,0.505,11,12.13,0,0,0,1,1
104931,27,Male,West,46300.0,44,Standard,7,39.61,277.27,63,0,0.067,3,2.68,1,174,1,1,0
104932,62,Male,East,70600.0,42,Premium,8,91.04,728.32,75,0,0.374,15,9.05,0,675,0,1,0
104933,46,Female,North,68700.0,32,Basic,4,27.87,111.48,48,0,0.242,5,2.16,1,21,0,1,1
104934,34,Female,West,48400.0,18,Standard,6,6.01,36.06,9,0,0.337,13,2.87,1,67,1,0,0
104935,30,Male,South,16000.0,3,Basic,6,23.16,138.96,4,0,0.31,8,12.48,3,172,0,1,1
104936,42,Female,South,58500.0,43,Premium,9,113.26,1019.34,31,1,0.27,9,3.26,0,762,1,0,0
104937,18,Female,North,31300.0,29,Premium,7,157.21,1100.47,2,0,0.751,9,6.3,0,684,1,1,0
104938,48,Male,East,47800.0,17,Premium,10,41.01,410.1,15,2,0.413,2,17.62,1,350,2,1,0
104939,27,Female,North,65600.0,24,Standard,7,9.58,67.06,60,0,0.669,5,5.14,2,0,0,1,1
104940,44,Female,South,61200.0,46,Premium,10,93.5,935.0,108,1,0.398,11,14.97,0,448,1,0,1
104941,32,Non-binary,Central,54500.0,11,Premium,10,64.88,648.8,45,1,0.134,5,,1,351,0,1,1
104942,36,Female,South,58800.0,63,Basic,3,41.32,123.96,307,0,,10,7.37,2,0,0,1,1
104943,29,Female,Central,32600.0,93,Premium,11,97.81,1075.91,5,0,0.839,4,6.48,1,753,0,1,0
104944,37,Female,East,54900.0,19,Standard,3,7.05,21.15,41,0,0.205,2,12.68,1,104,2,0,1
104945,64,Male,North,76100.0,20,Basic,5,24.35,121.75,35,1,0.051,5,1.05,0,51,0,1,1
104946,57,Male,West,57300.0,23,Standard,8,38.37,306.96,23,0,0.436,3,3.31,0,331,0,1,0
104947,44,Male,South,35600.0,18,Standard,10,81.86,818.6,137,0,,5,4.01,1,303,1,1,1
104948,39,Non-binary,Central,48300.0,77,Standard,6,27.29,163.74,70,0,0.271,16,27.48,2,587,0,0,1
104949,50,Female,South,66600.0,23,Basic,2,99.17,198.34,44,1,0.558,14,9.1,1,134,2,1,0
104950,54,Male,West,62400.0,10,Standard,6,69.58,417.48,36,1,0.135,10,29.8,1,311,2,0,1
104951,28,Female,East,34900.0,31,Standard,6,43.74,262.44,6,1,0.042,12,2.59,2,386,1,1,0
104952,38,Male,West,47400.0,14,Basic,2,74.46,148.92,3,0,0.396,1,3.62,0,15,0,0,1
104953,18,Male,North,24000.0,8,Standard,8,12.67,101.36,227,0,0.216,3,26.18,1,121,0,1,1
104954,54,Female,East,83900.0,15,Standard,4,19.29,77.16,16,0,0.28,5,1.57,0,119,1,0,0
104955,66,Male,North,77400.0,17,Premium,9,19.31,173.79,32,0,0.423,18,,0,393,0,1,0
104956,40,Male,West,42100.0,23,Standard,4,168.15,672.6,67,0,0.387,5,7.61,1,301,1,1,1
104957,18,Female,South,15000.0,6,Premium,8,38.65,309.2,62,0,0.371,9,9.62,0,401,2,0,1
104958,47,Male,South,52800.0,73,Standard,10,24.05,240.5,53,0,0.32,14,7.87,0,283,0,1,0
104959,27,Non-binary,West,28500.0,33,Basic,4,21.06,84.24,17,0,0.253,7,8.43,0,536,0,0,0
104960,30,Female,East,30800.0,40,Basic,6,15.89,95.34,0,1,0.175,10,14.13,0,40,0,1,0
104961,47,Female,West,68700.0,28,Standard,6,19.77,118.62,19,0,0.339,14,5.7,1,166,0,0,0
104962,42,Non-binary,West,51900.0,55,Standard,8,59.96,479.68,154,0,0.608,7,5.19,0,498,1,0,1
104963,33,Female,North,18700.0,20,Basic,11,20.96,230.56,2,1,0.225,13,2.96,2,276,1,1,0
104964,31,Female,West,49000.0,28,Standard,7,25.38,177.66,7,1,0.092,9,2.66,0,150,0,0,0
104965,41,Male,South,27700.0,13,Premium,6,76.07,456.42,25,1,0.226,2,4.37,0,160,1,1,0
104966,34,Male,East,52900.0,24,Standard,7,12.85,89.95,39,0,0.562,16,3.61,0,0,1,1,0
104967,25,Female,North,28000.0,27,Basic,10,19.55,195.5,8,1,0.191,13,4.92,0,72,1,1,0
104968,35,Female,South,45400.0,14,Premium,10,85.84,858.4,2,0,0.536,13,11.99,0,555,0,1,0
104969,43,Male,West,51400.0,33,Basic,5,13.68,68.4,31,0,0.267,13,4.6,2,189,0,0,0
104970,37,Female,Central,44000.0,35,Basic,5,43.8,219.0,98,1,0.421,11,7.04,0,199,0,1,1
104971,21,Male,Central,33800.0,41,Basic,6,86.02,516.12,13,2,0.627,7,1.22,4,441,0,1,0
104972,52,Male,West,61400.0,34,Basic,5,5.38,26.9,35,0,0.218,5,1.84,1,0,1,0,0
104973,18,Female,North,54200.0,25,Standard,7,65.62,459.34,34,0,0.499,4,15.18,0,93,1,1,0
104974,33,Male,South,45400.0,46,Premium,7,112.18,785.26,120,0,0.394,7,5.13,1,363,1,1,1
104975,31,Male,North,43800.0,28,Standard,5,68.73,343.65,160,0,0.487,9,11.24,1,339,0,0,1
104976,41,Male,West,39900.0,4,Basic,5,44.21,221.05,35,0,0.275,9,4.04,1,353,2,1,1
104977,46,Female,North,,9,Standard,4,21.48,85.92,33,0,0.533,6,7.82,0,88,2,0,0
104978,54,Female,Central,47900.0,13,Standard,11,31.23,343.53,69,1,0.644,7,9.97,0,370,1,1,1
104979,30,Male,North,55500.0,15,Standard,5,49.86,249.3,97,0,0.25,7,,1,19,0,1,1
104980,47,Male,North,34800.0,33,Basic,5,9.78,48.9,29,0,0.231,4,12.24,1,61,4,1,1
104981,42,Non-binary,West,39000.0,57,Standard,4,82.03,328.12,14,0,0.562,5,5.28,1,366,2,1,0
104982,18,Female,North,15000.0,37,Standard,6,149.6,897.6,50,0,0.585,12,8.93,1,524,0,1,0
104983,64,Male,North,77600.0,32,Standard,11,118.2,1300.2,90,0,0.566,14,4.25,1,480,0,1,1
104984,20,Female,East,24000.0,6,Standard,3,44.54,133.62,90,0,0.59,6,6.69,2,248,2,0,1
104985,44,Male,Central,62300.0,3,Premium,8,41.96,335.68,4,2,0.128,15,6.32,2,483,1,0,1
104986,44,Male,South,39000.0,62,Premium,10,16.19,161.9,33,1,0.647,12,,0,192,1,1,0
104987,43,Male,South,59200.0,19,Premium,14,104.05,1456.7,124,0,0.497,11,23.01,4,973,0,0,1
104988,33,Female,South,50400.0,33,Standard,8,38.06,304.48,32,1,0.064,10,8.21,2,0,1,1,0
104989,50,Non-binary,East,61400.0,36,Premium,13,85.9,1116.7,13,0,0.465,2,6.33,1,564,0,0,0
104990,19,Female,South,29400.0,90,Standard,8,7.61,60.88,68,0,0.188,7,5.14,0,49,0,1,0
104991,38,Male,East,48900.0,74,Basic,4,24.56,98.24,28,0,0.179,2,6.82,5,0,2,1,0
104992,32,Male,East,28600.0,101,Standard,7,16.79,117.53,89,1,0.6,11,9.44,0,124,0,1,0
104993,30,Male,Central,24300.0,40,Basic,8,34.2,273.6,44,0,0.324,10,6.88,2,318,1,0,0
104994,45,Male,West,61300.0,66,Standard,7,54.34,380.38,64,0,0.255,9,5.24,1,234,1,0,0
104995,53,Male,West,56100.0,11,Premium,13,106.6,1385.8,8,0,0.158,5,6.63,1,827,1,0,0
104996,35,Female,East,50500.0,92,Standard,4,29.55,118.2,14,0,0.449,0,4.05,0,38,0,0,0
104997,49,Female,South,79200.0,45,Basic,3,57.0,171.0,12,0,0.456,15,5.61,2,407,0,0,0
104998,40,Male,South,42500.0,22,Basic,5,32.1,160.5,57,0,0.453,5,11.31,1,0,0,1,1
104999,27,Male,East,28100.0,48,Standard,4,64.24,256.96,5,0,0.639,7,2.15,0,344,0,1,0
105000,36,Male,North,40600.0,57,Standard,10,41.91,419.1,174,2,0.305,3,16.09,0,366,1,1,1
105001,35,Female,North,44700.0,38,Standard,8,29.35,234.8,127,1,0.331,4,14.3,3,328,0,1,1
105002,30,Female,South,48000.0,2,Standard,8,64.79,518.32,13,3,,5,15.66,2,260,0,1,1
105003,45,Male,North,53300.0,59,Basic,3,28.62,85.86,4,0,0.743,11,25.18,0,19,0,1,0
105004,42,Male,South,79900.0,25,Standard,2,93.44,186.88,9,0,0.325,11,13.95,1,381,1,0,0
105005,18,Male,East,33900.0,38,Standard,7,18.77,131.39,32,1,0.155,13,10.55,0,389,1,0,0
105006,18,Female,West,38900.0,12,Basic,5,19.29,96.45,99,1,0.268,3,16.67,3,350,2,1,1
105007,45,Female,South,53100.0,22,Premium,8,55.51,444.08,21,1,0.38,6,3.16,0,519,1,0,1
105008,28,Female,West,51700.0,19,Basic,3,57.19,171.57,58,0,0.691,10,5.73,2,350,2,1,1
105009,43,Female,North,48900.0,11,Basic,6,42.48,254.88,28,0,0.433,15,8.14,1,172,0,1,0
105010,49,Male,Central,48400.0,4,Basic,7,39.4,275.8,66,0,0.481,12,7.52,1,139,1,0,1
105011,22,Female,East,44500.0,22,Basic,8,24.69,197.52,4,0,0.504,3,12.25,1,200,0,0,0
105012,21,Female,East,30000.0,13,Standard,6,74.19,445.14,20,0,0.304,8,22.23,1,397,1,1,0
105013,61,Non-binary,West,72300.0,31,Premium,14,73.83,1033.62,3,0,0.392,13,16.49,0,767,1,1,0
105014,44,Female,East,66400.0,34,Basic,4,17.45,69.8,81,0,0.671,10,7.29,0,234,0,0,1
105015,34,Male,South,45100.0,75,Standard,10,55.2,552.0,26,1,0.146,15,5.63,2,562,0,0,0
105016,27,Female,South,34500.0,18,Premium,5,56.17,280.85,49,1,0.302,4,5.53,0,263,2,1,1
105017,32,Female,Central,33800.0,57,Standard,7,25.6,179.2,9,1,0.308,14,10.2,1,325,1,1,0
105018,24,Female,Central,48600.0,33,Premium,11,29.39,323.29,35,0,0.527,9,7.38,0,188,0,1,0
105019,50,Male,East,53600.0,37,Standard,8,60.12,480.96,133,0,0.201,4,2.54,1,538,0,1,1
105020,29,Female,West,37700.0,30,Premium,18,150.55,2709.9,299,2,0.135,8,8.05,0,1232,2,1,1
105021,53,Male,North,65300.0,52,Standard,8,33.06,264.48,40,0,0.647,2,8.51,2,178,0,1,0
105022,34,Male,East,47200.0,30,Basic,6,48.87,293.22,25,0,0.589,5,4.23,0,49,0,1,0
105023,25,Female,South,48800.0,29,Basic,5,9.74,48.7,12,0,0.355,4,3.44,0,293,0,1,1
105024,33,Male,South,41300.0,13,Standard,9,95.6,860.4,1,1,0.393,10,1.52,2,670,1,0,0
105025,18,Female,Central,47300.0,15,Standard,7,60.24,421.68,65,0,0.475,7,7.68,2,89,0,1,1
105026,37,Female,West,42600.0,33,Basic,4,43.56,174.24,38,0,0.175,0,3.38,1,4,0,1,1
105027,37,Male,Central,51200.0,20,Standard,7,48.61,340.27,13,1,0.73,16,1.8,2,368,0,0,0
105028,50,Female,East,55800.0,8,Basic,4,13.77,55.08,8,0,0.528,5,9.53,2,0,0,1,0
105029,18,Non-binary,South,57300.0,19,Basic,6,72.31,433.86,18,0,0.287,16,15.32,1,294,0,1,0
105030,54,Male,West,57300.0,46,Basic,2,99.02,198.04,9,0,0.438,6,5.67,1,107,1,1,0
105031,50,Female,North,54800.0,31,Premium,7,80.29,562.03,150,0,0.343,6,21.98,0,477,0,1,1
105032,55,Female,Central,64800.0,17,Premium,11,68.1,749.1,94,0,0.626,12,16.79,5,328,0,0,1
105033,38,Male,North,43300.0,26,Standard,8,38.55,308.4,18,1,0.56,7,21.88,1,293,2,0,0
105034,52,Male,West,64700.0,49,Basic,6,30.63,183.78,15,0,0.686,13,9.6,4,155,1,0,1
105035,20,Female,West,47100.0,13,Premium,14,56.6,792.4,72,3,0.103,10,3.52,1,596,2,0,1
105036,48,Male,North,58600.0,12,Basic,6,19.43,116.58,32,2,0.234,12,4.56,6,157,1,1,1
105037,29,Female,North,41000.0,31,Basic,7,29.07,203.49,62,0,0.133,2,4.7,0,167,0,1,0
105038,18,Non-binary,South,24800.0,19,Basic,5,26.66,133.3,16,1,0.34,4,6.65,1,85,2,0,0
105039,24,Female,South,26600.0,30,Basic,5,48.76,243.8,93,0,0.797,9,9.24,2,234,0,0,1
105040,39,Female,Central,49300.0,27,Basic,5,26.36,131.8,22,0,0.355,3,13.94,3,0,0,1,0
105041,28,Male,North,37600.0,30,Basic,7,53.91,377.37,44,0,0.296,10,4.27,1,294,3,1,0
105042,44,Male,South,69100.0,76,Basic,3,35.1,105.3,13,2,0.268,9,9.78,0,229,2,0,0
105043,18,Male,South,15000.0,10,Premium,13,111.89,1454.57,48,0,0.161,9,5.17,0,963,0,1,0
105044,18,Male,North,48400.0,42,Premium,12,50.53,606.36,23,1,0.642,9,14.89,0,401,1,0,0
105045,57,Female,South,63000.0,36,Premium,6,212.16,1272.96,19,0,0.339,7,3.13,1,641,2,1,0
105046,51,Female,Central,61400.0,40,Standard,14,19.48,272.72,11,3,0.897,10,22.61,2,419,0,1,0
105047,25,Male,West,19700.0,5,Standard,7,30.49,213.43,83,0,0.183,2,1.24,2,189,1,1,1
105048,39,Female,Central,55800.0,44,Standard,9,59.49,535.41,33,0,0.299,13,0.66,0,501,0,1,0
105049,52,Male,South,46900.0,23,Premium,5,64.32,321.6,4,0,0.219,20,23.44,0,360,1,0,0
105050,44,Female,South,57900.0,30,Basic,7,26.69,186.83,105,0,0.296,11,18.14,1,112,1,1,1
105051,41,Male,North,53700.0,25,Standard,5,65.37,326.85,100,0,0.771,4,13.73,3,211,1,1,1
105052,53,Male,East,56700.0,14,Basic,5,46.68,233.4,32,0,0.413,6,4.85,2,0,1,1,0
105053,30,Male,North,15000.0,23,Basic,2,12.39,24.78,26,0,0.239,6,5.52,2,197,0,0,1
105054,39,Female,North,78200.0,27,Standard,4,68.71,274.84,55,0,0.181,7,5.43,0,18,0,0,1
105055,39,Non-binary,East,33200.0,38,Premium,15,103.41,1551.15,10,3,0.422,7,9.49,3,708,1,0,0
105056,35,Male,North,48000.0,34,Premium,12,90.93,1091.16,57,2,0.172,1,4.83,2,770,0,1,1
105057,34,Male,East,33000.0,25,Basic,6,47.53,285.18,119,0,0.263,13,9.1,2,435,3,0,1
105058,40,Male,East,63600.0,28,Basic,4,54.57,218.28,22,0,0.156,15,10.22,1,42,0,0,0
105059,39,Female,West,42600.0,28,Premium,14,40.66,569.24,62,1,0.471,6,2.56,1,203,1,0,0
105060,25,Female,South,24100.0,37,Standard,6,43.28,259.68,140,0,0.277,10,8.47,0,0,0,1,1
105061,49,Female,West,65800.0,44,Basic,2,59.23,118.46,84,0,0.221,6,9.8,0,0,0,1,1
105062,26,Male,South,17800.0,47,Standard,3,35.53,106.59,143,0,0.229,6,10.5,0,118,0,0,1
105063,36,Male,North,39300.0,21,Standard,5,61.96,309.8,136,0,0.648,10,2.8,0,242,2,1,1
105064,35,Female,South,53800.0,23,Standard,10,20.75,207.5,112,1,0.475,27,15.39,2,480,0,0,1
105065,44,Non-binary,North,73800.0,20,Premium,9,48.46,436.14,37,1,0.449,3,17.35,2,0,1,0,0
105066,18,Female,East,15000.0,28,Basic,6,71.23,427.38,5,0,0.409,12,5.36,2,269,1,1,1
105067,51,Male,West,50800.0,90,Basic,3,31.35,94.05,19,1,0.63,12,4.5,1,15,0,1,0
105068,30,Female,West,44300.0,21,Basic,6,38.03,228.18,48,0,0.215,4,4.58,0,0,0,1,1
105069,55,Female,South,35200.0,40,Basic,5,40.06,200.3,20,0,0.262,10,4.33,1,312,1,1,0
105070,33,Female,North,61300.0,41,Basic,6,28.89,173.34,14,1,0.204,3,32.51,1,431,2,1,0
105071,38,Male,North,33000.0,35,Basic,6,31.9,191.4,12,1,0.32,8,10.27,0,0,0,1,0
105072,64,Male,Central,65600.0,5,Basic,5,40.34,201.7,33,0,0.596,7,10.71,0,259,0,0,1
105073,35,Female,South,47800.0,26,Basic,7,13.83,96.81,4,0,0.654,4,4.68,0,0,0,0,0
105074,55,Male,South,63900.0,37,Basic,5,20.02,100.1,115,0,0.414,7,22.29,2,208,0,0,1
105075,40,Male,North,35400.0,16,Premium,13,109.09,1418.17,41,1,0.886,9,17.1,2,918,0,1,0
105076,44,Female,West,76800.0,6,Standard,7,71.55,500.85,39,1,0.626,8,6.13,0,212,0,1,1
105077,40,Male,South,15000.0,38,Standard,8,19.86,158.88,40,2,0.737,8,7.0,0,0,0,1,0
105078,50,Female,North,42700.0,45,Basic,3,37.53,112.59,56,0,0.114,6,30.86,4,0,0,0,1
105079,30,Male,East,30500.0,25,Basic,4,27.88,111.52,146,1,0.693,6,12.29,1,0,0,0,1
105080,26,Male,West,22300.0,19,Standard,13,52.92,687.96,94,0,0.513,9,3.04,2,432,0,0,1
105081,31,Female,East,57400.0,63,Basic,10,22.7,227.0,6,0,0.367,4,9.29,1,418,1,1,0
105082,40,Male,Central,25700.0,46,Basic,6,26.32,157.92,10,1,0.428,1,8.89,2,272,2,0,0
105083,36,Female,Central,66900.0,12,Basic,0,34.73,0.0,40,0,0.518,5,3.13,1,85,0,0,1
105084,48,Male,East,52600.0,30,Premium,9,132.28,1190.52,56,0,0.651,2,8.53,1,480,0,0,0
105085,56,Male,Central,45000.0,13,Basic,5,39.29,196.45,31,0,0.429,7,6.11,1,0,0,0,0
105086,26,Female,West,15000.0,21,Basic,10,25.7,257.0,48,1,0.444,14,7.77,0,207,1,0,0
105087,29,Male,South,35400.0,57,Standard,5,33.45,167.25,10,1,0.448,3,2.78,0,113,0,1,0
105088,20,Female,West,20100.0,57,Premium,8,221.53,1772.24,112,2,0.464,30,7.97,1,1078,0,1,1
105089,65,Male,East,76000.0,18,Standard,4,91.73,366.92,1,0,0.23,14,5.2,1,371,0,1,0
105090,43,Male,East,45400.0,39,Basic,6,31.89,191.34,55,0,0.461,6,0.5,0,19,1,1,0
105091,45,Male,East,67000.0,12,Standard,7,45.91,321.37,13,0,0.443,6,8.42,1,0,0,1,0
105092,22,Male,West,29800.0,88,Basic,7,43.55,304.85,73,1,0.478,20,5.04,0,86,0,0,0
105093,39,Male,Central,42000.0,6,Standard,7,43.46,304.22,9,0,0.635,11,18.63,3,152,0,1,0
105094,46,Female,South,68200.0,21,Basic,4,16.97,67.88,10,0,0.24,6,7.87,1,22,2,1,0
105095,36,Female,East,48300.0,39,Basic,7,6.8,47.6,25,1,0.779,8,1.99,1,205,0,1,0
105096,53,Male,East,72100.0,14,Standard,9,14.6,131.4,25,0,0.068,5,21.95,2,21,2,1,0
105097,69,Female,Central,92500.0,12,Basic,4,29.79,119.16,19,1,0.39,13,9.55,0,31,0,0,1
105098,27,Female,South,32400.0,26,Standard,7,55.2,386.4,104,1,0.316,5,21.38,1,300,1,1,1
105099,26,Female,North,36100.0,17,Basic,2,24.72,49.44,10,0,0.27,2,3.43,0,133,0,1,1
105100,28,Non-binary,North,49300.0,5,Standard,7,32.81,229.67,12,1,0.697,6,2.59,0,0,0,1,0
105101,60,Male,North,33600.0,26,Standard,5,9.69,48.45,14,0,0.455,9,9.54,1,0,2,0,0
105102,53,Female,North,59800.0,38,Standard,6,39.34,236.04,145,1,0.476,7,11.51,1,332,3,1,1
105103,37,Female,South,42900.0,23,Standard,9,47.66,428.94,25,0,0.635,4,9.33,0,463,1,1,0
105104,39,Male,North,53200.0,26,Standard,4,48.78,195.12,35,0,0.752,16,7.78,2,419,0,0,1
105105,28,Female,Central,26300.0,35,Basic,8,24.05,192.4,5,1,0.265,5,0.73,1,393,1,0,1
105106,51,Non-binary,South,74700.0,73,Standard,5,69.53,347.65,19,0,0.507,12,5.14,2,162,1,1,0
105107,34,Male,South,32900.0,20,Standard,3,69.7,209.1,48,1,0.368,1,18.11,1,0,0,1,1
105108,36,Male,West,38700.0,33,Basic,7,10.59,74.13,104,0,0.102,11,0.5,0,92,1,0,1
105109,47,Female,South,46200.0,26,Basic,7,37.98,265.86,21,1,0.53,9,6.82,1,221,0,1,0
105110,37,Male,West,63300.0,11,Standard,10,12.55,125.5,3,1,0.296,7,1.04,1,4,0,1,0
105111,36,Non-binary,West,15900.0,43,Standard,8,40.52,324.16,36,1,0.107,5,0.71,1,257,1,1,1
105112,39,Female,South,73000.0,61,Standard,5,70.08,350.4,21,1,0.137,4,7.76,1,315,0,1,1
105113,49,Male,East,78100.0,38,Standard,6,53.01,318.06,12,1,0.099,14,5.82,2,304,0,1,1
105114,60,Female,South,60000.0,4,Standard,5,19.55,97.75,23,0,0.43,15,23.09,0,0,0,1,0
105115,47,Non-binary,South,69900.0,21,Basic,3,31.08,93.24,81,0,0.157,3,8.64,1,0,1,1,1
105116,49,Male,East,59300.0,38,Basic,7,22.02,154.14,33,1,0.386,4,34.66,1,206,1,0,1
105117,36,Female,South,68200.0,51,Premium,5,94.28,471.4,35,0,0.193,16,3.98,0,452,0,1,0
105118,30,Female,East,52700.0,7,Standard,7,100.06,700.42,48,0,0.658,0,4.79,1,204,0,1,1
105119,48,Female,East,87200.0,11,Basic,3,92.38,277.14,4,0,0.235,13,6.05,0,388,0,1,0
105120,41,Female,North,28000.0,34,Standard,8,48.57,388.56,67,1,0.449,16,1.06,0,182,0,1,0
105121,21,Male,North,33500.0,29,Standard,6,17.43,104.58,80,0,0.065,12,7.12,0,174,0,0,1
105122,35,Female,East,20000.0,26,Standard,7,40.38,282.66,9,2,0.418,11,7.76,1,195,2,1,0
105123,38,Male,North,39700.0,70,Premium,15,105.51,1582.65,26,1,0.674,11,6.14,1,892,0,1,0
105124,32,Female,West,72800.0,74,Standard,8,20.91,167.28,2,0,0.138,13,22.86,1,46,0,0,0
105125,58,Male,Central,72600.0,13,Premium,10,64.72,647.2,16,0,0.344,10,5.09,3,593,1,1,0
105126,45,Non-binary,West,67400.0,6,Standard,6,47.35,284.1,13,0,0.546,7,6.05,0,322,2,1,0
105127,57,Male,South,72200.0,25,Standard,9,93.05,837.45,2,0,0.678,10,6.64,1,523,0,1,0
105128,42,Male,South,57100.0,42,Standard,6,19.39,116.34,16,0,0.32,7,7.02,1,159,0,1,0
105129,40,Non-binary,West,41600.0,54,Standard,6,15.26,91.56,31,0,0.435,5,3.31,1,154,0,0,0
105130,27,Male,West,26600.0,20,Basic,2,19.7,39.4,27,0,0.257,3,2.78,0,4,2,0,1
105131,39,Male,Central,40300.0,16,Standard,6,22.9,137.4,13,0,0.202,2,5.57,1,247,2,1,0
105132,39,Female,East,15000.0,35,Basic,9,31.12,280.08,46,1,0.624,4,19.57,0,422,1,0,1
105133,21,Female,South,29700.0,23,Standard,7,93.46,654.22,52,1,0.381,11,14.98,2,388,0,1,1
105134,32,Female,South,44700.0,28,Standard,8,17.49,139.92,2,0,0.378,3,2.56,2,156,0,1,0
105135,35,Male,Central,35500.0,39,Standard,5,22.4,112.0,50,2,0.269,9,6.65,1,124,0,1,1
105136,44,Male,East,50900.0,24,Basic,2,12.34,24.68,24,0,0.725,16,11.85,2,19,0,0,1
105137,45,Male,Central,61000.0,9,Basic,3,42.14,126.42,45,0,0.136,4,20.48,1,152,0,0,1
105138,31,Male,West,52700.0,16,Standard,8,86.83,694.64,9,0,0.385,6,5.74,0,147,1,0,0
105139,45,Female,Central,36900.0,17,Standard,15,46.07,691.05,78,0,0.265,6,4.62,3,326,2,0,1
105140,37,Male,East,34900.0,17,Basic,5,24.49,122.45,41,0,0.606,11,15.37,0,283,0,1,0
105141,18,Female,Central,38500.0,5,Basic,2,16.45,32.9,8,0,0.142,3,3.81,3,117,1,1,1
105142,33,Female,Central,50500.0,81,Basic,4,73.52,294.08,38,0,0.32,6,10.84,0,512,0,1,0
105143,53,Male,West,80100.0,11,Basic,9,71.58,644.22,42,1,0.643,7,13.18,0,544,1,1,1
105144,18,Female,Central,46200.0,44,Basic,1,51.86,51.86,19,0,0.636,1,6.19,2,0,0,1,1
105145,40,Male,East,82700.0,14,Premium,13,64.9,843.7,60,1,0.458,12,21.17,0,690,1,1,1
105146,60,Male,West,63800.0,20,Basic,8,47.39,379.12,13,0,0.206,3,7.88,2,339,1,1,0
105147,29,Male,East,60500.0,27,Standard,7,54.67,382.69,14,0,0.731,11,17.63,0,223,0,1,0
105148,39,Female,West,35100.0,18,Basic,8,14.9,119.2,24,0,0.41,18,0.87,1,543,0,0,0
105149,22,Female,West,65300.0,66,Basic,6,66.12,396.72,43,0,0.711,11,11.14,3,365,0,1,0
105150,60,Female,West,74300.0,120,Standard,9,38.9,350.1,25,0,0.317,3,1.49,2,137,1,1,0
105151,38,Male,South,54600.0,5,Premium,12,83.13,997.56,6,0,0.635,5,3.71,1,371,0,1,0
105152,40,Female,West,62800.0,52,Basic,7,56.44,395.08,61,1,0.584,8,18.89,0,405,0,1,0
105153,57,Female,Central,46100.0,30,Standard,8,20.17,161.36,56,0,0.191,4,8.21,0,208,1,1,1
105154,48,Male,East,41500.0,21,Standard,9,21.08,189.72,12,0,0.609,4,8.75,0,0,1,1,0
105155,28,Male,South,39100.0,46,Standard,9,92.53,832.77,58,0,0.132,6,8.4,0,522,0,1,1
105156,31,Male,Central,45200.0,55,Standard,6,88.57,531.42,98,0,0.366,27,10.95,1,583,0,1,0
105157,45,Female,West,82800.0,25,Premium,9,72.65,653.85,56,0,,3,11.28,1,377,0,1,0
105158,31,Male,East,27100.0,61,Basic,2,26.84,53.68,27,0,0.657,18,21.19,1,145,1,0,0
105159,18,Female,East,49600.0,4,Standard,11,15.91,175.01,75,0,0.358,12,8.95,1,117,1,0,1
105160,38,Female,West,43300.0,42,Premium,19,153.57,2917.83,135,0,0.788,9,18.89,1,1581,2,0,1
105161,20,Female,West,26000.0,28,Basic,3,33.76,101.28,24,0,0.337,8,1.73,3,253,1,1,1
105162,60,Male,South,65600.0,31,Standard,8,29.98,239.84,30,0,0.399,6,2.69,1,189,0,1,0
105163,41,Male,South,45600.0,51,Standard,6,9.32,55.92,50,0,0.238,5,6.33,1,263,1,1,0
105164,27,Female,Central,43400.0,39,Basic,4,50.2,200.8,16,1,0.42,15,6.13,0,94,1,1,0
105165,30,Male,Central,33900.0,83,Basic,3,88.56,265.68,60,0,0.404,7,6.8,0,84,1,1,1
105166,18,Male,South,15000.0,92,Premium,6,72.74,436.44,2,1,0.643,6,8.03,2,510,0,1,0
105167,25,Female,Central,30900.0,24,Standard,5,33.85,169.25,17,0,0.155,14,0.52,3,22,1,0,1
105168,52,Male,East,66700.0,10,Basic,6,85.17,511.02,100,2,0.344,5,6.57,1,274,0,1,1
105169,68,Female,North,55900.0,27,Premium,9,39.56,356.04,9,0,0.352,7,7.26,3,328,0,1,0
105170,48,Female,West,64600.0,13,Basic,5,116.84,584.2,136,1,0.586,0,11.57,1,422,1,0,1
105171,38,Male,North,63500.0,19,Basic,7,69.28,484.96,30,0,0.576,5,4.27,0,267,0,1,0
105172,33,Female,North,63000.0,29,Basic,8,44.18,353.44,25,0,0.332,3,7.25,0,183,1,1,1
105173,27,Male,Central,41300.0,7,Premium,15,47.88,718.2,63,0,0.554,6,3.02,1,359,1,0,1
105174,66,Female,East,48300.0,38,Basic,6,20.64,123.84,33,2,0.638,11,10.06,1,185,1,0,1
105175,37,Male,South,55100.0,25,Premium,10,176.57,1765.7,5,2,0.374,5,16.47,1,938,0,1,0
105176,67,Male,East,88100.0,15,Premium,7,43.49,304.43,23,0,0.26,2,2.25,2,277,0,1,0
105177,57,Male,East,55300.0,3,Basic,5,68.64,343.2,1,0,0.454,2,3.97,0,0,0,1,0
105178,18,Male,East,27000.0,50,Standard,8,13.77,110.16,10,1,0.574,8,0.69,2,408,0,1,0
105179,30,Male,South,46200.0,55,Standard,4,27.81,111.24,71,0,0.147,11,6.84,0,216,0,0,0
105180,30,Female,South,64400.0,51,Standard,8,79.03,632.24,7,0,0.332,3,4.37,1,251,0,0,0
105181,38,Female,East,,13,Basic,9,77.42,696.78,46,0,0.343,10,7.36,1,488,0,0,0
105182,38,Male,East,59500.0,35,Basic,3,27.07,81.21,49,0,0.338,8,22.73,1,0,0,0,1
105183,78,Male,Central,89400.0,56,Basic,5,26.0,130.0,28,0,0.639,8,16.98,3,227,0,1,0
105184,25,Female,South,,33,Basic,8,73.86,590.88,14,0,0.6,5,4.72,0,260,0,1,0
105185,42,Male,Central,69400.0,31,Basic,4,9.33,37.32,48,1,0.567,2,5.14,0,0,0,1,1
105186,47,Female,Central,43900.0,76,Standard,6,36.4,218.4,9,2,0.388,8,16.5,0,31,0,1,0
105187,39,Female,South,51200.0,73,Basic,6,12.4,74.4,70,0,0.342,3,9.05,2,0,0,1,1
105188,40,Male,North,49300.0,19,Basic,6,25.4,152.4,1,0,0.322,6,7.72,0,331,0,1,0
105189,25,Male,East,15000.0,17,Standard,11,53.12,584.32,5,1,0.333,4,16.78,2,450,0,1,0
105190,40,Male,Central,66200.0,14,Standard,3,29.62,88.86,25,0,0.112,4,6.14,1,0,2,1,1
105191,46,Female,North,,5,Premium,4,65.56,262.24,17,0,0.232,0,11.86,0,0,0,1,0
105192,43,Female,North,52200.0,66,Basic,4,35.98,143.92,61,2,0.371,4,6.22,1,31,0,1,1
105193,46,Male,West,50900.0,33,Standard,6,17.39,104.34,10,1,0.401,6,8.06,1,465,2,0,0
105194,57,Female,West,65100.0,20,Basic,7,20.1,140.7,40,0,0.351,11,4.44,0,366,0,1,0
105195,51,Male,North,69300.0,29,Standard,6,90.73,544.38,42,0,0.947,3,7.6,1,493,1,1,0
105196,40,Female,South,49600.0,70,Premium,17,27.28,463.76,4,1,0.613,6,2.78,1,536,1,1,0
105197,24,Female,South,24400.0,8,Basic,3,14.16,42.48,101,0,0.483,34,11.11,1,306,1,1,0
105198,31,Female,Central,33100.0,64,Standard,1,59.21,59.21,213,0,0.533,10,13.05,2,273,2,1,1
105199,36,Female,West,44900.0,27,Basic,3,22.53,67.59,161,0,0.323,10,2.21,1,0,1,1,1
105200,42,Female,East,37700.0,37,Standard,6,34.91,209.46,82,0,0.338,6,12.73,0,0,1,1,0
105201,33,Male,Central,46900.0,38,Standard,9,61.68,555.12,18,0,0.308,15,1.58,0,312,1,0,0
105202,27,Male,East,25400.0,72,Standard,8,10.12,80.96,53,0,0.209,7,,0,0,0,0,0
105203,24,Female,Central,20300.0,14,Standard,8,18.73,149.84,100,0,0.647,20,1.36,2,527,1,1,1
105204,18,Male,South,72700.0,103,Basic,5,42.69,213.45,36,0,0.572,11,,1,73,0,0,0
105205,36,Female,North,72300.0,9,Basic,7,14.44,101.08,13,0,,7,9.84,1,123,1,0,0
105206,20,Female,South,31900.0,16,Basic,5,125.72,628.6,38,0,0.462,13,5.99,0,343,0,1,0
105207,26,Male,North,47500.0,43,Standard,4,68.41,273.64,1,0,0.466,2,1.27,0,183,1,1,0
105208,34,Male,West,57500.0,67,Premium,10,176.45,1764.5,4,1,0.519,14,3.79,1,904,1,1,0
105209,22,Male,East,30700.0,14,Standard,2,49.2,98.4,118,0,0.424,8,4.66,3,111,1,1,1
105210,44,Female,South,56700.0,8,Basic,6,25.21,151.26,87,0,0.33,5,3.99,0,315,1,1,1
105211,49,Female,West,53800.0,69,Premium,11,43.49,478.39,119,1,0.21,5,4.67,1,328,0,0,1
105212,32,Male,East,58900.0,20,Premium,10,83.1,831.0,2,1,0.098,5,4.9,2,275,3,1,0
105213,33,Male,East,60000.0,21,Basic,2,28.67,57.34,5,0,0.522,2,4.7,1,0,0,1,0
105214,46,Male,North,76500.0,30,Standard,5,93.61,468.05,7,1,0.459,4,5.73,0,325,0,0,0
105215,30,Non-binary,Central,43100.0,26,Basic,5,23.6,118.0,43,0,0.463,5,26.37,1,21,1,1,0
105216,29,Female,West,68800.0,44,Premium,11,123.27,1355.97,60,1,,4,8.42,0,892,1,1,1
105217,55,Male,Central,62100.0,10,Basic,7,9.64,67.48,10,0,0.153,8,5.32,1,305,0,0,0
105218,50,Male,West,87100.0,7,Premium,11,20.53,225.83,67,1,0.335,12,12.45,1,346,1,0,1
105219,47,Female,East,49100.0,37,Standard,10,43.11,431.1,45,1,0.028,8,1.82,2,258,0,0,1
105220,51,Female,North,41200.0,38,Standard,5,32.27,161.35,68,0,0.355,3,6.39,2,34,1,1,1
105221,18,Male,West,56400.0,44,Basic,7,11.56,80.92,18,0,0.273,16,14.62,1,389,0,1,0
105222,57,Female,North,74300.0,42,Standard,7,22.02,154.14,79,2,0.313,7,6.52,1,44,1,0,1
105223,44,Male,Central,60000.0,7,Standard,6,142.64,855.84,12,2,0.569,6,8.86,2,517,1,1,1
105224,52,Male,South,55300.0,42,Basic,8,49.59,396.72,140,1,0.36,8,4.64,0,186,0,1,1
105225,44,Female,South,40900.0,40,Standard,3,23.72,71.16,26,0,0.413,13,8.56,2,111,1,1,0
105226,40,Male,East,38400.0,9,Premium,13,17.9,232.7,11,2,0.51,4,0.85,0,84,0,1,1
105227,35,Male,East,46100.0,55,Standard,7,67.14,469.98,91,0,0.487,7,21.52,1,306,0,0,1
105228,44,Female,West,50600.0,14,Basic,11,52.78,580.58,29,0,0.355,15,10.59,3,561,1,1,0
105229,35,Male,West,17000.0,13,Standard,8,36.11,288.88,130,0,0.202,1,2.57,2,163,0,1,1
105230,50,Female,West,82100.0,44,Premium,6,83.25,499.5,46,1,0.377,14,7.15,0,259,3,1,0
105231,18,Non-binary,Central,22100.0,11,Basic,5,10.58,52.9,16,0,0.578,2,5.45,3,0,1,1,1
105232,32,Female,East,58600.0,23,Basic,1,48.29,48.29,66,0,0.583,14,6.3,2,153,0,1,1
105233,66,Female,East,63700.0,21,Basic,5,42.18,210.9,2,1,0.586,8,12.68,4,294,2,1,0
105234,31,Male,Central,42500.0,18,Basic,4,15.26,61.04,34,0,0.652,18,10.15,2,0,1,1,0
105235,36,Female,South,58700.0,15,Standard,4,138.29,553.16,2,0,0.399,8,26.72,3,258,1,0,0
105236,28,Female,South,49200.0,94,Basic,2,15.3,30.6,42,1,0.748,1,9.51,0,288,0,0,1
105237,43,Female,North,48000.0,43,Basic,7,95.84,670.88,7,1,0.844,3,2.9,1,567,0,0,0
105238,29,Male,West,45600.0,16,Basic,8,17.46,139.68,15,0,0.579,6,2.48,2,301,0,1,0
105239,37,Male,West,55500.0,17,Basic,5,30.21,151.05,21,1,0.279,3,5.09,2,192,1,0,1
105240,50,Female,South,56300.0,34,Standard,8,42.24,337.92,67,0,0.224,8,7.19,2,242,0,1,1
105241,30,Female,North,23800.0,21,Standard,6,44.12,264.72,59,0,0.246,9,6.94,0,215,0,1,0
105242,49,Female,North,48700.0,36,Standard,8,25.36,202.88,37,0,0.513,5,8.07,0,103,0,0,1
105243,50,Non-binary,East,53100.0,11,Standard,2,47.54,95.08,39,1,0.709,5,12.11,2,263,0,1,1
105244,53,Female,North,61600.0,30,Basic,5,28.92,144.6,197,0,0.436,4,1.81,0,180,1,1,1
105245,41,Male,West,72100.0,46,Standard,8,24.87,198.96,136,1,0.614,8,14.49,0,78,0,0,1
105246,80,Female,Central,99600.0,29,Basic,6,8.74,52.44,27,0,0.166,5,5.19,0,142,0,1,1
105247,53,Male,West,49800.0,22,Standard,8,67.01,536.08,60,0,0.356,13,5.37,0,271,1,0,0
105248,43,Male,Central,77500.0,38,Premium,11,23.1,254.1,47,0,0.504,5,13.38,0,211,0,1,0
105249,28,Female,Central,36400.0,4,Premium,13,42.31,550.03,66,3,0.672,7,1.99,1,71,2,1,1
105250,38,Male,West,56400.0,46,Standard,9,80.31,722.79,17,2,0.113,14,11.98,3,399,1,0,0
105251,58,Female,East,52900.0,5,Basic,6,40.59,243.54,40,0,0.525,18,2.09,2,151,1,1,0
105252,61,Male,West,62500.0,51,Basic,5,27.39,136.95,2,0,0.344,8,5.09,1,0,0,1,0
105253,58,Female,East,80500.0,21,Basic,11,47.23,519.53,59,1,0.319,5,2.65,1,195,1,1,1
105254,49,Female,South,45100.0,49,Basic,3,17.45,52.35,5,0,0.215,6,13.13,0,183,1,0,0
105255,23,Female,North,33500.0,56,Standard,8,68.1,544.8,84,0,0.428,4,2.92,1,438,0,1,1
105256,45,Female,East,60200.0,22,Basic,5,51.56,257.8,15,0,0.405,3,10.68,0,178,0,0,0
105257,23,Male,Central,18400.0,53,Basic,4,20.03,80.12,11,0,0.777,8,14.07,1,152,0,1,0
105258,20,Male,West,15000.0,33,Standard,7,25.2,176.4,26,0,0.692,8,9.87,1,64,0,0,0
105259,42,Female,South,63500.0,38,Standard,9,5.0,45.0,36,1,0.501,2,12.75,1,181,0,1,1
105260,46,Male,East,94700.0,62,Basic,6,29.63,177.78,97,1,0.171,8,3.37,1,27,0,1,1
105261,51,Male,West,65800.0,35,Standard,11,6.74,74.14,62,0,0.566,9,2.56,1,61,1,0,1
105262,45,Female,West,62800.0,49,Basic,7,35.63,249.41,112,0,0.627,5,8.62,1,308,0,1,1
105263,46,Female,East,42200.0,89,Standard,5,107.22,536.1,2,0,0.272,7,35.98,1,688,0,1,0
105264,26,Male,South,56200.0,48,Premium,11,136.99,1506.89,33,0,0.271,3,13.05,0,762,0,1,0
105265,38,Female,South,41700.0,21,Standard,3,89.2,267.6,71,1,0.51,13,9.95,2,7,0,0,1
105266,19,Male,Central,45200.0,33,Premium,10,68.37,683.7,76,0,0.72,3,,4,465,1,0,1
105267,18,Female,North,36500.0,17,Basic,6,72.69,436.14,46,1,0.713,6,9.17,0,162,0,1,0
105268,49,Female,Central,66300.0,35,Basic,4,19.23,76.92,23,0,0.16,5,10.65,2,223,0,1,0
105269,29,Male,North,46800.0,23,Standard,3,32.07,96.21,8,0,0.362,4,7.87,0,25,0,1,0
105270,50,Male,Central,66300.0,37,Standard,10,36.8,368.0,2,1,0.538,3,23.56,0,70,1,1,0
105271,53,Non-binary,South,65200.0,49,Basic,9,71.7,645.3,125,0,0.713,11,6.56,0,608,0,1,1
105272,31,Female,West,53900.0,16,Standard,5,41.46,207.3,3,0,0.499,15,2.72,3,340,0,1,0
105273,47,Male,West,45400.0,29,Basic,7,36.22,253.54,8,0,0.191,6,7.8,3,202,0,1,0
105274,30,Male,West,36100.0,13,Basic,3,7.46,22.38,74,0,0.318,9,6.98,1,172,2,1,1
105275,18,Male,West,48600.0,17,Basic,4,47.69,190.76,18,0,0.423,16,5.96,0,456,0,1,0
105276,41,Non-binary,North,52300.0,33,Basic,9,28.42,255.78,10,0,0.561,4,2.74,0,94,0,0,0
105277,33,Non-binary,South,37700.0,22,Standard,8,6.43,51.44,3,1,0.347,4,3.44,1,53,0,0,0
105278,33,Male,South,56700.0,69,Standard,7,78.19,547.33,2,0,0.096,12,8.57,0,137,0,1,0
105279,65,Non-binary,West,84400.0,6,Standard,11,40.1,441.1,23,1,0.814,6,3.75,2,0,1,0,1
105280,19,Male,West,15000.0,78,Basic,3,32.64,97.92,37,0,0.641,3,6.23,0,195,0,1,0
105281,44,Male,South,62900.0,49,Standard,4,49.21,196.84,51,0,0.502,3,24.11,2,233,0,1,1
105282,26,Male,West,37500.0,42,Basic,7,18.29,128.03,47,0,0.35,9,20.59,0,0,0,1,0
105283,51,Male,South,69300.0,46,Basic,8,46.15,369.2,26,0,0.599,13,7.66,1,88,1,1,0
105284,43,Female,South,51900.0,46,Standard,3,78.48,235.44,29,0,0.207,5,7.55,4,469,1,0,1
105285,44,Female,South,59200.0,20,Standard,9,14.71,132.39,74,1,0.321,0,23.13,1,0,0,1,1
105286,27,Female,West,15000.0,50,Standard,7,142.6,998.2,23,0,0.01,3,4.34,2,413,1,1,0
105287,29,Male,North,25900.0,34,Standard,8,39.43,315.44,12,0,0.599,10,17.1,2,275,1,0,0
105288,51,Female,Central,69700.0,7,Premium,9,167.76,1509.84,43,1,0.163,15,13.98,3,730,1,0,0
105289,62,Female,West,106500.0,17,Standard,5,125.99,629.95,12,0,0.228,18,,1,613,0,1,0
105290,45,Male,East,58800.0,13,Basic,9,19.41,174.69,69,1,0.676,10,12.23,0,259,0,1,0
105291,27,Female,South,26900.0,25,Standard,8,43.96,351.68,14,2,0.541,9,12.84,2,0,0,0,0
105292,43,Non-binary,West,53600.0,5,Standard,7,56.28,393.96,48,0,0.561,4,3.48,1,513,0,1,0
105293,71,Male,Central,65800.0,45,Standard,8,112.11,896.88,44,0,0.301,7,12.81,1,591,2,0,0
105294,40,Female,East,66400.0,50,Basic,6,50.75,304.5,0,0,0.38,6,10.08,0,85,1,0,0
105295,58,Female,South,66700.0,20,Standard,5,88.05,440.25,30,0,0.418,15,14.85,2,172,0,1,0
105296,29,Male,South,53200.0,37,Standard,9,27.17,244.53,29,1,0.675,7,15.74,2,0,0,1,0
105297,38,Male,South,44900.0,71,Standard,7,7.95,55.65,5,1,0.628,6,4.06,1,23,0,0,0
105298,47,Female,South,71500.0,21,Basic,3,69.04,207.12,68,0,0.568,15,5.67,1,0,0,1,1
105299,44,Female,West,30000.0,21,Basic,3,60.84,182.52,99,0,0.434,6,4.27,0,262,1,1,1
105300,29,Male,South,38800.0,24,Standard,6,44.56,267.36,20,1,0.248,9,12.84,2,83,0,0,0
105301,28,Male,West,45100.0,43,Basic,7,33.4,233.8,1,0,0.404,3,12.94,1,38,1,0,0
105302,52,Male,East,56500.0,21,Basic,8,38.3,306.4,74,0,0.161,4,0.85,0,208,1,1,1
105303,54,Female,East,67200.0,24,Standard,6,32.37,194.22,4,0,0.226,6,5.27,1,0,2,1,0
105304,59,Non-binary,Central,71700.0,42,Basic,6,42.95,257.7,15,0,0.202,4,14.82,0,119,0,1,0
105305,62,Male,South,84500.0,40,Basic,4,55.9,223.6,12,0,0.24,10,5.22,1,148,2,0,0
105306,41,Female,North,58600.0,19,Basic,4,45.33,181.32,21,0,0.67,7,11.99,0,90,1,0,0
105307,35,Non-binary,East,49700.0,13,Standard,8,102.35,818.8,38,0,,7,9.33,2,668,0,1,1
105308,57,Male,East,77400.0,22,Premium,8,59.95,479.6,15,1,0.305,17,6.11,3,476,0,0,0
105309,48,Male,West,37600.0,26,Premium,6,136.6,819.6,0,1,0.38,5,7.14,0,310,1,0,0
105310,26,Male,Central,25100.0,33,Standard,8,16.11,128.88,36,0,0.305,1,2.75,1,0,1,0,0
105311,26,Female,West,16200.0,29,Standard,8,142.63,1141.04,39,0,0.526,5,7.16,1,701,1,1,0
105312,45,Male,Central,61300.0,10,Standard,7,32.84,229.88,69,1,0.236,4,4.92,2,0,0,1,1
105313,37,Female,South,51800.0,21,Premium,7,116.93,818.51,11,1,0.511,16,7.87,1,324,1,0,0
105314,39,Male,South,67300.0,5,Basic,9,111.03,999.27,110,1,0.459,5,13.64,2,771,1,1,1
105315,53,Female,South,66200.0,33,Standard,2,49.85,99.7,88,0,0.503,5,12.1,0,229,0,1,0
105316,49,Female,West,48600.0,12,Premium,8,20.18,161.44,41,1,0.266,11,9.64,0,282,0,1,0
105317,56,Male,South,66000.0,8,Standard,10,42.28,422.8,21,1,0.564,3,5.52,2,328,0,1,0
105318,18,Female,North,15000.0,23,Premium,11,62.17,683.87,10,1,0.325,12,2.41,0,298,1,0,0
105319,42,Male,Central,45100.0,36,Premium,14,64.39,901.46,1,1,0.265,5,11.97,1,537,1,1,0
105320,48,Female,South,23600.0,28,Basic,5,28.8,144.0,37,0,0.497,2,28.27,2,174,2,1,0
105321,19,Female,South,33500.0,76,Standard,6,97.31,583.86,1,0,0.814,9,2.54,3,298,1,0,0
105322,30,Female,South,35500.0,6,Basic,3,14.73,44.19,21,1,0.415,13,3.61,0,0,4,1,1
105323,28,Female,North,35600.0,6,Standard,2,39.51,79.02,226,0,0.496,1,7.73,1,59,1,1,1
105324,39,Female,North,34900.0,18,Basic,4,15.76,63.04,178,0,0.458,5,11.65,1,0,1,1,1
105325,60,Female,South,58500.0,49,Basic,4,20.81,83.24,29,0,0.41,0,3.71,0,56,0,0,1
105326,65,Male,South,82300.0,19,Standard,5,82.12,410.6,15,0,0.716,6,10.56,1,367,0,1,0
105327,28,Female,West,17400.0,14,Standard,10,43.13,431.3,20,0,0.472,5,6.25,1,231,0,0,0
105328,46,Female,South,61700.0,38,Basic,8,22.5,180.0,121,0,0.35,2,7.45,0,365,0,1,1
105329,46,Female,West,43200.0,21,Premium,7,78.76,551.32,71,0,0.259,4,13.76,1,348,0,0,1
105330,44,Female,West,,61,Basic,5,33.61,168.05,105,0,0.564,15,1.71,2,86,1,1,1
105331,44,Female,West,69900.0,23,Standard,6,52.97,317.82,65,0,0.081,4,5.57,2,298,0,0,1
105332,43,Female,Central,70400.0,49,Premium,13,41.21,535.73,78,0,0.431,10,30.83,2,288,0,0,1
105333,61,Male,East,61300.0,25,Premium,14,104.55,1463.7,29,0,0.497,4,9.53,1,548,0,0,1
105334,53,Male,North,53600.0,36,Standard,6,57.41,344.46,109,1,0.875,8,5.9,2,480,0,1,1
105335,25,Male,North,31100.0,54,Basic,7,52.46,367.22,19,0,0.424,1,,1,40,1,1,0
105336,49,Male,North,46100.0,6,Basic,9,53.44,480.96,23,0,0.651,3,34.9,1,182,0,1,0
105337,51,Male,West,50500.0,4,Standard,7,16.04,112.28,38,0,0.357,2,12.78,3,0,0,0,1
105338,43,Female,East,58100.0,7,Basic,8,82.21,657.68,37,0,0.35,5,7.89,1,139,0,0,1
105339,54,Female,North,91200.0,13,Basic,2,44.16,88.32,5,0,0.4,13,3.45,0,176,0,1,0
105340,41,Male,North,44900.0,56,Basic,7,53.97,377.79,56,1,0.068,12,11.31,1,321,0,0,1
105341,42,Female,Central,65100.0,82,Basic,6,83.0,498.0,45,0,0.278,2,1.65,2,52,1,0,0
105342,41,Female,East,54800.0,26,Standard,6,12.65,75.9,72,0,0.365,8,0.74,0,57,0,1,1
105343,18,Non-binary,North,15000.0,20,Standard,12,36.99,443.88,50,0,0.377,2,12.11,3,461,2,0,1
105344,38,Female,Central,46700.0,35,Premium,6,25.17,151.02,20,0,0.202,9,8.71,1,164,1,1,0
105345,30,Female,West,37300.0,16,Basic,7,34.9,244.3,24,0,0.533,3,1.17,0,157,1,0,0
105346,24,Male,East,54200.0,34,Premium,8,16.38,131.04,37,0,0.286,10,24.28,0,335,1,0,0
105347,58,Female,East,87100.0,54,Premium,9,77.1,693.9,46,1,0.747,1,21.69,1,346,0,0,0
105348,46,Female,West,59900.0,35,Standard,7,53.55,374.85,127,0,0.438,10,9.25,0,0,1,1,1
105349,39,Female,South,64900.0,11,Basic,6,14.24,85.44,84,1,0.177,12,24.04,1,387,0,0,1
105350,32,Female,Central,39300.0,25,Basic,6,31.83,190.98,3,1,0.565,16,5.6,3,188,3,0,0
105351,43,Non-binary,West,67400.0,88,Premium,13,159.39,2072.07,26,0,0.333,5,12.24,0,992,0,1,0
105352,52,Male,East,61700.0,38,Standard,6,60.27,361.62,226,0,0.661,1,3.34,0,574,1,1,1
105353,28,Female,West,52900.0,19,Basic,2,9.19,18.38,1,0,0.37,11,2.51,1,156,1,1,0
105354,39,Female,Central,64700.0,16,Basic,3,51.74,155.22,20,1,0.39,5,18.06,1,162,0,0,1
105355,50,Female,North,68400.0,18,Premium,13,97.27,1264.51,4,0,0.103,19,19.09,1,743,1,1,0
105356,18,Male,North,17600.0,46,Premium,11,104.99,1154.89,24,0,0.549,5,5.06,0,1006,2,0,0
105357,38,Female,West,41100.0,32,Basic,8,7.9,63.2,52,1,0.613,11,6.48,1,283,1,0,1
105358,33,Female,North,52800.0,12,Standard,6,38.62,231.72,3,0,0.182,7,5.13,3,153,1,1,0
105359,37,Male,West,58600.0,52,Standard,9,125.57,1130.13,43,1,0.516,17,3.75,1,686,0,1,0
105360,32,Male,East,43500.0,87,Standard,7,28.35,198.45,51,1,0.619,11,6.77,1,103,0,1,0
105361,41,Male,South,45500.0,33,Standard,7,110.56,773.92,10,0,0.364,2,0.71,1,482,1,1,0
105362,64,Male,South,74400.0,59,Standard,6,57.9,347.4,12,0,0.244,4,1.06,1,230,2,1,0
105363,35,Male,West,40300.0,11,Standard,8,82.96,663.68,87,1,0.075,5,4.25,1,333,0,0,1
105364,43,Male,North,47900.0,24,Standard,9,104.25,938.25,48,2,0.763,2,12.8,0,279,2,1,1
105365,65,Male,North,100100.0,10,Standard,12,93.13,1117.56,15,0,0.214,8,3.06,0,409,1,0,0
105366,32,Female,South,34600.0,47,Standard,3,29.18,87.54,46,0,0.526,9,13.12,1,62,2,1,0
105367,63,Female,North,77900.0,28,Standard,5,23.27,116.35,94,1,0.583,6,4.1,0,153,0,0,1
105368,39,Female,East,50100.0,4,Basic,7,38.62,270.34,60,0,0.562,10,17.89,1,454,0,0,1
105369,62,Non-binary,Central,52600.0,11,Standard,9,90.93,818.37,37,0,0.495,6,18.21,1,548,0,1,0
105370,49,Male,West,39800.0,25,Standard,8,75.96,607.68,43,0,0.737,0,0.74,2,184,0,0,1
105371,43,Male,East,50600.0,7,Premium,9,50.73,456.57,108,0,0.473,10,0.5,1,187,0,0,1
105372,38,Female,South,19700.0,12,Standard,8,82.59,660.72,28,0,0.484,6,4.71,1,312,1,1,0
105373,31,Male,Central,66000.0,56,Basic,3,24.51,73.53,66,1,0.578,12,4.81,0,299,0,1,0
105374,40,Female,Central,43800.0,15,Basic,4,29.29,117.16,99,0,0.102,6,4.95,1,242,0,1,1
105375,51,Female,West,53100.0,33,Premium,10,43.73,437.3,53,0,0.514,10,2.18,2,283,0,0,0
105376,39,Male,South,65100.0,51,Standard,7,16.23,113.61,109,1,0.259,2,12.2,0,98,0,1,1
105377,35,Male,North,42200.0,45,Basic,5,44.24,221.2,46,0,0.765,1,3.94,0,0,0,1,0
105378,36,Male,North,54200.0,72,Basic,3,44.98,134.94,41,0,0.417,11,17.89,0,68,1,0,0
105379,52,Female,South,52300.0,53,Basic,4,10.4,41.6,125,0,0.195,10,6.96,0,129,0,1,1
105380,55,Female,North,63800.0,32,Basic,6,51.29,307.74,10,0,0.178,3,16.78,1,45,2,1,0
105381,30,Female,Central,,8,Basic,5,5.0,25.0,28,0,0.278,1,0.95,0,199,1,0,1
105382,30,Female,North,27300.0,26,Standard,7,24.07,168.49,46,0,0.576,3,5.73,4,288,0,1,1
105383,44,Male,South,60100.0,45,Standard,5,121.34,606.7,73,2,0.178,5,9.21,0,340,0,1,1
105384,59,Female,Central,33100.0,14,Basic,5,20.22,101.1,29,0,0.128,5,8.19,2,0,0,0,1
105385,54,Female,Central,79900.0,56,Standard,6,100.06,600.36,3,0,0.361,5,9.66,1,192,0,0,0
105386,23,Female,South,25000.0,28,Standard,6,41.0,246.0,26,1,0.407,10,1.92,2,398,3,1,0
105387,36,Male,South,43900.0,45,Basic,2,64.48,128.96,30,0,0.601,2,14.0,0,369,0,1,0
105388,27,Male,West,35200.0,45,Basic,8,33.47,267.76,3,2,0.595,8,19.13,1,0,0,0,0
105389,36,Female,Central,31500.0,46,Standard,5,20.29,101.45,16,0,0.501,3,9.15,2,0,2,1,0
105390,60,Female,East,53200.0,19,Standard,5,65.75,328.75,0,0,0.573,9,9.35,2,226,0,1,0
105391,21,Male,South,38100.0,73,Basic,4,39.04,156.16,52,0,0.478,4,5.8,2,116,1,1,0
105392,18,Male,West,36000.0,63,Standard,5,61.89,309.45,2,1,0.608,4,3.62,1,57,1,0,0
105393,28,Female,West,25100.0,30,Standard,4,23.25,93.0,56,0,0.415,6,9.41,0,368,0,1,1
105394,43,Female,North,,11,Basic,5,58.07,290.35,67,0,0.433,9,7.26,2,188,2,1,1
105395,47,Non-binary,South,63400.0,20,Standard,7,116.55,815.85,254,0,0.517,3,10.33,2,527,0,0,1
105396,45,Male,Central,48400.0,19,Basic,10,72.99,729.9,133,1,0.787,5,4.98,2,397,0,0,1
105397,54,Female,West,44100.0,7,Basic,1,25.84,25.84,46,0,0.483,10,9.36,2,184,1,1,0
105398,18,Female,North,27500.0,16,Standard,6,19.36,116.16,11,0,0.326,10,15.95,1,241,0,1,0
105399,54,Female,West,67300.0,1,Standard,7,15.92,111.44,236,0,0.102,8,4.81,0,17,3,0,1
105400,35,Female,West,43300.0,39,Premium,14,56.2,786.8,5,0,0.595,4,3.11,1,494,2,0,0
105401,49,Female,South,49200.0,24,Basic,3,45.25,135.75,57,0,0.64,4,6.9,1,141,1,1,1
105402,22,Female,South,38300.0,47,Standard,8,66.1,528.8,5,0,0.399,0,6.51,1,122,1,0,0
105403,39,Female,South,65700.0,22,Basic,2,15.14,30.28,114,0,0.182,10,0.77,0,0,1,0,1
105404,42,Female,Central,40000.0,7,Premium,14,152.76,2138.64,40,0,0.632,6,3.77,1,658,0,1,0
105405,54,Female,North,58000.0,10,Standard,2,95.6,191.2,15,0,0.37,4,12.08,0,225,1,1,0
105406,18,Female,West,66400.0,27,Premium,12,181.98,2183.76,50,3,0.411,10,3.18,0,914,1,0,1
105407,39,Male,East,52000.0,27,Standard,2,32.29,64.58,6,0,0.571,11,10.23,0,5,1,1,0
105408,25,Female,Central,16900.0,16,Basic,4,54.77,219.08,161,2,0.465,14,16.33,1,162,2,1,1
105409,46,Male,Central,47900.0,16,Standard,6,79.01,474.06,62,0,0.535,0,6.83,2,526,0,0,1
105410,49,Male,Central,46900.0,48,Premium,7,172.53,1207.71,1,1,,12,18.13,0,678,0,1,0
105411,56,Male,Central,69400.0,5,Basic,5,14.79,73.95,7,1,0.544,11,8.91,4,91,0,0,1
105412,32,Female,South,,35,Basic,6,18.07,108.42,80,1,0.633,8,8.4,2,240,1,1,1
105413,51,Female,South,50400.0,22,Standard,9,80.78,727.02,5,0,0.368,5,12.6,0,490,0,1,0
105414,57,Male,South,91000.0,48,Standard,4,81.8,327.2,44,1,0.245,8,5.16,0,524,0,0,1
105415,18,Female,West,29200.0,91,Basic,5,32.57,162.85,14,0,0.309,3,4.98,2,39,1,1,0
105416,47,Female,South,49200.0,9,Basic,8,39.59,316.72,43,0,0.111,3,2.31,1,254,0,1,1
105417,51,Female,South,42300.0,43,Basic,4,21.8,87.2,113,1,0.284,12,9.64,0,199,1,0,1
105418,36,Male,North,32600.0,41,Standard,5,75.55,377.75,65,0,0.617,6,7.86,1,248,0,1,1
105419,23,Male,West,15300.0,14,Premium,8,180.23,1441.84,21,0,0.294,1,8.07,2,606,0,0,1
105420,51,Female,North,56700.0,19,Standard,9,128.01,1152.09,95,0,0.515,10,5.97,1,818,1,1,1
105421,23,Male,South,20400.0,24,Basic,3,41.4,124.2,15,0,0.598,10,8.73,2,137,0,1,1
105422,37,Male,East,,40,Basic,5,64.06,320.3,3,1,0.362,5,3.35,0,382,2,0,1
105423,38,Female,East,38800.0,29,Premium,10,127.39,1273.9,37,1,0.45,2,4.05,1,496,0,0,1
105424,48,Female,Central,68300.0,66,Premium,14,245.29,3434.06,7,0,0.296,2,1.59,3,1986,0,1,0
105425,31,Female,West,47200.0,13,Standard,9,18.35,165.15,27,2,0.288,5,11.18,1,212,1,0,1
105426,30,Male,West,48400.0,26,Standard,7,35.84,250.88,41,0,0.101,5,4.43,1,243,2,1,0
105427,40,Male,South,61500.0,34,Premium,7,28.36,198.52,17,1,0.667,2,4.2,2,256,0,1,0
105428,52,Male,North,88200.0,21,Standard,7,75.76,530.32,30,0,0.387,1,8.67,1,477,0,0,0
105429,69,Male,West,64600.0,11,Basic,4,47.62,190.48,195,0,0.413,6,6.84,3,30,0,0,1
105430,19,Female,North,40800.0,57,Basic,2,33.18,66.36,12,0,0.638,2,18.43,1,152,1,0,1
105431,43,Male,West,57300.0,33,Basic,3,18.3,54.9,7,0,0.418,3,4.63,1,0,1,1,0
105432,25,Male,Central,49500.0,5,Basic,6,55.81,334.86,46,0,0.809,15,6.77,0,0,0,0,0
105433,52,Male,South,61900.0,17,Basic,5,22.77,113.85,21,0,0.137,10,3.04,0,0,0,1,0
105434,27,Female,West,53000.0,14,Basic,0,28.67,0.0,55,0,0.9,3,2.12,1,0,0,1,1
105435,30,Female,South,21300.0,76,Standard,6,38.23,229.38,161,0,0.565,5,19.76,1,0,2,1,1
105436,31,Female,South,26300.0,23,Standard,5,98.13,490.65,45,0,0.162,14,26.11,1,540,0,1,0
105437,38,Female,South,39000.0,67,Standard,5,46.02,230.1,48,0,0.304,8,3.18,0,47,1,0,0
105438,43,Male,East,50700.0,38,Standard,9,17.74,159.66,250,0,0.296,7,8.69,0,413,2,1,1
105439,45,Male,Central,54300.0,36,Standard,8,44.31,354.48,6,1,0.466,6,6.42,1,0,2,1,0
105440,39,Male,South,37600.0,16,Basic,6,32.26,193.56,50,0,0.652,2,12.47,1,116,2,1,1
105441,22,Female,West,17900.0,22,Premium,9,56.02,504.18,19,0,0.428,10,9.34,1,21,1,1,0
105442,48,Female,South,47300.0,9,Basic,3,61.08,183.24,73,0,0.557,4,5.43,0,226,0,1,0
105443,38,Female,South,23100.0,52,Standard,8,31.91,255.28,95,0,0.105,4,6.77,1,186,0,0,1
105444,54,Non-binary,East,58200.0,53,Standard,7,29.34,205.38,1,1,0.501,10,8.76,1,138,0,0,0
105445,30,Male,West,38600.0,36,Standard,3,218.9,656.7,101,0,,4,1.83,2,386,2,1,1
105446,18,Female,West,34200.0,29,Premium,6,49.0,294.0,7,0,0.364,1,1.31,1,172,1,1,0
105447,39,Male,Central,50300.0,25,Standard,4,5.0,20.0,49,1,0.365,2,14.79,2,149,0,1,1
105448,56,Male,North,89200.0,75,Basic,2,16.53,33.06,30,1,0.473,7,8.43,2,162,0,1,0
105449,41,Female,East,61200.0,58,Standard,7,24.54,171.78,5,0,0.236,9,2.14,1,102,0,0,0
105450,36,Female,South,55400.0,33,Standard,2,43.33,86.66,37,0,0.394,11,7.28,1,0,1,1,0
105451,28,Female,West,42600.0,19,Basic,5,53.65,268.25,40,0,0.135,7,9.92,0,210,1,1,1
105452,62,Female,North,77300.0,18,Basic,5,14.38,71.9,43,1,0.618,4,3.32,1,13,1,0,1
105453,26,Male,North,32500.0,72,Premium,11,145.39,1599.29,60,0,0.4,2,19.65,0,968,0,1,0
105454,30,Female,West,40800.0,15,Basic,8,25.03,200.24,16,1,0.159,15,7.47,1,159,0,1,0
105455,46,Male,South,81500.0,26,Premium,9,30.79,277.11,30,0,0.151,0,9.82,4,234,1,1,0
105456,18,Male,West,27000.0,41,Standard,4,68.64,274.56,28,0,0.36,14,18.17,1,442,0,1,0
105457,56,Male,Central,45500.0,50,Standard,5,65.6,328.0,64,0,0.171,5,1.42,0,334,1,0,0
105458,47,Male,South,65300.0,35,Standard,7,32.46,227.22,39,0,0.026,25,8.32,1,240,0,1,0
105459,51,Female,East,71600.0,30,Standard,10,25.05,250.5,35,0,0.194,3,1.02,1,27,0,1,0
105460,46,Male,Central,56800.0,28,Basic,8,40.56,324.48,29,0,0.459,2,14.35,2,305,2,1,0
105461,37,Female,West,19800.0,24,Standard,5,106.0,530.0,109,1,0.228,2,8.0,1,473,1,1,1
105462,25,Male,North,,12,Standard,4,54.0,216.0,41,0,0.351,15,11.77,2,212,0,1,0
105463,37,Male,West,49300.0,46,Basic,6,53.75,322.5,2,1,0.242,10,11.76,2,24,0,1,0
105464,26,Female,East,31300.0,19,Standard,8,23.93,191.44,7,0,0.418,6,21.14,2,177,1,0,0
105465,45,Female,West,70300.0,10,Standard,5,24.77,123.85,7,0,0.662,14,4.9,1,216,1,1,0
105466,49,Male,East,29100.0,13,Basic,6,32.68,196.08,22,0,0.431,11,7.36,0,147,0,0,0
105467,58,Male,South,,33,Premium,9,88.08,792.72,8,0,0.273,3,14.46,1,412,0,1,0
105468,44,Male,West,45100.0,44,Standard,6,39.93,239.58,104,0,0.415,18,12.4,0,138,0,1,1
105469,51,Female,North,80200.0,32,Standard,8,60.07,480.56,49,0,0.291,2,26.48,1,384,0,0,1
105470,35,Male,Central,47600.0,26,Premium,11,80.6,886.6,5,0,0.311,4,11.89,1,378,1,1,0
105471,33,Male,West,30100.0,27,Premium,9,138.94,1250.46,47,1,0.662,9,8.14,1,629,1,1,0
105472,45,Female,Central,69600.0,15,Standard,4,111.07,444.28,110,0,0.152,11,4.93,1,49,0,1,1
105473,34,Male,North,15000.0,53,Premium,11,51.12,562.32,34,0,0.258,17,20.33,0,143,0,0,0
105474,42,Male,South,57900.0,13,Standard,6,6.91,41.46,2,0,0.586,6,8.31,0,0,1,1,0
105475,25,Male,North,17000.0,35,Basic,7,10.17,71.19,103,0,0.24,7,7.3,1,144,1,1,1
105476,28,Female,South,31000.0,51,Standard,7,15.41,107.87,39,1,0.099,8,2.27,2,200,2,1,0
105477,47,Female,South,52200.0,33,Basic,4,24.75,99.0,10,0,0.63,3,8.64,1,49,4,1,0
105478,51,Non-binary,East,72100.0,42,Standard,8,10.28,82.24,41,1,0.567,3,4.08,0,242,0,0,0
105479,26,Male,South,66400.0,16,Basic,4,33.14,132.56,5,0,0.719,6,5.17,0,15,0,0,0
105480,48,Female,Central,31600.0,35,Basic,3,57.65,172.95,45,0,0.225,4,13.26,0,135,1,1,1
105481,32,Male,South,47500.0,49,Basic,5,44.31,221.55,2,0,0.44,13,8.99,2,316,1,0,0
105482,39,Female,South,78800.0,46,Basic,4,34.21,136.84,48,1,0.221,9,9.74,1,234,1,1,1
105483,57,Male,West,57000.0,49,Standard,4,64.04,256.16,46,0,0.953,11,5.96,0,228,0,1,0
105484,49,Female,South,48600.0,23,Basic,6,24.71,148.26,4,0,0.207,9,8.31,1,0,1,0,0
105485,49,Female,West,60800.0,55,Premium,6,86.76,520.56,45,1,0.44,15,,2,605,1,1,0
105486,64,Non-binary,West,83300.0,31,Basic,6,29.35,176.1,75,0,0.618,4,2.78,5,227,1,0,1
105487,30,Female,West,48600.0,22,Standard,6,40.4,242.4,37,0,0.5,3,6.68,0,143,0,0,1
105488,26,Male,West,30600.0,72,Standard,3,98.55,295.65,5,0,0.621,2,1.21,1,153,0,1,0
105489,30,Male,West,28200.0,5,Standard,7,141.12,987.84,31,1,0.605,4,12.8,1,574,0,1,1
105490,36,Female,Central,63500.0,29,Basic,5,9.66,48.3,163,0,0.508,12,8.34,1,99,1,1,1
105491,18,Male,North,17200.0,17,Premium,6,114.19,685.14,140,0,0.453,4,12.54,2,366,0,0,1
105492,36,Male,East,18300.0,46,Basic,6,29.18,175.08,16,0,0.449,4,20.47,1,255,0,1,0
105493,32,Male,West,21000.0,16,Basic,3,15.24,45.72,304,0,0.485,6,4.43,0,0,0,1,1
105494,49,Male,North,49400.0,7,Standard,5,88.85,444.25,17,0,0.317,7,13.64,0,228,1,1,1
105495,44,Female,East,73600.0,21,Basic,6,35.86,215.16,13,0,0.645,16,5.33,2,364,0,1,0
105496,31,Female,West,23700.0,22,Standard,4,22.08,88.32,27,0,0.359,3,26.64,0,211,0,0,1
105497,47,Female,North,76900.0,18,Basic,8,39.38,315.04,93,0,0.668,5,14.27,1,167,0,0,1
105498,48,Male,South,74800.0,10,Standard,9,42.6,383.4,65,1,0.324,9,6.47,1,0,0,0,1
105499,29,Female,West,41600.0,25,Basic,6,44.57,267.42,34,0,0.293,7,13.66,1,167,0,1,0
105500,33,Female,North,,6,Standard,4,104.53,418.12,29,0,0.275,3,4.15,0,427,1,1,0
105501,18,Male,North,15000.0,25,Standard,4,51.22,204.88,86,0,0.203,9,14.9,1,504,0,0,1
105502,25,Female,West,25800.0,26,Premium,13,132.9,1727.7,26,2,0.457,3,19.91,0,842,1,1,1
105503,29,Male,West,62700.0,68,Basic,6,5.0,30.0,78,0,0.282,5,4.07,1,30,1,1,0
105504,40,Female,East,40900.0,32,Standard,6,5.0,30.0,38,0,0.268,1,0.76,3,0,0,0,1
105505,27,Female,South,25700.0,6,Standard,10,45.58,455.8,61,0,0.486,9,2.59,4,347,0,1,1
105506,32,Female,North,43900.0,38,Basic,4,68.34,273.36,12,0,0.314,7,7.56,2,137,0,1,0
105507,23,Female,West,15000.0,74,Standard,8,63.68,509.44,1,0,0.204,8,9.54,0,226,0,0,0
105508,41,Male,South,49500.0,16,Standard,9,18.5,166.5,7,1,0.647,3,7.17,1,0,1,0,0
105509,45,Female,Central,42500.0,26,Basic,8,13.88,111.04,224,0,0.556,6,10.66,1,102,0,0,1
105510,44,Male,West,90300.0,23,Standard,5,101.75,508.75,20,0,0.598,9,17.3,1,159,1,0,0
105511,39,Male,North,35100.0,27,Standard,10,25.2,252.0,142,0,0.262,5,5.64,0,203,0,1,1
105512,19,Female,East,56000.0,27,Basic,6,20.55,123.3,97,1,0.571,8,6.52,0,135,1,0,1
105513,31,Male,Central,24400.0,26,Standard,4,30.13,120.52,36,0,0.136,11,5.31,1,69,0,1,0
105514,34,Male,Central,46900.0,17,Standard,11,22.91,252.01,38,1,0.384,11,7.17,1,218,1,1,0
105515,34,Female,East,50200.0,24,Premium,15,197.28,2959.2,37,0,,3,4.78,3,1605,1,0,0
105516,40,Male,North,50900.0,29,Standard,9,58.59,527.31,109,0,0.217,6,15.38,3,311,0,1,1
105517,58,Female,West,67100.0,31,Basic,3,16.57,49.71,34,0,0.421,15,32.77,2,209,2,1,1
105518,50,Male,West,70500.0,35,Standard,7,42.05,294.35,6,0,0.684,6,0.74,1,338,0,0,0
105519,26,Female,East,41400.0,59,Basic,3,24.9,74.7,3,0,0.436,3,8.19,3,125,0,1,1
105520,48,Male,South,54100.0,42,Premium,7,155.58,1089.06,39,1,0.509,3,7.41,2,617,0,1,0
105521,47,Male,Central,46100.0,31,Standard,6,61.9,371.4,24,0,0.436,12,23.04,3,460,1,1,0
105522,29,Non-binary,East,36100.0,22,Basic,8,11.41,91.28,10,1,0.245,3,3.88,0,71,1,1,0
105523,50,Non-binary,South,55900.0,95,Standard,6,54.56,327.36,38,0,0.389,1,18.99,0,203,3,1,0
105524,37,Female,South,43300.0,6,Basic,6,36.87,221.22,88,0,0.403,10,11.24,0,38,1,0,1
105525,21,Male,South,31900.0,35,Basic,9,5.28,47.52,43,0,0.602,11,8.12,1,57,0,1,1
105526,45,Female,East,33900.0,47,Standard,5,7.82,39.1,1,0,0.448,1,8.89,2,0,0,0,0
105527,42,Female,South,36400.0,29,Standard,8,19.94,159.52,10,0,0.146,10,2.22,0,139,2,0,0
105528,36,Female,East,56700.0,17,Basic,4,122.61,490.44,6,0,0.161,11,29.84,2,246,1,1,0
105529,39,Male,North,16400.0,38,Basic,4,19.97,79.88,8,0,0.743,5,26.91,2,0,0,1,1
105530,30,Male,South,56200.0,12,Basic,4,14.3,57.2,10,0,0.27,3,9.04,0,233,0,1,0
105531,47,Female,North,47700.0,47,Standard,10,62.5,625.0,19,1,0.364,6,22.55,0,678,0,0,0
105532,38,Non-binary,South,70400.0,11,Standard,10,46.56,465.6,29,2,0.192,7,17.69,2,227,0,1,1
105533,41,Male,South,67000.0,63,Premium,7,53.96,377.72,13,0,0.606,8,1.15,1,94,0,1,0
105534,44,Female,South,,38,Basic,4,42.72,170.88,112,0,0.215,9,,2,93,0,0,1
105535,24,Female,West,30600.0,30,Standard,6,12.12,72.72,2,0,0.165,5,,1,318,0,1,0
105536,27,Male,East,58900.0,25,Basic,5,20.77,103.85,115,0,0.347,0,5.27,1,156,0,1,1
105537,18,Male,West,45800.0,27,Premium,12,76.74,920.88,8,1,0.407,2,42.27,1,555,1,1,0
105538,46,Female,North,68200.0,14,Standard,9,114.16,1027.44,77,0,0.444,7,14.89,0,548,1,1,0
105539,23,Male,South,48800.0,29,Basic,3,36.91,110.73,4,0,0.455,18,19.36,2,431,1,0,1
105540,41,Female,North,34600.0,21,Standard,15,50.98,764.7,56,2,0.717,4,4.04,1,845,0,0,1
105541,44,Male,East,55600.0,19,Premium,17,75.42,1282.14,55,1,0.466,11,3.6,1,433,3,1,0
105542,47,Female,East,44800.0,91,Basic,9,51.54,463.86,81,1,0.793,8,4.42,1,413,1,0,0
105543,23,Female,West,17200.0,21,Basic,2,54.04,108.08,1,0,0.176,5,18.13,0,262,0,1,0
105544,38,Female,East,49300.0,23,Standard,7,15.88,111.16,76,0,0.286,10,3.25,1,258,0,1,1
105545,61,Male,South,63100.0,53,Basic,4,150.59,602.36,78,1,0.444,19,2.13,0,285,0,0,1
105546,61,Female,South,66500.0,14,Basic,3,16.52,49.56,40,0,0.383,9,8.39,0,0,0,0,1
105547,52,Female,Central,53300.0,62,Basic,8,17.8,142.4,18,0,0.448,8,4.92,1,163,0,1,0
105548,43,Female,North,34200.0,23,Basic,5,37.93,189.65,57,0,0.612,15,11.41,0,191,0,1,1
105549,26,Non-binary,North,59400.0,15,Standard,14,27.09,379.26,14,2,0.098,8,11.02,1,171,1,1,1
105550,48,Female,North,58700.0,6,Premium,6,130.02,780.12,176,0,0.31,2,2.58,1,510,1,1,1
105551,37,Female,Central,25900.0,57,Basic,5,57.06,285.3,37,1,0.555,8,6.99,1,296,0,0,1
105552,46,Female,Central,57100.0,19,Standard,5,40.85,204.25,8,1,0.193,10,7.17,2,135,0,1,0
105553,31,Male,South,61600.0,22,Basic,1,35.28,35.28,94,0,0.184,9,12.1,1,0,2,0,1
105554,37,Female,North,59500.0,23,Basic,3,33.35,100.05,24,0,0.472,9,10.39,0,73,0,0,0
105555,41,Female,West,42600.0,18,Standard,5,33.18,165.9,53,0,0.365,14,6.68,1,326,1,0,0
105556,42,Male,South,43900.0,38,Basic,6,54.89,329.34,10,1,0.37,6,3.63,1,360,0,0,1
105557,45,Male,North,40300.0,49,Basic,4,24.92,99.68,92,0,,6,17.39,1,0,1,0,1
105558,31,Male,South,30000.0,95,Basic,5,50.65,253.25,25,0,0.63,4,6.89,3,118,0,0,0
105559,22,Female,South,22500.0,66,Standard,2,144.12,288.24,54,0,0.072,3,5.78,0,0,0,1,0
105560,60,Male,South,47300.0,30,Standard,1,112.4,112.4,8,0,0.863,6,10.12,1,136,0,1,0
105561,71,Male,West,72100.0,47,Basic,5,40.36,201.8,114,1,0.313,15,2.39,3,224,0,0,1
105562,45,Male,West,58500.0,77,Basic,7,37.24,260.68,4,0,0.55,6,2.44,1,66,1,0,0
105563,22,Male,East,26000.0,52,Standard,4,21.76,87.04,180,0,0.532,3,19.63,0,332,0,0,1
105564,29,Male,North,,31,Premium,7,109.66,767.62,22,1,0.336,4,5.05,1,301,0,1,0
105565,46,Non-binary,North,77300.0,38,Basic,4,19.25,77.0,21,0,0.469,7,5.82,0,0,0,1,0
105566,56,Female,Central,89800.0,63,Standard,9,48.51,436.59,23,0,0.052,10,5.67,1,336,1,0,0
105567,23,Non-binary,North,31800.0,5,Standard,5,93.89,469.45,27,2,0.569,7,1.66,0,366,0,1,1
105568,37,Male,South,58400.0,25,Basic,10,89.63,896.3,11,0,0.058,2,3.72,0,466,1,1,0
105569,42,Male,North,48500.0,3,Standard,6,78.46,470.76,23,0,0.562,6,4.13,2,377,1,1,0
105570,50,Female,South,51600.0,11,Basic,3,51.65,154.95,28,0,0.284,3,15.4,1,292,0,1,1
105571,35,Female,East,28500.0,2,Basic,6,84.32,505.92,76,0,0.299,14,0.79,2,154,2,0,1
105572,19,Male,South,30200.0,23,Basic,11,38.76,426.36,3,1,0.208,9,19.42,0,313,0,0,0
105573,47,Male,West,70700.0,73,Premium,7,20.91,146.37,78,0,0.109,5,7.01,1,163,0,1,0
105574,54,Female,South,44400.0,58,Basic,8,32.98,263.84,2,0,0.593,3,13.93,0,121,0,1,0
105575,38,Male,West,43000.0,15,Standard,11,49.11,540.21,7,0,0.359,4,11.6,1,184,1,1,0
105576,44,Female,East,48000.0,38,Basic,7,22.58,158.06,35,1,0.236,8,6.89,0,368,0,1,0
105577,33,Male,South,45700.0,13,Basic,10,32.68,326.8,28,0,0.373,16,11.93,1,389,1,1,0
105578,28,Male,West,41200.0,30,Standard,10,73.64,736.4,5,0,0.604,2,19.67,4,351,1,1,0
105579,52,Male,Central,67800.0,67,Standard,7,15.2,106.4,7,1,0.279,6,9.63,3,264,0,0,0
105580,44,Female,North,79300.0,10,Basic,1,56.46,56.46,9,0,0.331,4,20.96,0,3,1,1,1
105581,45,Female,West,41500.0,34,Standard,7,49.36,345.52,47,0,0.692,4,4.33,1,326,0,1,0
105582,59,Female,East,54000.0,46,Premium,15,173.25,2598.75,20,1,0.428,4,1.74,1,1279,0,1,0
105583,25,Male,West,38100.0,18,Premium,10,18.19,181.9,8,0,0.621,10,5.14,0,0,1,1,0
105584,32,Male,North,61600.0,34,Premium,14,73.75,1032.5,19,0,0.784,8,1.71,0,396,2,0,0
105585,41,Male,North,29400.0,15,Premium,11,130.72,1437.92,30,1,0.481,7,10.05,0,886,1,1,0
105586,32,Male,South,45900.0,31,Basic,7,23.54,164.78,13,0,0.33,7,13.9,0,246,0,1,0
105587,49,Female,North,54600.0,31,Basic,4,26.96,107.84,31,0,0.262,2,1.42,1,140,0,1,0
105588,37,Female,South,58000.0,8,Basic,4,45.57,182.28,38,0,0.233,11,12.79,2,242,1,1,0
105589,26,Male,Central,44400.0,7,Basic,7,51.14,357.98,66,1,0.758,10,5.46,2,297,4,1,1
105590,40,Male,South,49600.0,6,Premium,12,118.88,1426.56,10,0,0.287,10,9.12,0,1096,1,0,0
105591,41,Female,South,56700.0,40,Standard,11,125.23,1377.53,7,0,0.187,4,12.49,0,496,0,1,0
105592,51,Male,South,50100.0,35,Basic,6,12.67,76.02,13,0,0.758,7,7.16,0,0,0,1,1
105593,44,Male,South,63900.0,29,Premium,9,43.98,395.82,189,2,0.06,7,8.47,2,437,0,0,1
105594,45,Female,West,73100.0,24,Basic,2,14.0,28.0,13,0,0.429,3,2.93,3,0,0,1,1
105595,43,Female,West,53200.0,49,Standard,8,35.28,282.24,123,1,0.698,12,4.02,2,128,2,1,1
105596,37,Male,South,40300.0,22,Standard,4,35.62,142.48,31,1,0.21,9,2.98,1,236,2,1,0
105597,30,Female,South,37400.0,16,Premium,17,60.06,1021.02,9,2,0.478,17,5.27,0,589,0,0,0
105598,43,Female,North,62800.0,11,Standard,10,5.21,52.1,92,0,0.376,8,4.11,1,213,1,1,1
105599,35,Male,Central,43600.0,28,Basic,7,31.95,223.65,36,0,0.353,10,25.85,0,305,0,1,0
105600,61,Non-binary,South,52100.0,32,Basic,8,9.96,79.68,62,0,0.516,6,5.3,3,207,1,1,1
105601,56,Female,South,77400.0,27,Standard,9,27.76,249.84,1,0,0.445,7,2.02,2,225,0,0,0
105602,47,Female,South,41800.0,45,Standard,6,27.05,162.3,6,0,0.471,8,3.91,2,0,0,1,0
105603,44,Male,North,58600.0,22,Basic,4,31.73,126.92,1,0,0.694,4,2.08,0,0,0,1,0
105604,38,Female,South,20900.0,109,Standard,9,71.52,643.68,90,0,0.351,15,7.69,1,616,0,1,0
105605,23,Male,Central,34300.0,28,Standard,10,53.8,538.0,56,0,0.3,9,9.39,2,363,0,1,1
105606,36,Male,North,44100.0,19,Basic,6,140.7,844.2,66,0,0.173,9,10.16,0,721,0,1,1
105607,40,Female,South,21400.0,21,Basic,8,13.05,104.4,87,1,0.529,10,11.53,2,0,1,1,1
105608,42,Male,North,55500.0,36,Basic,3,61.06,183.18,3,0,0.201,10,4.28,1,192,2,1,1
105609,45,Female,South,38200.0,94,Basic,4,77.25,309.0,29,0,0.538,5,7.07,1,319,0,1,0
105610,51,Male,Central,,16,Standard,6,82.75,496.5,7,0,0.53,8,13.98,0,492,1,1,0
105611,30,Male,West,33600.0,42,Basic,4,45.78,183.12,115,0,0.633,7,11.32,2,190,0,1,1
105612,30,Female,Central,18700.0,34,Standard,12,97.39,1168.68,25,0,0.163,9,16.89,0,839,0,0,0
105613,58,Female,Central,51400.0,69,Premium,12,67.42,809.04,19,1,0.136,14,1.94,0,607,0,1,0
105614,49,Male,East,43900.0,15,Standard,4,115.72,462.88,62,0,0.382,2,24.69,0,355,0,1,1
105615,34,Female,East,57000.0,38,Premium,12,29.02,348.24,43,2,0.082,8,2.94,2,406,0,1,1
105616,38,Female,East,58700.0,53,Basic,5,47.73,238.65,31,0,0.677,8,12.43,3,357,0,0,1
105617,38,Female,West,77700.0,41,Standard,7,64.78,453.46,31,0,0.431,3,4.21,2,241,0,0,1
105618,39,Female,West,40800.0,49,Standard,2,69.34,138.68,44,0,0.473,0,5.26,2,22,1,1,1
105619,45,Male,East,46000.0,21,Basic,4,68.68,274.72,14,0,0.275,5,7.63,1,31,2,1,0
105620,72,Female,South,81200.0,33,Standard,6,128.2,769.2,78,0,0.198,12,16.7,1,326,2,0,1
105621,41,Female,West,44900.0,60,Standard,7,79.51,556.57,115,1,0.508,7,3.03,1,437,1,1,1
105622,48,Female,North,48300.0,7,Basic,3,54.03,162.09,9,0,0.339,3,5.48,0,335,0,1,0
105623,18,Male,East,28800.0,22,Standard,7,38.47,269.29,13,1,0.432,9,6.05,1,232,0,1,0
105624,33,Male,East,52100.0,15,Standard,7,31.06,217.42,15,0,0.119,20,2.94,0,222,1,0,0
105625,55,Male,East,33600.0,14,Basic,4,36.77,147.08,208,0,0.094,7,12.69,0,290,0,1,1
105626,44,Male,East,44700.0,35,Basic,6,52.76,316.56,9,0,0.424,5,7.34,1,176,1,1,0
105627,18,Male,West,15000.0,34,Premium,10,111.49,1114.9,2,1,0.328,9,2.06,3,499,0,1,0
105628,48,Female,West,54300.0,23,Premium,15,6.68,100.2,47,1,0.179,7,7.88,0,164,1,0,0
105629,64,Female,South,77800.0,31,Basic,5,45.51,227.55,17,0,0.507,1,2.44,1,69,0,0,1
105630,18,Female,South,43600.0,27,Standard,3,48.54,145.62,28,0,0.361,9,8.01,0,15,0,1,0
105631,59,Female,North,60900.0,6,Standard,6,66.98,401.88,125,0,0.427,5,4.93,1,57,1,1,1
105632,18,Non-binary,North,29500.0,10,Standard,6,28.42,170.52,75,0,0.327,10,5.58,1,204,2,1,0
105633,51,Female,South,35800.0,42,Basic,4,114.62,458.48,50,0,0.619,7,11.78,2,74,0,0,1
105634,39,Male,West,35900.0,13,Basic,4,64.71,258.84,129,0,0.443,9,2.82,2,137,0,0,1
105635,18,Female,West,30900.0,22,Basic,2,29.83,59.66,18,1,0.576,8,17.56,0,142,1,1,0
105636,45,Female,South,34600.0,37,Basic,6,26.69,160.14,1,0,0.468,4,2.81,0,199,1,1,0
105637,54,Female,Central,79500.0,34,Basic,5,52.17,260.85,38,1,0.519,6,3.61,2,131,1,1,1
105638,44,Female,South,60000.0,17,Basic,9,34.38,309.42,39,1,0.338,7,6.2,1,247,3,1,1
105639,47,Female,West,42900.0,28,Basic,3,63.93,191.79,38,0,,13,3.89,4,6,0,0,1
105640,34,Male,East,22400.0,22,Basic,4,36.48,145.92,45,0,0.364,11,4.22,1,432,2,1,1
105641,18,Male,West,17900.0,25,Basic,5,61.51,307.55,5,0,0.641,2,8.72,1,115,0,1,0
105642,48,Male,South,43900.0,67,Premium,14,132.04,1848.56,64,1,0.122,10,5.74,1,972,2,1,0
105643,62,Male,North,52800.0,38,Basic,5,35.24,176.2,33,0,0.675,7,5.04,2,295,1,0,0
105644,54,Female,South,42500.0,25,Premium,9,36.29,326.61,45,1,0.877,11,15.29,1,404,0,1,0
105645,18,Non-binary,West,24800.0,28,Standard,8,5.28,42.24,10,1,0.335,14,9.41,1,121,0,1,0
105646,19,Female,Central,39200.0,3,Standard,10,87.15,871.5,83,2,0.384,11,4.89,1,324,1,1,1
105647,28,Female,East,27500.0,120,Basic,4,13.47,53.88,59,0,0.768,10,16.28,1,255,0,1,0
105648,18,Female,West,34200.0,60,Premium,13,67.87,882.31,112,1,0.264,5,5.53,1,417,0,1,1
105649,40,Male,North,44300.0,21,Basic,6,41.17,247.02,10,0,0.275,9,5.44,0,135,0,1,0
105650,44,Male,West,61300.0,6,Basic,6,68.69,412.14,26,1,0.419,10,9.66,0,103,0,1,1
105651,20,Male,West,18900.0,21,Basic,5,19.99,99.95,28,0,0.39,5,3.81,1,113,1,0,1
105652,49,Male,South,,53,Basic,2,63.3,126.6,2,0,0.3,9,2.81,1,206,1,1,0
105653,47,Female,East,57200.0,49,Basic,6,41.91,251.46,17,0,0.593,5,2.58,0,175,0,0,0
105654,32,Male,North,60400.0,28,Standard,8,13.5,108.0,53,0,0.516,5,2.4,1,171,0,1,1
105655,37,Male,North,53900.0,83,Standard,7,55.01,385.07,12,0,0.256,9,5.67,0,235,0,1,0
105656,18,Male,North,31600.0,24,Premium,10,35.98,359.8,45,0,0.429,7,10.79,0,372,1,1,0
105657,35,Female,West,23600.0,22,Standard,7,10.52,73.64,22,0,0.168,11,25.8,1,38,2,1,0
105658,39,Female,West,40600.0,37,Basic,7,66.84,467.88,45,0,0.358,4,7.86,2,14,0,0,1
105659,41,Female,North,38600.0,16,Standard,10,17.14,171.4,91,0,0.44,18,9.19,1,189,0,1,1
105660,44,Male,Central,41200.0,19,Basic,2,21.01,42.02,55,0,0.551,5,6.06,0,0,0,1,1
105661,42,Female,West,51000.0,43,Premium,17,156.71,2664.07,65,1,0.64,16,2.52,0,1300,2,1,0
105662,36,Female,East,48500.0,14,Standard,8,75.08,600.64,64,0,0.144,14,4.78,0,186,1,1,0
105663,43,Male,Central,55700.0,37,Basic,6,26.73,160.38,3,0,0.728,19,7.51,1,0,0,0,0
105664,52,Male,Central,78000.0,51,Standard,8,39.97,319.76,3,0,0.369,5,11.1,0,233,1,1,0
105665,38,Male,South,53800.0,21,Standard,10,50.42,504.2,11,1,0.342,9,31.19,1,281,2,0,0
105666,43,Male,Central,34600.0,24,Premium,11,21.97,241.67,3,2,0.469,2,0.59,1,121,0,0,0
105667,37,Male,South,48900.0,30,Standard,3,8.21,24.63,25,1,0.806,11,8.62,0,252,1,1,0
105668,31,Female,North,48500.0,14,Standard,5,54.02,270.1,8,0,0.575,3,5.47,1,118,0,0,0
105669,46,Male,North,72300.0,20,Basic,4,52.94,211.76,5,0,0.472,18,9.45,0,442,2,1,0
105670,32,Female,West,39100.0,8,Basic,7,12.57,87.99,19,0,0.314,8,21.82,0,0,0,0,0
105671,44,Female,Central,50700.0,12,Basic,2,29.68,59.36,60,0,0.65,23,5.09,0,210,1,0,1
105672,39,Non-binary,South,63100.0,26,Standard,8,92.85,742.8,6,1,0.136,4,2.1,0,464,0,1,0
105673,35,Male,East,46700.0,35,Premium,8,79.99,639.92,8,0,0.324,11,2.81,2,240,0,1,0
105674,35,Male,South,21800.0,35,Standard,12,76.81,921.72,20,3,0.213,6,25.84,1,285,0,1,1
105675,32,Female,West,15900.0,17,Premium,9,49.97,449.73,52,0,0.466,5,,2,458,1,1,1
105676,18,Male,North,53800.0,17,Standard,8,56.41,451.28,18,0,0.236,9,14.66,1,379,0,1,0
105677,44,Female,East,28700.0,19,Standard,4,113.88,455.52,5,2,0.493,6,10.01,3,285,0,1,0
105678,42,Female,East,48500.0,28,Basic,9,21.41,192.69,38,0,0.4,2,1.73,2,90,1,1,0
105679,50,Female,North,70800.0,12,Standard,11,28.88,317.68,37,1,0.7,5,20.39,0,236,0,0,1
105680,32,Female,Central,16600.0,7,Basic,4,24.16,96.64,23,0,0.247,7,2.03,4,0,1,0,1
105681,64,Female,Central,56600.0,31,Standard,5,22.57,112.85,94,0,0.6,3,3.03,2,20,0,1,1
105682,34,Male,East,25700.0,18,Standard,5,41.3,206.5,53,0,0.22,1,2.26,0,0,2,1,0
105683,28,Female,West,62700.0,35,Standard,7,48.69,340.83,26,0,0.244,8,4.96,1,285,1,0,0
105684,26,Male,West,63900.0,85,Premium,8,128.72,1029.76,70,1,0.394,6,3.34,1,743,1,1,0
105685,18,Male,North,17700.0,18,Standard,10,46.07,460.7,67,1,0.39,8,6.79,3,275,0,1,1
105686,59,Female,North,75100.0,37,Standard,4,51.12,204.48,38,0,0.567,14,3.41,2,60,2,1,0
105687,57,Male,West,69400.0,4,Standard,4,56.23,224.92,61,1,0.288,8,8.88,1,11,1,0,1
105688,47,Female,East,51600.0,21,Basic,1,22.53,22.53,13,0,0.59,12,15.3,2,240,0,1,1
105689,27,Male,West,15000.0,29,Basic,4,36.78,147.12,46,1,0.401,7,9.59,0,278,2,1,1
105690,63,Female,East,103100.0,4,Basic,2,11.41,22.82,87,0,0.759,5,6.53,1,196,1,1,1
105691,34,Female,West,17800.0,63,Premium,10,251.2,2512.0,98,0,0.446,11,6.09,1,1543,0,0,0
105692,36,Female,North,48100.0,15,Basic,4,46.26,185.04,54,0,0.444,4,4.91,2,147,1,1,1
105693,58,Male,North,56900.0,46,Premium,10,125.0,1250.0,7,1,0.485,6,16.42,1,770,2,0,0
105694,48,Female,South,70600.0,39,Basic,9,29.37,264.33,16,0,0.354,15,1.78,1,256,0,0,0
105695,68,Male,South,87300.0,72,Standard,7,17.56,122.92,58,1,0.226,12,1.92,1,180,1,1,1
105696,42,Female,West,37100.0,4,Standard,4,128.93,515.72,3,0,0.312,7,6.12,2,319,0,1,1
105697,34,Male,West,32100.0,33,Basic,7,30.66,214.62,65,0,0.095,5,2.99,0,0,1,0,0
105698,31,Female,South,18600.0,25,Basic,8,27.8,222.4,6,1,0.444,12,5.62,0,167,0,1,0
105699,18,Female,East,30700.0,3,Standard,4,11.6,46.4,121,0,0.46,11,9.64,3,0,0,0,1
105700,35,Female,South,54100.0,24,Basic,4,30.2,120.8,87,0,0.601,5,2.19,2,0,0,1,1
105701,54,Female,East,56000.0,22,Basic,3,67.88,203.64,85,0,0.59,10,,2,190,1,0,1
105702,47,Male,Central,,10,Standard,5,27.03,135.15,6,0,0.622,9,3.64,0,200,0,1,0
105703,39,Male,South,74700.0,23,Standard,12,25.7,308.4,79,1,0.43,12,3.19,0,213,0,0,1
105704,26,Female,West,48700.0,21,Premium,11,78.18,859.98,3,0,0.872,5,7.21,1,434,1,0,0
105705,42,Female,North,69700.0,18,Basic,9,29.49,265.41,23,0,0.635,9,19.87,2,379,0,0,1
105706,52,Female,South,28900.0,33,Basic,6,26.16,156.96,85,1,0.251,11,4.51,1,273,0,1,1
105707,45,Male,West,61300.0,43,Standard,6,27.35,164.1,56,0,0.427,4,6.68,2,63,0,1,0
105708,41,Male,West,53400.0,15,Standard,7,41.57,290.99,135,1,0.651,10,4.78,0,431,0,0,1
105709,29,Male,East,20900.0,24,Basic,5,51.36,256.8,34,1,0.261,12,14.07,1,446,0,1,0
105710,50,Male,Central,43800.0,71,Basic,5,8.56,42.8,38,0,0.851,16,6.06,1,74,3,1,0
105711,18,Female,West,24900.0,24,Basic,6,69.1,414.6,74,0,0.761,10,14.69,2,581,0,1,1
105712,44,Female,East,33900.0,15,Basic,3,60.35,181.05,95,0,0.847,12,20.69,0,0,1,1,1
105713,72,Male,South,68100.0,11,Basic,7,25.64,179.48,49,0,0.52,6,10.15,0,177,0,0,1
105714,19,Female,South,22500.0,38,Basic,8,57.31,458.48,11,1,0.613,7,7.6,2,475,1,0,1
105715,36,Female,East,53100.0,15,Basic,6,23.45,140.7,55,0,0.594,3,11.03,0,34,0,0,1
105716,39,Female,West,38100.0,13,Standard,11,99.04,1089.44,85,0,,11,11.08,1,758,1,1,1
105717,33,Male,South,36000.0,36,Basic,0,24.43,0.0,44,0,0.129,4,6.11,0,0,2,1,0
105718,52,Male,South,74600.0,8,Standard,3,34.13,102.39,46,0,0.235,6,6.62,1,0,0,0,1
105719,45,Non-binary,North,29000.0,35,Premium,9,8.75,78.75,83,0,0.307,12,10.08,0,89,2,1,0
105720,41,Female,North,53000.0,11,Basic,11,22.97,252.67,5,0,0.23,0,3.39,3,146,1,1,1
105721,49,Female,East,,13,Basic,7,19.51,136.57,2,1,0.278,14,5.15,0,512,1,1,0
105722,39,Female,West,53800.0,8,Basic,6,44.31,265.86,36,0,0.67,18,3.18,0,0,1,1,0
105723,80,Male,West,79900.0,14,Basic,4,32.7,130.8,8,0,0.651,3,4.05,2,0,0,1,0
105724,41,Female,Central,34900.0,54,Basic,11,30.01,330.11,24,2,0.447,4,5.49,3,486,0,1,1
105725,42,Male,West,72100.0,118,Premium,10,75.74,757.4,20,3,0.362,5,4.11,3,201,1,1,0
105726,18,Male,South,16000.0,23,Basic,8,92.82,742.56,33,0,0.467,4,1.58,1,673,1,1,0
105727,32,Male,West,25700.0,20,Basic,7,18.16,127.12,17,1,0.334,9,16.6,0,90,1,0,0
105728,54,Male,West,62500.0,44,Basic,3,6.39,19.17,72,0,0.318,1,2.85,1,0,1,1,0
105729,22,Female,East,21500.0,35,Basic,5,28.88,144.4,148,0,0.599,11,9.03,2,81,0,0,1
105730,18,Male,East,42700.0,50,Basic,5,42.42,212.1,13,1,0.219,11,8.49,4,294,1,1,0
105731,39,Female,East,44200.0,33,Standard,8,17.12,136.96,24,2,0.536,11,13.28,0,172,0,0,1
105732,57,Male,North,81600.0,54,Basic,5,134.87,674.35,10,0,0.414,10,31.56,2,358,0,1,0
105733,40,Male,South,,32,Standard,8,124.65,997.2,34,0,0.808,19,10.7,1,595,1,0,0
105734,35,Male,North,38700.0,71,Basic,6,63.63,381.78,104,0,0.341,6,9.04,2,498,1,0,1
105735,18,Female,South,43600.0,43,Standard,7,41.56,290.92,26,1,0.348,15,12.02,2,428,0,1,0
105736,45,Non-binary,Central,44500.0,67,Premium,15,192.94,2894.1,45,1,0.466,5,6.58,2,1272,1,1,0
105737,48,Male,North,52000.0,20,Basic,10,26.34,263.4,32,0,0.268,6,2.49,4,157,1,0,1
105738,18,Male,North,35400.0,22,Standard,11,10.01,110.11,9,2,0.63,12,3.42,0,128,0,1,0
105739,54,Non-binary,West,65400.0,30,Standard,10,51.08,510.8,15,1,0.362,7,7.48,1,390,1,0,0
105740,49,Male,Central,48000.0,32,Basic,4,64.87,259.48,105,1,0.339,6,1.83,2,0,1,1,1
105741,54,Female,East,40700.0,25,Basic,3,21.1,63.3,4,1,0.571,10,5.82,4,118,0,1,1
105742,47,Female,South,55300.0,27,Basic,5,51.75,258.75,9,0,0.065,6,5.76,0,142,0,1,0
105743,47,Female,South,45400.0,22,Basic,2,22.6,45.2,13,0,0.553,9,5.58,1,101,2,1,0
105744,46,Male,West,,30,Basic,3,37.69,113.07,15,1,0.428,11,12.8,2,335,1,1,1
105745,50,Male,West,52500.0,19,Standard,12,10.22,122.64,65,3,0.33,14,5.32,0,20,0,1,1
105746,18,Female,North,18000.0,53,Basic,5,11.9,59.5,74,0,0.395,0,5.85,0,136,0,1,1
105747,19,Female,Central,,41,Standard,4,35.8,143.2,70,0,0.382,14,5.62,1,351,1,1,1
105748,29,Male,West,37400.0,30,Basic,4,67.5,270.0,49,0,0.405,6,3.51,1,0,0,1,1
105749,37,Male,West,55800.0,7,Basic,8,10.69,85.52,24,1,0.23,2,1.64,2,267,0,1,1
105750,44,Non-binary,North,58600.0,6,Basic,4,15.33,61.32,65,0,0.715,8,5.63,1,0,2,1,1
105751,43,Female,Central,81100.0,27,Standard,4,37.09,148.36,111,1,,2,12.72,0,0,0,1,1
105752,54,Male,East,64200.0,12,Basic,4,23.67,94.68,59,0,0.559,0,9.23,0,64,1,0,0
105753,54,Female,South,52800.0,38,Standard,8,82.89,663.12,16,1,0.453,5,9.78,1,509,1,1,0
105754,28,Female,South,35200.0,3,Standard,3,89.36,268.08,98,0,0.249,16,29.84,3,324,0,1,1
105755,42,Male,South,58800.0,78,Basic,2,45.09,90.18,77,0,0.316,7,39.75,0,288,1,1,0
105756,28,Female,North,51500.0,9,Basic,10,59.83,598.3,104,0,0.1,13,6.06,3,24,1,1,1
105757,37,Male,North,64800.0,50,Premium,12,58.39,700.68,33,1,0.547,8,,0,689,0,0,0
105758,43,Female,South,37500.0,21,Basic,5,59.28,296.4,48,2,0.58,4,8.7,0,4,0,0,1
105759,18,Female,East,45900.0,6,Standard,6,42.86,257.16,48,0,0.545,5,14.02,0,241,1,1,0
105760,70,Male,West,76800.0,22,Standard,9,5.0,45.0,79,1,0.263,8,25.4,1,125,0,1,1
105761,46,Female,West,41600.0,62,Standard,5,75.39,376.95,18,0,0.594,10,5.68,0,439,0,0,0
105762,31,Female,East,37500.0,21,Standard,8,49.89,399.12,15,0,0.625,19,11.6,0,351,2,1,0
105763,64,Female,North,88700.0,59,Basic,4,5.39,21.56,154,0,0.515,6,4.83,0,0,1,0,1
105764,34,Female,South,49600.0,26,Standard,13,62.47,812.11,30,1,0.251,2,15.72,1,449,1,1,1
105765,41,Male,West,32900.0,41,Standard,8,75.78,606.24,9,0,0.713,3,1.06,1,132,3,1,0
105766,33,Female,West,25400.0,16,Standard,10,88.79,887.9,9,0,0.468,13,11.58,0,487,1,1,0
105767,60,Male,South,50600.0,14,Basic,6,9.71,58.26,0,2,0.102,2,7.22,0,117,1,0,0
105768,38,Male,Central,36800.0,10,Standard,9,37.23,335.07,107,0,0.517,9,5.94,3,285,1,1,1
105769,41,Male,West,50900.0,31,Standard,9,72.54,652.86,1,0,0.349,10,9.5,1,659,1,0,0
105770,55,Female,Central,47400.0,36,Basic,5,33.35,166.75,5,1,0.531,5,3.2,0,66,0,1,1
105771,47,Male,West,49600.0,22,Standard,4,99.52,398.08,0,0,0.521,5,7.33,0,445,2,1,0
105772,38,Male,South,66600.0,15,Standard,7,15.62,109.34,86,0,0.223,6,15.02,0,58,0,1,1
105773,53,Female,Central,83900.0,70,Standard,8,20.96,167.68,3,1,0.483,6,7.73,2,346,1,1,0
105774,72,Male,Central,101000.0,26,Standard,7,40.74,285.18,46,1,0.43,2,7.41,0,241,0,1,1
105775,43,Female,West,26600.0,34,Premium,11,8.98,98.78,6,1,0.263,13,6.44,0,181,0,1,0
105776,41,Female,Central,73300.0,18,Standard,7,5.89,41.23,15,1,0.791,6,7.73,2,3,0,1,0
105777,41,Male,Central,51100.0,7,Premium,16,70.34,1125.44,9,0,0.304,5,5.32,0,152,0,1,0
105778,56,Female,West,65200.0,13,Premium,8,101.19,809.52,7,0,0.099,11,3.18,2,561,0,0,0
105779,31,Female,North,54800.0,25,Basic,6,18.62,111.72,44,0,0.387,6,2.31,0,186,0,1,0
105780,35,Female,East,54000.0,8,Basic,13,71.04,923.52,14,1,0.523,10,13.49,5,470,0,1,1
105781,19,Female,East,15000.0,38,Basic,3,13.84,41.52,11,0,0.393,2,10.44,0,0,1,1,0
105782,24,Male,West,25100.0,25,Standard,5,104.91,524.55,142,1,0.736,5,5.7,1,306,0,1,1
105783,32,Female,East,36200.0,23,Standard,7,64.91,454.37,30,1,0.615,11,3.41,1,339,1,1,0
105784,38,Male,East,28400.0,4,Premium,10,190.0,1900.0,1,2,0.437,3,10.73,3,1240,0,1,1
105785,62,Male,Central,83800.0,24,Standard,10,46.66,466.6,19,2,0.606,5,1.94,1,0,1,1,0
105786,46,Female,South,74700.0,29,Standard,6,38.23,229.38,8,0,0.123,11,4.21,2,62,0,1,0
105787,27,Female,North,36400.0,12,Premium,10,80.28,802.8,7,2,0.17,3,3.32,0,185,0,0,0
105788,30,Female,West,43600.0,17,Standard,2,20.8,41.6,24,0,0.504,2,1.35,0,76,0,1,0
105789,57,Male,South,64900.0,28,Basic,3,62.1,186.3,64,0,0.219,5,5.91,2,44,0,0,1
105790,54,Female,South,63600.0,13,Standard,6,55.93,335.58,31,2,0.428,10,17.65,1,315,1,0,1
105791,39,Female,East,63600.0,17,Premium,15,64.86,972.9,39,0,0.542,9,11.62,2,515,1,1,0
105792,33,Non-binary,Central,17500.0,14,Standard,10,108.1,1081.0,92,0,0.471,6,7.73,1,812,0,1,1
105793,54,Male,South,69000.0,37,Basic,7,30.31,212.17,56,0,0.126,8,1.65,2,6,2,1,1
105794,26,Female,South,35800.0,51,Basic,4,17.1,68.4,16,0,0.319,21,2.03,3,248,1,0,0
105795,44,Male,East,42700.0,29,Standard,9,29.54,265.86,24,0,0.331,5,7.1,0,224,2,1,0
105796,69,Male,West,69400.0,20,Standard,7,21.78,152.46,19,0,0.678,8,17.46,4,137,2,0,1
105797,42,Male,South,76500.0,41,Standard,8,135.66,1085.28,30,2,0.623,17,17.47,0,727,0,0,0
105798,29,Female,South,19900.0,7,Basic,8,59.08,472.64,39,0,0.138,15,11.0,1,407,1,1,0
105799,44,Female,West,50300.0,24,Standard,8,38.34,306.72,24,2,0.142,17,8.35,0,249,0,0,0
105800,33,Female,Central,,53,Premium,15,53.91,808.65,17,2,0.637,6,4.75,2,432,1,1,0
105801,21,Female,South,15000.0,15,Standard,9,86.39,777.51,106,0,0.476,5,13.78,1,297,2,1,1
105802,48,Female,East,50100.0,34,Standard,10,25.03,250.3,10,0,0.513,7,8.39,0,272,0,1,0
105803,54,Male,West,62800.0,43,Basic,7,25.23,176.61,17,1,0.435,7,36.18,0,0,0,0,0
105804,35,Male,North,49900.0,28,Basic,6,103.7,622.2,69,0,0.34,17,9.29,2,388,1,0,1
105805,34,Non-binary,West,,13,Basic,3,10.69,32.07,32,0,0.361,8,4.75,1,374,0,0,0
105806,26,Male,South,23100.0,17,Basic,1,21.95,21.95,89,0,0.15,6,4.44,2,221,0,1,1
105807,37,Female,North,52300.0,37,Basic,5,21.17,105.85,57,1,0.499,0,0.6,2,143,3,1,1
105808,32,Female,North,39900.0,37,Standard,11,34.14,375.54,10,1,0.336,1,4.76,1,474,1,1,0
105809,26,Male,North,44400.0,27,Basic,7,18.01,126.07,63,1,0.132,17,1.47,1,116,0,0,1
105810,64,Female,West,84600.0,5,Premium,16,35.14,562.24,30,0,0.79,13,24.05,0,366,0,1,0
105811,45,Female,West,32800.0,9,Premium,12,73.32,879.84,82,0,0.522,8,7.31,2,529,0,0,1
105812,46,Male,West,69100.0,24,Basic,3,44.0,132.0,23,0,0.537,8,7.48,0,197,2,0,0
105813,50,Female,West,54800.0,15,Premium,10,245.44,2454.4,21,0,0.376,6,13.0,0,1184,0,1,0
105814,49,Female,South,69000.0,10,Standard,10,12.79,127.9,94,0,0.238,3,5.62,2,0,0,0,1
105815,34,Male,Central,50100.0,11,Premium,9,81.32,731.88,6,1,0.667,4,3.7,1,689,0,1,0
105816,43,Non-binary,Central,77700.0,91,Standard,6,64.29,385.74,115,0,0.647,16,6.24,1,351,0,1,0
105817,36,Male,South,45200.0,30,Basic,2,8.47,16.94,18,0,0.679,7,1.9,1,290,1,1,0
105818,45,Female,West,48000.0,37,Standard,7,69.94,489.58,11,0,0.124,1,9.87,2,181,1,1,0
105819,43,Male,West,44600.0,21,Standard,10,54.04,540.4,14,1,0.443,9,15.5,1,323,0,1,0
105820,34,Male,East,28700.0,47,Standard,8,29.35,234.8,18,1,0.796,2,4.65,0,0,0,1,0
105821,22,Female,North,43100.0,35,Standard,7,75.24,526.68,46,0,0.215,0,6.52,1,333,1,0,1
105822,41,Male,South,34400.0,28,Standard,9,146.41,1317.69,142,1,0.566,12,,1,730,0,0,1
105823,36,Male,Central,56300.0,29,Standard,10,16.66,166.6,25,0,0.335,4,2.16,1,24,0,1,0
105824,18,Male,West,24900.0,14,Premium,9,34.13,307.17,226,2,0.147,1,6.55,1,191,1,0,1
105825,46,Female,West,29900.0,13,Standard,5,35.99,179.95,7,0,0.064,11,7.38,0,167,0,0,0
105826,52,Male,Central,81100.0,30,Standard,12,46.77,561.24,2,2,0.492,6,20.25,2,281,0,1,0
105827,72,Female,North,32000.0,43,Basic,1,51.42,51.42,0,0,0.376,1,13.61,2,155,0,0,1
105828,34,Female,Central,42100.0,55,Premium,8,10.73,85.84,34,0,0.121,5,10.18,1,0,0,0,0
105829,32,Female,East,44600.0,39,Premium,6,174.68,1048.08,53,0,0.17,5,5.64,0,545,0,1,0
105830,25,Female,West,15000.0,59,Standard,8,88.2,705.6,21,0,0.283,4,10.91,2,334,2,1,0
105831,42,Female,South,57000.0,53,Premium,16,159.36,2549.76,25,1,0.518,11,4.44,0,1379,0,1,0
105832,42,Male,South,41400.0,22,Standard,4,64.2,256.8,6,0,0.252,9,4.31,2,72,2,0,0
105833,28,Male,South,34000.0,68,Standard,9,46.75,420.75,4,0,0.271,9,10.9,1,473,1,1,0
105834,37,Female,South,64900.0,26,Premium,11,66.4,730.4,39,1,0.143,17,5.38,1,335,1,1,0
105835,18,Male,North,30000.0,24,Basic,3,10.63,31.89,34,0,0.798,10,9.35,2,296,0,1,0
105836,51,Non-binary,South,54400.0,37,Standard,8,55.09,440.72,23,1,0.622,25,4.44,0,417,2,1,0
105837,29,Female,East,36100.0,54,Standard,8,23.01,184.08,17,0,0.347,11,13.25,0,335,0,1,0
105838,39,Male,Central,72800.0,16,Premium,10,11.78,117.8,60,1,0.283,4,7.07,1,195,3,1,0
105839,20,Non-binary,North,35600.0,26,Standard,12,63.19,758.28,6,0,0.488,10,9.43,0,367,0,0,0
105840,31,Male,North,28000.0,22,Basic,2,21.84,43.68,16,0,0.535,12,29.19,0,117,2,1,0
105841,35,Male,East,37300.0,12,Standard,7,131.98,923.86,15,0,0.395,12,13.97,1,704,2,1,0
105842,39,Male,West,31300.0,16,Basic,4,44.88,179.52,29,0,0.254,7,21.68,1,247,0,1,0
105843,45,Male,East,47300.0,13,Standard,6,38.57,231.42,11,0,0.168,16,3.9,2,220,0,1,0
105844,58,Female,Central,88500.0,36,Standard,6,99.52,597.12,23,0,0.147,7,7.34,2,328,2,0,0
105845,49,Female,South,55100.0,22,Premium,7,118.29,828.03,12,0,0.133,10,7.57,2,193,0,1,0
105846,52,Male,East,41600.0,19,Basic,6,9.09,54.54,7,2,0.344,0,24.41,1,100,0,0,1
105847,58,Female,Central,72000.0,33,Standard,7,15.43,108.01,57,0,0.526,4,10.06,2,162,1,1,0
105848,46,Female,East,49100.0,34,Standard,6,71.54,429.24,3,0,0.609,4,1.37,1,40,0,1,0
105849,39,Female,East,55800.0,53,Standard,3,36.77,110.31,75,1,0.41,8,5.19,0,223,0,1,0
105850,52,Male,Central,56900.0,5,Standard,8,124.68,997.44,5,0,0.284,3,20.92,0,422,0,1,0
105851,53,Male,South,81500.0,46,Basic,3,48.11,144.33,90,1,0.13,17,13.1,0,328,2,1,1
105852,47,Female,North,42800.0,12,Standard,2,27.72,55.44,18,0,0.603,12,7.76,0,27,0,0,0
105853,20,Female,North,15000.0,31,Basic,3,17.04,51.12,17,0,0.334,6,3.52,4,31,0,0,1
105854,28,Female,West,50600.0,11,Premium,14,145.23,2033.22,7,0,0.257,7,2.78,1,1083,2,0,0
105855,35,Female,Central,16100.0,39,Basic,8,8.75,70.0,51,1,0.31,20,7.35,1,172,1,0,0
105856,49,Male,South,55000.0,17,Premium,9,101.77,915.93,232,2,0.223,17,15.17,2,460,0,0,1
105857,39,Female,South,59200.0,35,Basic,8,52.54,420.32,11,1,0.356,6,3.08,1,367,1,1,0
105858,54,Non-binary,East,31500.0,15,Basic,7,10.85,75.95,164,0,0.301,32,14.05,0,346,0,1,1
105859,56,Female,North,65000.0,6,Standard,10,16.23,162.3,69,0,0.799,3,4.81,0,320,2,1,0
105860,55,Female,West,42200.0,15,Standard,7,77.91,545.37,108,0,0.552,5,5.81,1,26,2,1,1
105861,55,Male,South,37300.0,34,Standard,7,52.62,368.34,33,1,0.429,6,6.93,0,96,0,1,1
105862,26,Female,Central,20700.0,21,Standard,6,73.25,439.5,2,1,0.276,13,8.55,3,658,1,0,0
105863,45,Female,West,51100.0,42,Basic,11,22.93,252.23,22,2,0.427,5,5.68,1,366,0,1,0
105864,31,Female,South,30500.0,23,Standard,6,27.02,162.12,70,0,0.562,6,10.65,1,50,1,1,1
105865,18,Male,West,43500.0,30,Standard,6,89.81,538.86,6,0,0.183,7,9.15,1,269,0,1,0
105866,35,Female,West,45300.0,7,Standard,6,101.46,608.76,22,0,0.432,2,7.8,2,382,0,1,0
105867,56,Male,South,57300.0,34,Standard,12,74.98,899.76,27,0,0.246,0,5.9,0,308,1,0,0
105868,45,Male,South,35300.0,45,Standard,5,71.53,357.65,6,0,0.696,5,14.21,2,304,2,0,0
105869,65,Male,West,75800.0,5,Basic,9,6.61,59.49,6,0,0.241,8,22.33,1,127,1,1,1
105870,41,Male,West,78700.0,9,Standard,2,45.58,91.16,17,0,0.053,7,3.96,0,301,0,0,0
105871,71,Male,West,68500.0,74,Standard,6,36.51,219.06,12,0,0.388,6,14.19,1,277,0,1,0
105872,41,Male,South,41700.0,30,Basic,4,49.57,198.28,5,1,0.407,2,2.86,2,0,0,1,0
105873,39,Female,West,33100.0,22,Basic,6,21.63,129.78,33,0,0.302,11,5.17,1,118,1,0,0
105874,22,Male,West,48400.0,20,Basic,9,112.28,1010.52,37,1,0.584,3,5.71,0,485,1,0,0
105875,53,Male,South,74200.0,2,Premium,9,32.34,291.06,5,0,0.352,10,2.1,0,223,1,0,0
105876,32,Female,South,35100.0,38,Standard,13,40.09,521.17,68,1,0.314,2,1.88,0,185,1,0,1
105877,31,Male,South,32000.0,21,Basic,4,10.92,43.68,21,0,0.63,3,17.89,1,0,0,0,1
105878,56,Female,West,50900.0,27,Standard,11,16.26,178.86,32,0,0.319,9,13.76,0,56,1,1,0
105879,54,Male,North,58100.0,45,Standard,6,35.22,211.32,24,3,0.142,7,4.23,0,65,0,0,0
105880,54,Female,Central,76500.0,23,Standard,6,91.84,551.04,7,0,0.427,4,3.62,2,389,0,1,0
105881,34,Female,South,43800.0,51,Standard,10,93.34,933.4,141,0,0.439,5,4.5,1,657,0,1,1
105882,38,Female,West,65000.0,6,Standard,3,55.09,165.27,63,1,0.294,3,1.49,3,132,0,0,1
105883,38,Female,North,36900.0,32,Standard,6,49.13,294.78,1,0,0.558,9,14.81,0,266,1,0,0
105884,49,Female,West,25100.0,17,Standard,2,97.55,195.1,22,1,0.583,10,6.43,2,234,0,1,1
105885,59,Female,East,103400.0,33,Basic,3,45.73,137.19,23,0,0.777,5,21.8,0,262,1,0,1
105886,44,Male,West,55700.0,21,Standard,6,33.81,202.86,35,0,0.359,9,20.0,0,135,1,0,1
105887,65,Female,Central,83500.0,53,Basic,5,18.21,91.05,61,0,0.216,3,23.51,1,31,1,0,1
105888,51,Non-binary,North,48300.0,40,Basic,8,18.11,144.88,145,0,,3,30.5,0,141,2,1,1
105889,36,Male,North,26000.0,18,Standard,9,66.14,595.26,39,0,0.306,7,12.89,0,241,0,1,0
105890,50,Female,North,60600.0,16,Basic,4,38.71,154.84,57,0,0.236,9,5.6,0,21,0,1,1
105891,61,Female,East,41000.0,32,Basic,4,43.44,173.76,13,1,0.218,15,5.55,1,366,2,1,0
105892,65,Female,West,68900.0,22,Premium,9,44.83,403.47,5,3,,14,7.37,2,115,0,1,0
105893,54,Female,North,76500.0,29,Basic,4,5.0,20.0,63,0,0.325,4,3.02,0,0,1,1,1
105894,39,Male,West,54200.0,36,Premium,10,20.0,200.0,7,0,0.493,3,17.72,1,0,0,1,0
105895,36,Male,South,48700.0,46,Standard,5,47.53,237.65,46,1,0.159,9,4.73,0,92,1,0,0
105896,46,Male,Central,79000.0,20,Basic,4,15.56,62.24,21,0,0.473,4,3.95,2,0,2,1,0
105897,61,Female,South,74100.0,13,Basic,5,28.36,141.8,17,0,0.53,3,13.83,0,0,1,1,0
105898,45,Male,Central,27000.0,53,Standard,8,22.86,182.88,5,0,0.249,12,6.78,1,62,0,1,0
105899,45,Female,East,51600.0,45,Basic,6,32.38,194.28,8,0,0.414,6,15.58,2,120,1,1,0
105900,40,Male,Central,75900.0,34,Standard,4,61.62,246.48,0,1,0.406,16,11.0,1,21,0,0,0
105901,35,Non-binary,East,39800.0,38,Basic,3,58.41,175.23,70,0,0.25,9,6.17,3,259,0,1,1
105902,37,Female,South,72100.0,24,Basic,5,40.56,202.8,45,0,0.537,11,6.63,3,80,1,0,1
105903,41,Male,West,,37,Standard,9,35.72,321.48,46,1,0.501,3,17.68,2,339,2,1,1
105904,61,Male,East,63100.0,59,Basic,1,19.32,19.32,60,0,0.607,2,6.65,0,215,4,0,0
105905,36,Male,South,30000.0,12,Basic,7,33.79,236.53,31,1,0.319,11,15.04,0,121,0,1,1
105906,40,Female,East,53700.0,14,Basic,3,75.1,225.3,8,2,0.525,8,9.15,0,121,1,0,0
105907,28,Male,Central,55300.0,40,Basic,6,42.62,255.72,84,0,0.372,6,3.55,1,326,3,0,1
105908,48,Female,West,34400.0,4,Standard,6,69.7,418.2,8,0,0.625,4,4.83,2,357,2,1,0
105909,57,Female,North,66700.0,61,Standard,5,42.53,212.65,8,1,0.061,6,12.52,0,186,0,0,0
105910,60,Male,West,39300.0,69,Premium,11,82.04,902.44,5,0,0.322,8,5.64,0,415,1,1,0
105911,42,Female,South,46000.0,13,Standard,5,58.99,294.95,26,0,0.275,16,10.13,0,143,0,0,0
105912,46,Female,North,31400.0,13,Premium,10,16.33,163.3,0,0,0.07,3,10.69,1,344,0,0,0
105913,37,Non-binary,North,53900.0,2,Basic,5,35.32,176.6,3,1,0.265,3,15.94,0,308,0,1,1
105914,46,Female,North,45000.0,13,Standard,8,5.8,46.4,24,0,0.323,7,11.57,1,0,1,1,0
105915,43,Male,West,68000.0,25,Premium,9,157.86,1420.74,61,1,0.268,10,9.09,0,723,0,1,1
105916,40,Male,South,41300.0,6,Standard,5,92.3,461.5,21,0,0.274,3,10.27,2,362,0,1,0
105917,41,Female,North,41000.0,48,Standard,5,66.43,332.15,67,0,0.254,14,2.29,0,139,1,1,0
105918,45,Male,South,31000.0,46,Basic,7,16.29,114.03,33,0,0.222,1,17.27,2,49,0,1,0
105919,35,Male,Central,49600.0,30,Standard,5,78.64,393.2,20,0,0.708,0,11.41,1,348,0,0,0
105920,36,Male,East,52000.0,17,Basic,3,48.47,145.41,16,0,0.645,7,13.56,1,222,0,0,0
105921,61,Male,East,82000.0,15,Basic,5,71.94,359.7,7,0,0.514,7,2.37,0,251,1,0,0
105922,74,Male,West,90400.0,39,Basic,8,44.26,354.08,71,1,0.397,13,3.21,0,100,0,1,1
105923,23,Male,North,38400.0,55,Basic,3,59.32,177.96,45,0,0.098,3,8.98,1,344,0,0,1
105924,23,Female,Central,41100.0,17,Basic,3,38.29,114.87,24,0,0.451,5,9.39,1,163,0,0,1
105925,27,Female,North,46300.0,56,Basic,3,15.37,46.11,19,0,0.495,6,10.17,0,91,0,0,0
105926,38,Male,North,59700.0,34,Standard,11,61.43,675.73,6,2,0.319,6,6.89,3,627,0,1,0
105927,51,Male,South,38000.0,57,Standard,6,64.48,386.88,26,0,0.414,6,18.24,1,595,1,1,1
105928,47,Male,North,49100.0,20,Standard,5,62.01,310.05,45,1,0.186,11,14.32,3,307,1,1,1
105929,41,Female,North,27100.0,9,Standard,6,20.9,125.4,105,0,0.548,14,35.27,1,422,0,1,1
105930,46,Male,West,59200.0,57,Premium,19,146.08,2775.52,12,1,0.357,5,21.34,3,1508,0,1,0
105931,30,Female,South,62200.0,16,Basic,6,46.33,277.98,74,1,0.452,10,5.1,2,26,1,0,1
105932,36,Female,North,57600.0,49,Premium,13,80.46,1045.98,70,0,0.194,9,12.75,1,398,2,0,0
105933,39,Male,East,39500.0,4,Basic,4,5.05,20.2,76,0,0.227,3,2.24,2,9,1,1,1
105934,18,Female,West,35100.0,26,Basic,5,35.28,176.4,36,0,0.273,7,9.64,2,281,0,0,1
105935,24,Male,Central,38600.0,34,Basic,5,41.87,209.35,103,0,0.393,9,1.74,2,513,2,1,1
105936,24,Female,North,37000.0,30,Standard,7,83.93,587.51,16,1,0.484,8,11.82,2,331,1,0,0
105937,49,Male,Central,39200.0,30,Standard,4,121.91,487.64,34,0,0.709,15,4.99,3,543,0,1,1
105938,42,Male,West,69200.0,24,Basic,7,39.86,279.02,89,0,0.759,8,9.78,0,288,2,0,1
105939,47,Female,East,39100.0,22,Standard,3,11.47,34.41,19,0,0.365,6,30.68,0,0,1,1,0
105940,18,Male,South,22900.0,32,Premium,13,76.42,993.46,88,1,0.374,2,2.0,2,430,1,1,1
105941,20,Male,South,43300.0,54,Standard,8,85.65,685.2,39,1,0.397,4,3.03,0,364,0,0,0
105942,48,Female,North,51300.0,16,Basic,6,102.48,614.88,21,0,0.495,2,15.1,1,185,1,1,0
105943,18,Male,West,29100.0,40,Premium,7,22.04,154.28,158,0,0.592,14,8.81,0,15,0,0,1
105944,55,Male,West,64800.0,9,Basic,5,24.01,120.05,66,0,0.519,1,9.64,3,0,1,1,1
105945,18,Female,North,28900.0,36,Premium,12,122.27,1467.24,16,1,0.314,13,9.03,3,844,0,1,0
105946,50,Male,South,60000.0,18,Basic,9,47.1,423.9,51,0,0.374,5,6.78,0,305,0,1,1
105947,27,Female,Central,39500.0,14,Premium,12,101.01,1212.12,18,2,0.258,12,5.27,1,772,0,1,0
105948,53,Female,East,62300.0,32,Basic,3,40.37,121.11,117,0,0.699,13,9.54,1,240,1,0,1
105949,80,Female,East,74400.0,60,Basic,8,25.62,204.96,12,0,0.76,5,10.17,0,395,0,1,0
105950,18,Male,Central,15000.0,12,Premium,7,114.46,801.22,20,0,0.313,5,9.18,0,735,1,0,0
105951,48,Male,North,70500.0,10,Standard,6,65.87,395.22,1,0,0.395,6,5.2,3,338,0,1,0
105952,18,Female,East,42600.0,26,Standard,7,76.55,535.85,4,0,0.288,6,3.99,1,442,0,1,0
105953,45,Female,West,58400.0,14,Standard,3,55.44,166.32,17,0,0.16,7,13.26,1,47,1,1,0
105954,36,Female,South,49700.0,27,Standard,5,163.54,817.7,71,0,0.198,4,30.57,1,460,0,0,1
105955,41,Male,South,37000.0,20,Basic,5,12.52,62.6,73,1,0.141,15,9.09,1,206,0,1,1
105956,27,Female,Central,15000.0,10,Standard,6,24.2,145.2,92,0,0.255,14,3.21,1,55,0,1,1
105957,49,Female,North,54000.0,16,Standard,5,44.87,224.35,28,0,0.418,13,6.58,0,145,3,0,0
105958,20,Female,North,15000.0,49,Basic,7,22.92,160.44,30,2,0.365,12,1.04,0,177,0,1,0
105959,55,Female,South,65700.0,22,Basic,9,61.44,552.96,12,1,0.337,6,5.33,1,330,0,0,0
105960,34,Male,West,,25,Basic,3,17.26,51.78,78,0,0.25,8,15.42,0,0,1,1,1
105961,21,Male,South,22200.0,14,Standard,5,15.38,76.9,20,0,0.293,11,2.02,0,228,0,0,0
105962,60,Female,South,60100.0,32,Basic,6,30.81,184.86,38,1,0.29,6,4.9,4,36,0,0,1
105963,38,Male,South,32900.0,41,Basic,9,8.92,80.28,35,0,0.441,9,10.73,1,317,0,0,0
105964,64,Female,South,72300.0,28,Basic,7,48.45,339.15,50,0,0.7,10,6.92,1,241,1,1,0
105965,55,Male,West,62700.0,21,Standard,10,82.7,827.0,18,2,0.381,10,3.3,0,320,0,1,0
105966,29,Female,Central,24200.0,46,Basic,5,24.36,121.8,55,1,0.369,2,13.17,3,0,1,1,1
105967,38,Female,South,59800.0,26,Basic,5,53.64,268.2,1,0,0.323,5,6.77,1,312,2,1,0
105968,41,Male,West,87700.0,53,Standard,10,90.29,902.9,94,1,0.407,11,21.38,0,486,0,0,1
105969,59,Female,West,83600.0,38,Basic,4,69.68,278.72,17,0,0.321,13,6.58,1,226,0,0,0
105970,45,Male,West,52100.0,21,Premium,6,10.06,60.36,15,0,0.608,9,5.56,1,120,2,1,0
105971,41,Female,East,48100.0,7,Standard,9,68.11,612.99,4,2,0.681,7,5.13,1,318,2,1,1
105972,36,Female,North,,38,Basic,5,42.32,211.6,66,0,0.513,17,1.37,2,206,1,0,1
105973,38,Male,West,39500.0,53,Basic,5,43.16,215.8,15,0,0.38,2,8.92,0,0,0,1,0
105974,56,Female,East,,12,Basic,2,69.8,139.6,56,0,0.331,1,2.1,0,136,1,1,1
105975,39,Female,East,62000.0,24,Standard,10,122.03,1220.3,11,1,0.309,6,4.87,0,733,0,1,0
105976,34,Male,South,26800.0,38,Standard,2,59.1,118.2,0,0,0.437,6,5.59,4,135,0,1,1
105977,32,Female,North,46400.0,21,Basic,6,28.95,173.7,19,2,0.251,9,20.25,1,204,0,1,1
105978,32,Male,North,56900.0,26,Standard,5,85.84,429.2,87,1,0.505,4,14.05,1,217,0,0,1
105979,21,Female,North,25900.0,67,Standard,8,77.55,620.4,62,0,0.319,9,3.85,1,297,0,0,0
105980,29,Male,North,35500.0,31,Basic,5,33.83,169.15,1,1,0.782,12,4.11,3,183,0,0,0
105981,58,Male,South,75700.0,14,Basic,5,31.75,158.75,112,0,0.59,8,8.93,2,360,1,1,1
105982,36,Female,North,55200.0,26,Standard,7,38.09,266.63,77,1,0.222,4,7.6,2,597,0,0,1
105983,48,Male,South,62500.0,26,Standard,5,30.83,154.15,50,1,0.391,16,3.42,2,372,1,0,1
105984,18,Male,Central,31600.0,12,Standard,8,29.34,234.72,57,0,0.549,7,9.35,1,173,0,0,1
105985,46,Male,East,60000.0,83,Premium,6,87.0,522.0,103,0,0.168,11,13.3,0,532,0,0,1
105986,37,Female,South,42200.0,3,Basic,7,27.45,192.15,165,0,0.412,2,1.22,0,45,0,1,1
105987,33,Male,West,26600.0,8,Standard,10,50.4,504.0,49,0,0.728,7,5.98,0,384,2,1,0
105988,41,Male,East,,12,Standard,8,26.23,209.84,58,0,0.364,3,11.91,1,0,1,1,1
105989,33,Non-binary,North,50600.0,8,Standard,7,58.8,411.6,34,0,0.492,7,27.23,2,233,0,1,0
105990,18,Male,East,29500.0,5,Premium,5,111.31,556.55,15,0,0.535,2,15.87,1,150,0,1,0
105991,51,Male,South,65700.0,67,Basic,7,49.86,349.02,27,1,0.173,12,7.69,1,390,0,0,0
105992,42,Male,East,39200.0,40,Premium,12,37.4,448.8,14,1,0.558,4,3.15,0,123,0,1,0
105993,35,Male,North,45600.0,47,Basic,9,37.4,336.6,31,0,0.799,7,0.62,0,232,0,1,0
105994,26,Male,East,36700.0,20,Basic,4,35.14,140.56,14,1,0.575,6,3.66,1,389,2,1,0
105995,20,Male,North,47800.0,55,Premium,10,66.99,669.9,36,0,0.398,8,14.75,1,518,1,0,0
105996,42,Female,South,62700.0,38,Basic,8,32.33,258.64,10,2,0.41,10,19.32,2,295,0,1,0
105997,60,Male,West,57500.0,19,Standard,9,65.47,589.23,62,1,0.593,9,5.81,2,437,0,1,0
105998,42,Female,South,57900.0,36,Standard,3,69.07,207.21,10,0,0.781,15,0.79,1,226,2,0,0
105999,21,Male,South,20400.0,8,Standard,7,69.89,489.23,56,1,0.132,4,9.84,4,489,0,1,1
106000,42,Male,North,15000.0,32,Basic,3,18.2,54.6,15,0,0.596,9,1.28,1,0,0,1,0
106001,38,Male,West,71200.0,23,Basic,3,82.12,246.36,12,0,0.213,5,15.69,0,0,0,0,0
106002,50,Female,East,53200.0,66,Standard,9,82.13,739.17,23,0,0.19,14,3.18,2,347,0,1,0
106003,47,Male,West,70100.0,50,Basic,5,15.99,79.95,38,0,0.704,4,5.98,2,311,0,1,0
106004,18,Female,East,18700.0,8,Standard,7,25.93,181.51,58,0,0.726,13,8.96,1,244,0,0,0
106005,46,Male,Central,43300.0,13,Basic,5,23.79,118.95,75,0,0.725,13,2.13,1,122,0,1,1
106006,26,Male,South,27900.0,85,Basic,7,49.6,347.2,129,0,0.366,6,7.49,1,225,2,1,1
106007,21,Male,West,34400.0,20,Basic,5,22.02,110.1,51,1,0.418,12,12.62,3,65,1,1,1
106008,37,Female,South,48500.0,8,Basic,9,6.96,62.64,28,0,0.565,7,8.93,1,328,1,1,0
106009,44,Male,South,59700.0,41,Standard,6,102.01,612.06,58,0,0.256,23,2.78,4,367,0,1,0
106010,18,Female,West,21100.0,60,Standard,12,30.44,365.28,207,0,0.13,4,3.91,2,411,0,0,1
106011,48,Male,Central,,22,Standard,3,110.72,332.16,123,0,0.197,7,14.58,2,274,0,0,1
106012,49,Male,West,45600.0,35,Standard,6,83.45,500.7,24,0,0.63,9,11.16,1,432,0,0,0
106013,40,Male,South,,24,Premium,6,225.09,1350.54,26,0,0.283,3,2.28,1,977,0,0,0
106014,28,Female,East,19100.0,41,Basic,2,46.3,92.6,60,1,0.483,9,4.83,3,190,0,1,1
106015,26,Female,North,24100.0,14,Standard,6,38.46,230.76,58,0,0.514,16,13.91,0,205,0,1,0
106016,52,Male,East,54400.0,30,Basic,6,45.95,275.7,45,0,0.33,8,8.02,0,254,0,1,0
106017,19,Non-binary,South,62400.0,49,Premium,7,199.37,1395.59,21,0,0.385,2,2.93,0,1021,0,1,0
106018,53,Female,South,72000.0,19,Premium,7,54.61,382.27,70,0,0.266,0,15.95,3,438,2,1,1
106019,37,Male,North,34100.0,46,Standard,5,51.4,257.0,23,1,0.331,8,4.94,2,71,0,1,0
106020,38,Female,Central,58500.0,40,Basic,2,24.9,49.8,24,0,0.397,19,25.25,1,102,0,0,0
106021,18,Female,North,35200.0,10,Basic,5,47.85,239.25,87,2,0.657,9,15.47,0,115,0,0,1
106022,37,Non-binary,South,49900.0,15,Premium,9,41.84,376.56,2,0,0.4,6,4.6,2,251,0,1,0
106023,47,Male,North,65300.0,43,Standard,4,35.83,143.32,41,0,0.076,30,14.4,1,101,1,1,0
106024,22,Non-binary,East,32600.0,14,Basic,5,15.12,75.6,21,2,0.229,5,3.74,0,156,1,1,0
106025,45,Female,North,56000.0,3,Basic,4,76.93,307.72,33,1,0.443,9,2.4,3,81,0,0,1
106026,40,Male,West,27200.0,29,Basic,4,106.64,426.56,433,0,0.074,8,2.79,1,302,2,1,1
106027,31,Male,South,60600.0,27,Standard,12,83.37,1000.44,18,0,0.322,13,10.4,3,841,0,1,0
106028,50,Male,North,52100.0,42,Standard,4,80.28,321.12,64,0,0.459,4,7.76,0,90,0,0,1
106029,18,Female,North,15000.0,57,Premium,10,63.5,635.0,170,1,0.123,4,6.28,1,147,0,0,1
106030,44,Male,South,45600.0,27,Standard,9,19.73,177.57,9,1,0.348,5,1.78,3,36,1,0,1
106031,60,Female,East,61400.0,33,Premium,20,23.53,470.6,22,0,0.809,7,22.39,1,258,1,1,0
106032,58,Male,North,54800.0,8,Basic,9,94.54,850.86,1,0,0.441,4,17.92,2,589,0,0,0
106033,44,Male,West,63600.0,20,Standard,8,40.42,323.36,10,0,0.466,12,2.76,0,434,2,0,0
106034,35,Female,South,57800.0,100,Standard,11,54.75,602.25,1,2,0.175,22,6.3,2,671,1,0,0
106035,31,Female,North,15000.0,37,Standard,6,68.11,408.66,82,0,0.134,11,11.94,0,305,2,0,1
106036,35,Male,South,36900.0,59,Standard,6,68.67,412.02,34,1,0.205,8,5.82,0,214,1,1,1
106037,46,Male,East,48400.0,20,Basic,2,46.51,93.02,130,0,0.474,11,4.87,2,161,0,0,1
106038,29,Female,South,36000.0,18,Basic,2,26.79,53.58,6,0,0.024,11,13.34,2,184,1,0,1
106039,49,Female,East,81300.0,17,Standard,4,79.14,316.56,13,0,0.213,5,6.61,4,170,1,1,0
106040,67,Male,West,63200.0,48,Standard,7,50.16,351.12,102,1,0.121,4,10.58,2,199,1,1,1
106041,38,Female,North,68900.0,23,Premium,4,95.42,381.68,5,0,0.672,6,12.5,0,328,0,0,0
106042,22,Male,South,29800.0,8,Standard,4,20.39,81.56,50,0,0.184,4,1.43,1,0,0,1,1
106043,22,Male,South,53800.0,24,Standard,4,40.32,161.28,17,0,0.461,3,4.82,3,224,0,0,1
106044,49,Female,South,,18,Standard,9,26.01,234.09,9,0,,16,23.07,1,150,1,0,0
106045,38,Male,South,41000.0,50,Standard,6,15.4,92.4,12,0,0.349,7,15.1,1,99,1,1,0
106046,50,Male,East,58100.0,82,Standard,6,38.06,228.36,55,0,0.201,10,0.72,1,5,0,1,0
106047,32,Male,East,59400.0,8,Standard,5,46.29,231.45,60,0,0.062,5,0.85,1,0,0,1,1
106048,50,Male,West,60600.0,38,Standard,8,19.34,154.72,25,1,0.37,6,12.48,2,241,1,1,0
106049,37,Female,North,49000.0,54,Basic,7,30.77,215.39,5,1,0.474,6,2.28,1,132,1,1,0
106050,29,Female,East,47400.0,43,Premium,10,97.53,975.3,39,1,0.229,11,1.25,4,721,1,1,0
106051,34,Male,West,30900.0,18,Basic,5,5.0,25.0,84,0,0.574,7,11.82,1,257,1,1,1
106052,23,Female,South,37500.0,21,Basic,7,39.96,279.72,8,1,0.717,14,10.21,3,133,2,0,0
106053,65,Female,West,63900.0,27,Premium,7,71.53,500.71,32,2,0.553,5,3.18,2,393,1,0,1
106054,38,Female,East,67600.0,16,Standard,4,16.83,67.32,13,2,0.517,3,16.53,0,0,0,1,1
106055,47,Male,East,61400.0,31,Standard,6,93.26,559.56,12,0,0.447,5,19.05,2,212,1,1,0
106056,32,Female,North,51000.0,61,Basic,4,52.98,211.92,8,0,0.493,9,2.42,1,164,0,1,0
106057,25,Male,East,15000.0,38,Basic,5,8.27,41.35,50,0,0.493,2,12.0,0,0,0,0,0
106058,36,Male,East,55000.0,6,Standard,6,58.82,352.92,47,0,0.71,18,3.38,2,48,1,1,0
106059,53,Female,North,58800.0,25,Standard,3,106.41,319.23,56,0,0.368,3,19.12,3,375,1,0,1
106060,32,Male,North,21200.0,77,Premium,9,75.95,683.55,26,0,0.519,4,16.16,1,606,0,0,0
106061,28,Female,North,38800.0,14,Standard,9,32.85,295.65,2,1,0.317,5,1.35,1,279,1,1,0
106062,41,Male,East,28600.0,43,Standard,4,53.86,215.44,10,0,0.265,5,,2,56,0,1,0
106063,45,Male,North,62200.0,10,Standard,11,39.61,435.71,25,0,0.146,5,3.1,1,334,1,0,0
106064,60,Male,West,88000.0,38,Standard,5,46.08,230.4,24,0,0.525,3,3.79,1,70,0,0,0
106065,44,Male,Central,27600.0,21,Basic,7,9.63,67.41,70,1,0.2,4,1.53,0,0,1,0,1
106066,47,Male,Central,55100.0,66,Basic,4,30.29,121.16,28,1,0.811,14,1.36,3,228,0,0,1
106067,48,Male,South,54200.0,66,Basic,6,37.31,223.86,19,1,0.519,4,10.81,0,280,0,0,0
106068,24,Male,East,15000.0,8,Standard,10,53.37,533.7,14,0,,6,2.75,0,147,1,1,0
106069,26,Female,Central,,24,Premium,15,308.45,4626.75,40,0,0.302,4,2.78,0,2233,0,0,0
106070,25,Male,West,43400.0,20,Standard,11,21.92,241.12,59,0,0.368,13,18.76,1,131,1,1,0
106071,22,Male,South,60200.0,42,Standard,7,67.1,469.7,69,1,0.451,5,21.88,4,128,1,1,0
106072,49,Female,West,64400.0,103,Basic,4,11.92,47.68,16,0,0.692,5,12.24,1,131,1,1,0
106073,43,Non-binary,East,39400.0,23,Standard,4,19.76,79.04,79,0,0.25,8,8.69,3,0,0,1,1
106074,40,Male,West,56100.0,62,Standard,6,44.17,265.02,39,1,0.438,6,18.66,1,111,1,0,0
106075,18,Male,Central,46000.0,22,Standard,7,92.12,644.84,70,0,0.378,15,7.41,1,406,0,1,1
106076,66,Female,Central,67100.0,29,Basic,4,21.59,86.36,89,0,0.286,11,5.18,1,160,0,1,1
106077,27,Male,East,48500.0,23,Standard,5,25.95,129.75,27,0,0.676,3,16.88,0,0,1,0,1
106078,66,Male,North,40600.0,43,Standard,7,44.89,314.23,35,0,0.269,7,17.5,0,208,1,0,1
106079,20,Female,East,50600.0,69,Basic,6,32.79,196.74,3,1,0.488,2,3.3,0,141,0,1,0
106080,28,Male,East,,48,Standard,3,121.89,365.67,21,0,0.497,8,9.38,1,529,0,0,0
106081,18,Male,East,15000.0,21,Basic,7,29.87,209.09,12,1,0.369,15,7.93,1,25,2,0,0
106082,44,Female,South,58100.0,10,Basic,12,10.8,129.6,71,0,0.29,0,6.91,1,41,0,1,1
106083,25,Male,East,15000.0,16,Basic,5,39.55,197.75,5,0,0.666,13,17.83,0,112,0,1,0
106084,25,Female,East,,58,Standard,8,13.86,110.88,9,0,0.563,21,21.5,2,187,0,1,0
106085,21,Male,Central,40400.0,30,Basic,9,65.1,585.9,8,0,0.688,4,9.01,1,489,0,1,0
106086,49,Male,West,55500.0,32,Basic,5,40.57,202.85,12,1,0.257,12,16.02,0,311,3,1,0
106087,48,Female,South,74100.0,47,Standard,4,108.04,432.16,7,0,0.418,3,20.27,1,329,1,1,0
106088,63,Male,East,71600.0,27,Standard,6,52.67,316.02,12,0,0.662,15,2.33,0,212,1,1,0
106089,30,Female,East,38900.0,51,Standard,6,22.34,134.04,8,0,0.512,10,11.93,0,276,0,1,0
106090,42,Female,East,66200.0,23,Standard,6,106.28,637.68,13,0,0.194,3,13.84,0,95,0,1,0
106091,22,Male,North,27100.0,20,Basic,2,12.7,25.4,21,0,0.518,1,7.28,3,233,1,0,1
106092,35,Female,West,43800.0,11,Basic,11,55.4,609.4,50,1,0.187,4,7.78,0,251,0,1,1
106093,32,Female,West,42800.0,4,Basic,6,5.39,32.34,7,0,0.433,3,10.82,4,154,1,1,0
106094,45,Female,East,52700.0,31,Basic,4,19.28,77.12,28,0,0.518,5,9.28,1,0,0,0,0
106095,52,Male,Central,76500.0,45,Basic,3,72.93,218.79,14,0,0.361,13,8.93,1,180,0,0,0
106096,52,Male,Central,51000.0,44,Premium,15,217.23,3258.45,3,0,0.326,10,35.82,3,1711,0,1,0
106097,28,Female,West,25900.0,60,Basic,5,33.39,166.95,95,0,,7,5.33,1,108,0,1,1
106098,52,Female,Central,45400.0,26,Basic,5,12.13,60.65,71,0,0.543,6,3.71,4,98,1,1,1
106099,38,Female,East,17000.0,59,Premium,16,136.61,2185.76,20,3,0.537,3,13.72,0,926,1,1,0
106100,35,Female,Central,64900.0,28,Standard,8,70.9,567.2,28,1,0.173,5,16.48,4,420,0,1,1
106101,30,Female,Central,26800.0,11,Premium,11,54.21,596.31,165,0,0.391,2,3.48,2,22,1,1,1
106102,32,Male,East,38000.0,37,Basic,6,53.42,320.52,59,0,0.192,13,5.06,1,280,1,0,1
106103,62,Male,North,91600.0,12,Standard,6,31.38,188.28,2,0,0.487,10,0.99,0,89,0,1,0
106104,43,Female,North,49800.0,26,Premium,8,28.24,225.92,64,0,0.465,6,20.15,0,99,0,1,0
106105,41,Male,East,57100.0,53,Premium,6,91.86,551.16,81,1,0.549,5,5.43,3,372,1,0,0
106106,36,Male,West,25200.0,2,Basic,8,40.76,326.08,16,1,0.307,5,4.98,1,57,1,0,1
106107,71,Female,East,97900.0,29,Standard,7,53.53,374.71,56,0,0.692,4,16.02,2,85,0,1,1
106108,56,Female,West,62400.0,16,Basic,7,60.07,420.49,11,0,0.328,7,3.62,1,251,1,0,1
106109,30,Male,West,25100.0,53,Standard,9,94.41,849.69,10,1,0.346,9,4.68,0,406,0,0,0
106110,35,Female,North,29900.0,73,Basic,3,44.49,133.47,86,0,0.309,8,19.51,1,111,1,0,1
106111,36,Male,North,68800.0,22,Standard,8,12.69,101.52,6,2,0.576,1,3.96,1,49,0,1,0
106112,41,Male,West,41600.0,41,Basic,3,11.43,34.29,185,0,0.755,7,8.23,2,158,0,0,1
106113,30,Male,South,25400.0,8,Basic,6,20.95,125.7,59,0,0.289,13,5.65,0,0,2,0,1
106114,45,Female,Central,47600.0,33,Standard,10,49.43,494.3,35,0,0.751,13,11.63,0,373,1,1,0
106115,58,Female,Central,66600.0,13,Standard,8,90.2,721.6,79,0,0.39,12,2.1,1,512,1,0,1
106116,22,Male,South,33900.0,14,Premium,12,147.74,1772.88,6,1,0.668,2,4.57,2,829,0,0,0
106117,24,Female,East,39900.0,24,Basic,7,15.69,109.83,41,0,0.142,8,2.58,2,299,1,1,1
106118,33,Female,West,45500.0,14,Standard,6,51.78,310.68,10,0,0.286,9,13.39,1,23,0,1,0
106119,33,Male,Central,51300.0,34,Basic,8,31.5,252.0,148,0,0.225,7,7.69,1,352,1,1,1
106120,65,Female,East,68800.0,27,Basic,7,31.78,222.46,29,0,0.036,4,5.75,0,230,1,1,0
106121,52,Male,Central,89300.0,17,Standard,7,20.14,140.98,50,0,0.566,6,11.41,1,0,0,0,1
106122,51,Male,East,52500.0,16,Basic,8,36.53,292.24,5,0,0.554,0,5.6,0,78,0,0,0
106123,36,Male,North,64000.0,38,Basic,5,20.0,100.0,47,0,0.347,12,2.91,2,167,0,0,1
106124,35,Female,East,35800.0,44,Premium,8,116.92,935.36,140,0,0.736,12,1.93,0,690,0,0,1
106125,20,Non-binary,West,15000.0,29,Basic,4,14.15,56.6,39,0,0.498,5,3.23,3,98,0,1,1
106126,49,Male,Central,34100.0,42,Premium,11,76.22,838.42,55,0,0.251,4,10.75,1,215,0,0,1
106127,45,Female,North,57900.0,11,Basic,6,24.01,144.06,61,0,0.492,6,18.39,0,376,0,1,1
106128,56,Male,South,80400.0,13,Basic,9,54.39,489.51,28,1,0.178,3,7.55,3,274,0,0,1
106129,36,Female,East,29000.0,17,Standard,5,39.0,195.0,113,0,0.106,0,9.73,2,331,1,1,1
106130,37,Female,Central,33800.0,11,Basic,4,40.59,162.36,26,0,0.424,5,11.59,1,204,3,1,1
106131,41,Male,West,55300.0,3,Standard,3,28.01,84.03,85,1,0.287,14,10.42,0,0,0,1,1
106132,51,Female,South,59300.0,23,Premium,13,111.59,1450.67,51,1,0.104,9,,2,732,0,0,0
106133,20,Female,Central,21700.0,15,Basic,11,30.38,334.18,17,0,0.414,1,7.84,0,146,1,0,0
106134,49,Male,West,39500.0,20,Standard,10,125.56,1255.6,64,1,0.309,0,10.1,1,568,2,0,1
106135,39,Female,Central,52300.0,14,Basic,4,40.59,162.36,155,1,0.172,7,2.2,0,194,1,1,1
106136,25,Male,West,43800.0,19,Standard,7,46.18,323.26,13,0,0.307,4,3.8,1,92,1,0,0
106137,18,Female,North,34900.0,27,Standard,5,55.99,279.95,58,1,0.259,0,15.46,0,0,0,0,1
106138,37,Male,Central,46400.0,41,Standard,3,59.48,178.44,68,1,0.634,5,12.94,2,54,0,0,1
106139,58,Male,South,51200.0,57,Basic,4,12.11,48.44,16,0,0.173,10,,0,206,0,1,0
106140,61,Female,Central,73300.0,22,Standard,8,34.34,274.72,67,1,0.717,6,,3,431,1,0,1
106141,44,Male,North,56100.0,15,Standard,10,29.98,299.8,46,0,0.275,8,10.21,0,157,0,0,0
106142,65,Female,West,54300.0,6,Basic,9,94.68,852.12,69,1,0.515,6,5.11,1,425,0,1,1
106143,38,Female,South,42800.0,90,Standard,5,5.0,25.0,36,1,0.461,10,12.03,1,349,1,0,0
106144,51,Female,North,64500.0,44,Basic,9,11.02,99.18,21,0,0.323,7,2.48,2,65,0,0,0
106145,33,Female,Central,41200.0,30,Basic,2,31.5,63.0,59,0,0.228,4,5.09,1,82,1,1,1
106146,32,Female,South,15000.0,9,Basic,4,31.52,126.08,138,0,0.203,9,31.07,1,354,2,0,1
106147,30,Male,North,30400.0,3,Basic,5,39.99,199.95,39,0,0.282,7,7.82,1,146,0,0,1
106148,18,Male,Central,18100.0,6,Basic,4,45.18,180.72,9,0,0.498,4,16.29,1,0,1,0,0
106149,56,Non-binary,South,71900.0,18,Basic,5,27.94,139.7,14,0,0.696,4,4.48,0,246,0,1,0
106150,31,Male,East,76700.0,15,Standard,5,22.84,114.2,96,1,0.44,1,6.01,1,0,1,1,1
106151,29,Female,Central,40300.0,14,Basic,4,53.76,215.04,16,1,0.356,1,4.71,2,121,1,1,0
106152,24,Female,East,16900.0,16,Basic,5,12.19,60.95,38,1,0.871,6,14.38,0,14,0,1,0
106153,36,Female,North,42900.0,48,Standard,6,41.93,251.58,11,0,0.277,5,7.35,1,452,0,1,0
106154,62,Male,West,69900.0,9,Standard,8,43.95,351.6,4,1,0.163,7,13.86,0,280,0,1,1
106155,66,Male,West,84200.0,11,Basic,4,41.05,164.2,39,0,0.826,4,1.13,0,245,0,1,1
106156,18,Female,North,45400.0,11,Premium,8,39.96,319.68,69,1,0.047,9,5.57,0,420,1,0,1
106157,34,Female,East,62700.0,17,Basic,3,59.22,177.66,14,0,0.542,4,7.69,1,240,1,0,1
106158,26,Female,South,43100.0,6,Standard,11,66.85,735.35,17,1,0.121,5,9.23,0,277,0,1,1
106159,52,Male,North,60300.0,36,Standard,10,60.5,605.0,235,1,0.068,3,15.65,0,52,1,0,1
106160,43,Female,South,72500.0,15,Standard,8,27.04,216.32,51,0,0.119,1,5.81,1,121,1,1,0
106161,31,Male,Central,35500.0,23,Premium,11,23.1,254.1,1,1,0.208,5,6.22,1,332,1,0,0
106162,40,Female,South,49700.0,26,Standard,9,65.13,586.17,56,0,0.24,6,3.94,0,398,0,1,1
106163,33,Female,South,38800.0,20,Basic,4,102.46,409.84,47,0,0.286,10,22.13,0,454,0,1,0
106164,60,Female,Central,38100.0,44,Basic,3,35.85,107.55,18,1,0.519,3,0.5,3,0,0,1,1
106165,46,Male,South,72400.0,56,Standard,7,180.28,1261.96,101,1,0.311,14,1.1,3,758,0,1,1
106166,48,Male,Central,66000.0,9,Premium,11,26.61,292.71,3,1,0.236,2,18.55,0,134,0,0,1
106167,18,Female,Central,15000.0,14,Standard,8,51.6,412.8,106,0,0.183,9,5.66,1,448,0,0,1
106168,38,Female,East,61000.0,12,Basic,6,5.0,30.0,15,0,0.611,3,10.67,1,138,0,1,0
106169,66,Female,South,69400.0,8,Standard,5,23.17,115.85,66,0,0.468,3,2.14,0,105,0,1,1
106170,56,Female,North,77900.0,40,Basic,5,56.38,281.9,37,0,0.084,3,14.3,0,156,1,0,1
106171,18,Female,North,29100.0,34,Basic,4,5.0,20.0,4,0,0.489,17,22.21,2,0,1,0,1
106172,35,Female,South,25100.0,14,Premium,4,104.36,417.44,2,0,0.474,12,10.55,2,141,0,0,0
106173,23,Male,East,33100.0,14,Basic,9,49.13,442.17,48,1,0.097,7,21.0,0,492,1,0,1
106174,61,Male,South,56300.0,29,Standard,6,20.8,124.8,24,0,0.216,8,1.23,1,69,0,0,0
106175,42,Male,West,33700.0,21,Basic,6,34.25,205.5,6,1,0.133,2,7.11,2,385,1,1,0
106176,29,Male,South,50600.0,30,Standard,4,24.94,99.76,112,0,0.753,6,19.85,1,0,1,1,1
106177,39,Non-binary,South,53400.0,16,Basic,3,53.69,161.07,10,0,0.309,4,4.93,0,217,1,1,0
106178,18,Non-binary,North,49000.0,28,Basic,3,65.95,197.85,119,1,,5,,5,124,0,0,1
106179,25,Female,South,29100.0,46,Standard,4,31.71,126.84,11,0,0.305,15,7.21,2,0,2,1,0
106180,39,Female,West,34500.0,23,Standard,6,35.11,210.66,246,0,0.701,21,27.73,1,403,0,1,1
106181,50,Female,West,67300.0,65,Premium,15,50.16,752.4,158,0,0.493,3,8.67,0,345,3,0,1
106182,18,Male,South,16300.0,30,Basic,4,26.26,105.04,52,1,0.167,28,8.2,3,265,1,0,0
106183,34,Female,East,38900.0,4,Standard,9,24.06,216.54,4,2,0.434,8,9.98,4,300,1,1,1
106184,52,Female,South,67700.0,22,Basic,8,34.98,279.84,39,0,0.395,7,5.13,2,132,1,0,0
106185,20,Male,Central,,38,Standard,8,31.62,252.96,43,1,0.097,8,8.21,0,246,0,0,1
106186,42,Male,South,44000.0,33,Standard,9,80.09,720.81,17,1,0.226,9,4.73,0,613,1,1,0
106187,40,Male,West,29300.0,37,Basic,2,27.25,54.5,88,0,0.217,1,14.21,0,0,0,1,1
106188,61,Male,North,82000.0,27,Basic,4,88.64,354.56,63,0,0.513,6,10.12,0,161,0,1,1
106189,36,Male,South,39900.0,63,Basic,3,67.14,201.42,81,0,0.458,13,11.99,0,87,1,0,1
106190,37,Male,East,54700.0,41,Standard,11,88.86,977.46,83,1,0.37,4,4.71,1,364,0,1,1
106191,50,Female,North,65200.0,26,Premium,16,21.41,342.56,9,0,0.244,9,6.09,0,371,2,1,0
106192,22,Male,East,47100.0,30,Premium,5,110.16,550.8,105,0,0.397,4,21.02,1,274,1,0,1
106193,36,Male,East,41800.0,85,Premium,8,119.44,955.52,12,1,0.445,15,9.46,1,806,1,0,0
106194,33,Female,North,37400.0,60,Standard,2,11.15,22.3,14,0,0.437,16,8.19,1,185,1,1,0
106195,37,Non-binary,Central,30500.0,21,Standard,6,76.57,459.42,9,1,0.651,6,7.88,1,113,2,0,0
106196,50,Male,North,50800.0,31,Standard,7,35.08,245.56,10,0,0.567,3,5.35,1,30,1,1,0
106197,46,Male,Central,59400.0,63,Basic,3,17.19,51.57,1,0,0.181,18,2.76,1,41,1,0,0
106198,29,Male,East,27000.0,11,Standard,5,33.43,167.15,154,0,0.726,9,15.53,0,289,0,1,1
106199,41,Female,South,54300.0,18,Premium,11,88.75,976.25,23,0,0.271,6,5.33,1,547,0,0,0
106200,58,Female,North,86500.0,48,Standard,7,7.52,52.64,32,0,0.674,6,5.34,0,143,0,1,0
106201,28,Female,West,31300.0,14,Standard,9,34.69,312.21,36,2,0.537,15,8.8,4,474,1,1,1
106202,41,Male,West,31400.0,21,Standard,6,33.3,199.8,13,0,0.877,8,7.96,1,207,0,0,0
106203,36,Male,West,39300.0,30,Standard,6,117.79,706.74,30,0,0.34,4,3.95,2,687,1,1,1
106204,38,Non-binary,South,27100.0,43,Basic,8,32.27,258.16,6,2,0.804,6,7.88,1,268,1,1,0
106205,18,Male,North,,8,Basic,4,130.64,522.56,21,0,0.613,6,5.73,1,494,3,0,0
106206,57,Male,West,66200.0,45,Premium,15,106.47,1597.05,11,2,0.53,11,9.77,1,682,0,1,0
106207,29,Female,Central,28300.0,28,Premium,10,47.55,475.5,42,0,,5,0.91,2,348,0,1,0
106208,52,Female,South,52500.0,29,Standard,5,71.73,358.65,4,0,0.28,7,6.71,1,299,3,1,0
106209,31,Female,West,23800.0,6,Basic,7,42.71,298.97,16,0,0.234,12,9.08,1,264,0,1,0
106210,31,Male,East,54500.0,24,Premium,9,158.07,1422.63,153,0,0.402,6,4.85,0,787,3,1,1
106211,55,Female,East,88900.0,10,Premium,13,58.66,762.58,1,0,,8,14.39,1,493,0,0,0
106212,52,Male,East,39400.0,67,Basic,8,37.28,298.24,86,0,0.664,8,14.12,1,138,0,1,0
106213,42,Male,North,65400.0,20,Standard,12,36.03,432.36,2,0,0.079,1,5.96,1,205,1,1,0
106214,49,Female,North,54000.0,57,Premium,12,100.56,1206.72,44,0,0.564,4,2.68,1,609,1,0,0
106215,35,Male,West,61900.0,29,Basic,4,24.43,97.72,80,0,0.29,5,6.4,0,272,0,1,1
106216,39,Male,Central,22300.0,58,Basic,5,22.54,112.7,5,1,0.46,14,3.23,0,131,1,1,0
106217,30,Male,East,42600.0,4,Premium,10,22.74,227.4,248,1,0.693,7,11.2,1,166,0,0,1
106218,51,Female,North,53600.0,13,Standard,9,70.45,634.05,24,0,0.248,8,4.11,1,118,0,0,0
106219,30,Female,North,48600.0,55,Standard,8,67.03,536.24,69,0,0.219,16,1.74,0,853,3,0,0
106220,58,Female,East,66900.0,75,Standard,8,40.34,322.72,16,1,0.532,15,0.98,2,308,1,1,0
106221,35,Male,West,44500.0,22,Basic,5,70.44,352.2,30,0,0.54,8,7.51,3,474,2,1,0
106222,39,Male,North,46500.0,17,Premium,9,200.59,1805.31,4,0,0.209,4,7.91,0,1150,0,1,0
106223,49,Non-binary,North,79300.0,8,Standard,8,30.43,243.44,106,0,0.595,8,6.99,2,434,0,1,1
106224,39,Male,West,45500.0,5,Standard,9,109.69,987.21,53,0,0.306,12,2.94,1,305,0,0,1
106225,35,Female,North,56200.0,5,Standard,5,71.25,356.25,67,0,0.252,9,13.22,1,0,0,1,1
106226,39,Non-binary,South,56700.0,26,Standard,4,20.06,80.24,4,0,0.236,13,3.08,0,159,0,1,0
106227,51,Female,West,71800.0,25,Standard,12,51.4,616.8,16,0,0.771,9,4.83,1,526,0,0,1
106228,30,Female,North,25200.0,10,Basic,5,28.61,143.05,54,0,0.182,4,11.86,2,7,2,1,1
106229,37,Male,South,56000.0,15,Basic,7,92.71,648.97,33,1,0.327,9,3.19,0,254,0,1,0
106230,39,Male,North,52700.0,20,Standard,12,76.65,919.8,137,0,0.223,11,,1,308,0,1,1
106231,50,Male,South,41700.0,4,Basic,6,31.15,186.9,22,1,0.36,5,4.22,1,49,1,0,1
106232,38,Male,Central,44000.0,30,Premium,8,68.81,550.48,51,1,0.31,11,5.77,2,319,0,1,0
106233,63,Female,West,102900.0,32,Standard,6,42.38,254.28,9,0,0.524,7,21.8,0,128,0,1,0
106234,37,Female,North,40600.0,38,Standard,10,57.73,577.3,40,0,0.714,4,10.22,2,170,0,1,0
106235,36,Female,North,40000.0,36,Standard,4,145.89,583.56,7,1,0.531,4,11.01,1,194,0,0,1
106236,37,Male,South,52400.0,23,Basic,7,38.54,269.78,51,0,0.301,4,9.49,1,18,0,1,1
106237,22,Female,Central,24200.0,66,Premium,12,31.74,380.88,20,1,0.138,15,7.46,1,443,1,1,0
106238,26,Female,West,37600.0,17,Basic,4,23.21,92.84,31,2,0.032,9,9.95,0,141,1,1,1
106239,32,Female,East,35000.0,35,Standard,8,11.0,88.0,13,0,0.805,4,4.65,1,192,2,1,0
106240,54,Male,North,67800.0,9,Basic,9,51.46,463.14,19,0,0.236,21,13.17,1,440,1,1,0
106241,39,Male,Central,47100.0,9,Premium,8,62.2,497.6,5,0,0.393,2,4.14,1,92,0,1,0
106242,33,Female,West,69600.0,33,Standard,4,24.34,97.36,35,1,0.319,5,7.79,1,15,0,0,0
106243,55,Female,South,63800.0,12,Premium,11,129.92,1429.12,52,1,0.525,10,44.78,0,618,0,1,0
106244,59,Male,South,63800.0,33,Premium,15,63.38,950.7,22,1,0.217,4,5.19,3,366,0,0,0
106245,55,Male,South,77600.0,34,Basic,6,12.39,74.34,133,0,0.153,14,12.97,1,193,0,0,1
106246,28,Female,East,18000.0,71,Standard,4,27.82,111.28,66,0,0.844,6,7.45,2,9,1,1,0
106247,33,Female,South,65900.0,9,Standard,8,18.9,151.2,2,0,0.24,4,9.88,2,93,0,1,0
106248,63,Male,North,56900.0,7,Standard,5,86.99,434.95,77,0,0.281,9,6.01,1,375,2,0,1
106249,42,Male,West,67500.0,27,Standard,4,38.74,154.96,37,1,0.139,0,4.09,2,0,0,1,1
106250,36,Female,West,65500.0,54,Basic,3,36.15,108.45,28,0,0.541,5,10.19,0,23,1,0,0
106251,48,Male,South,49100.0,26,Standard,8,8.34,66.72,15,0,0.432,15,8.85,2,176,1,1,0
106252,52,Male,East,54300.0,120,Standard,11,20.25,222.75,7,0,0.617,14,11.17,0,143,2,0,0
106253,32,Female,North,39800.0,32,Basic,3,12.04,36.12,69,0,0.589,12,16.41,1,0,3,1,1
106254,42,Female,South,59500.0,31,Standard,3,34.49,103.47,60,0,0.242,12,2.67,0,92,0,0,1
106255,51,Male,West,45400.0,20,Basic,7,5.43,38.01,7,0,0.182,5,4.1,0,213,0,0,0
106256,24,Male,East,32200.0,36,Premium,13,15.25,198.25,21,0,0.747,1,4.75,0,244,1,1,0
106257,39,Female,Central,43600.0,53,Basic,8,41.93,335.44,2,0,0.518,4,7.14,2,152,1,1,0
106258,25,Male,West,18500.0,29,Basic,5,20.69,103.45,29,1,0.229,6,3.8,4,161,1,1,1
106259,26,Female,West,21000.0,50,Basic,7,51.26,358.82,199,0,0.482,14,15.69,1,243,0,1,1
106260,32,Male,South,43100.0,28,Premium,14,59.08,827.12,22,2,0.875,6,5.46,1,415,0,1,0
106261,45,Female,North,55200.0,8,Standard,6,35.54,213.24,41,0,0.755,13,4.45,0,122,0,0,0
106262,35,Female,Central,33500.0,6,Basic,3,20.42,61.26,150,0,0.214,6,14.99,1,0,0,0,1
106263,31,Female,West,41500.0,41,Basic,4,5.76,23.04,15,0,0.267,8,14.85,3,227,0,0,0
106264,40,Non-binary,Central,,29,Standard,7,40.09,280.63,55,1,0.351,4,5.79,3,453,0,1,1
106265,24,Male,East,52000.0,52,Premium,10,118.87,1188.7,18,0,0.427,7,,2,815,0,1,0
106266,45,Male,South,52200.0,42,Basic,2,98.22,196.44,0,0,0.255,1,9.97,1,0,1,1,0
106267,54,Female,North,77600.0,6,Premium,7,64.17,449.19,17,1,0.121,9,13.22,0,306,1,0,1
106268,38,Male,South,23300.0,18,Standard,7,10.35,72.45,42,0,0.387,13,2.21,1,21,0,1,1
106269,36,Female,East,49600.0,12,Standard,9,126.07,1134.63,61,0,0.455,9,6.16,2,509,1,1,1
106270,44,Male,Central,61000.0,25,Basic,5,72.27,361.35,50,0,0.429,13,6.54,0,318,1,0,0
106271,18,Female,West,26100.0,23,Basic,8,24.42,195.36,3,2,0.137,4,4.17,0,195,0,1,0
106272,46,Male,East,47100.0,6,Standard,2,79.34,158.68,82,0,0.598,11,8.68,1,154,1,0,1
106273,79,Female,South,83800.0,16,Standard,8,74.89,599.12,15,0,0.562,5,3.01,1,320,1,1,0
106274,37,Female,North,56400.0,16,Standard,3,50.48,151.44,1,0,0.403,11,1.58,1,226,0,0,0
106275,37,Male,South,29100.0,34,Basic,4,36.02,144.08,46,0,0.356,1,4.68,1,56,0,0,1
106276,49,Female,Central,67300.0,24,Basic,10,33.24,332.4,43,1,0.132,9,2.74,3,408,0,1,1
106277,60,Female,West,72400.0,15,Premium,11,24.24,266.64,23,1,0.303,3,5.99,4,0,0,0,1
106278,52,Male,East,56600.0,13,Basic,6,52.31,313.86,8,0,0.4,23,9.84,1,38,0,1,0
106279,18,Female,Central,24900.0,6,Basic,6,61.73,370.38,29,0,0.103,8,6.73,1,251,0,1,0
106280,46,Male,North,55500.0,41,Basic,6,76.55,459.3,86,0,0.417,21,13.68,1,349,0,0,1
106281,72,Male,Central,102500.0,42,Basic,3,14.35,43.05,16,0,0.373,4,5.54,4,0,1,1,1
106282,47,Male,West,60400.0,55,Standard,7,37.39,261.73,29,0,0.453,12,11.83,0,472,0,0,0
106283,24,Female,North,20500.0,16,Standard,5,17.39,86.95,59,1,0.484,1,16.01,0,130,0,1,1
106284,43,Male,West,45700.0,66,Standard,5,43.39,216.95,7,0,0.122,4,5.2,0,194,2,0,0
106285,22,Male,North,15800.0,41,Standard,6,34.96,209.76,242,0,0.282,4,2.59,0,0,0,0,1
106286,55,Female,East,36700.0,45,Basic,7,47.42,331.94,201,0,0.422,6,17.09,0,30,0,0,1
106287,27,Male,South,20300.0,19,Basic,5,61.43,307.15,54,0,0.286,8,2.26,0,70,0,1,1
106288,40,Non-binary,North,50600.0,18,Standard,5,6.48,32.4,18,0,0.837,11,17.59,4,0,0,1,0
106289,28,Female,East,55300.0,38,Basic,9,61.64,554.76,69,1,0.421,4,4.17,1,290,0,1,1
106290,32,Female,South,55200.0,56,Basic,6,63.07,378.42,90,0,0.43,5,23.14,3,248,0,1,1
106291,58,Male,North,49800.0,66,Basic,7,25.5,178.5,41,1,0.447,3,7.54,3,139,0,0,1
106292,40,Female,West,37700.0,60,Basic,5,19.33,96.65,19,0,0.207,8,7.29,2,117,1,1,0
106293,32,Male,South,28200.0,34,Basic,9,57.15,514.35,9,0,0.453,4,12.53,0,399,0,1,0
106294,24,Female,East,15000.0,9,Premium,8,16.88,135.04,0,0,0.434,1,13.85,1,77,0,1,0
106295,18,Female,East,25700.0,1,Basic,5,16.16,80.8,13,0,0.165,3,0.5,1,0,1,1,1
106296,23,Male,North,44000.0,44,Premium,9,44.52,400.68,28,3,0.701,9,5.57,1,10,0,0,0
106297,40,Non-binary,Central,45400.0,13,Basic,7,43.16,302.12,59,0,0.529,10,6.67,1,108,3,1,1
106298,52,Female,South,42600.0,81,Basic,4,45.8,183.2,208,0,0.339,5,13.17,2,193,3,0,1
106299,32,Male,North,29500.0,59,Standard,2,64.7,129.4,23,0,0.349,10,4.7,0,165,0,1,0
106300,59,Female,South,62300.0,26,Basic,3,27.6,82.8,3,0,0.474,3,2.38,0,211,1,1,0
106301,30,Female,East,50200.0,28,Premium,7,133.01,931.07,25,0,0.776,5,2.72,1,792,2,0,0
106302,36,Male,North,42500.0,39,Standard,9,176.73,1590.57,24,0,0.725,1,2.49,1,978,1,0,0
106303,25,Female,South,43500.0,27,Standard,5,31.54,157.7,58,0,0.252,4,16.09,1,187,0,1,0
106304,52,Male,East,59200.0,40,Basic,7,95.76,670.32,17,0,0.545,3,7.06,0,157,0,1,0
106305,66,Female,West,76900.0,25,Basic,2,52.59,105.18,97,0,0.635,5,3.25,0,183,1,0,1
106306,18,Female,South,15000.0,18,Premium,15,113.92,1708.8,23,1,0.177,3,1.21,0,1230,0,0,0
106307,34,Female,South,33600.0,13,Basic,6,30.28,181.68,28,0,0.209,5,9.58,1,0,1,1,1
106308,55,Male,South,45600.0,19,Basic,3,36.59,109.77,21,0,0.417,7,7.06,0,13,3,1,0
106309,20,Male,South,38300.0,30,Standard,6,50.66,303.96,30,1,0.563,15,11.48,0,124,0,1,0
106310,46,Female,West,50500.0,12,Basic,9,109.79,988.11,15,0,0.174,6,20.04,1,816,0,0,1
106311,55,Female,South,15000.0,48,Standard,5,32.76,163.8,45,0,0.428,6,3.99,1,149,1,0,1
106312,40,Non-binary,South,55600.0,30,Premium,11,39.54,434.94,98,0,0.614,22,1.58,1,317,0,1,1
106313,46,Female,South,68200.0,22,Standard,7,28.03,196.21,118,0,0.072,2,20.65,1,63,0,0,1
106314,62,Male,East,58400.0,11,Basic,6,33.56,201.36,12,1,0.352,2,16.96,1,399,0,1,1
106315,64,Male,East,78400.0,51,Premium,7,85.09,595.63,66,0,0.382,3,16.84,0,52,0,0,1
106316,38,Male,South,44100.0,64,Premium,10,38.67,386.7,27,0,0.148,10,3.69,0,397,0,1,0
106317,32,Female,East,15000.0,2,Standard,7,130.49,913.43,40,1,0.425,6,11.81,1,539,0,0,1
106318,27,Female,East,63900.0,28,Standard,7,25.55,178.85,83,0,0.391,10,25.65,1,252,0,0,1
106319,52,Female,North,57400.0,57,Standard,6,32.82,196.92,27,0,0.253,3,9.26,2,54,0,1,0
106320,21,Female,South,33700.0,39,Basic,5,38.76,193.8,12,0,0.725,13,10.4,2,192,2,0,0
106321,36,Female,South,36400.0,7,Basic,5,48.08,240.4,15,0,0.551,6,20.59,3,0,1,1,0
106322,40,Non-binary,West,44800.0,21,Basic,2,10.49,20.98,30,0,0.468,12,6.3,0,288,1,0,0
106323,32,Female,South,43600.0,10,Basic,8,100.35,802.8,54,1,0.143,6,15.89,1,766,1,1,1
106324,43,Female,South,37200.0,12,Basic,5,29.39,146.95,85,0,0.844,8,27.41,0,146,1,1,1
106325,72,Female,East,103000.0,26,Basic,5,80.85,404.25,9,1,0.202,10,1.2,2,390,0,1,0
106326,37,Female,East,57800.0,36,Basic,5,39.3,196.5,29,0,0.33,6,1.64,3,0,0,1,1
106327,33,Male,West,49500.0,16,Basic,4,21.87,87.48,87,0,0.712,12,3.44,2,145,0,0,1
106328,52,Female,South,58300.0,25,Standard,4,69.03,276.12,5,1,0.565,15,16.33,0,378,0,0,0
106329,42,Male,South,40100.0,36,Basic,3,82.27,246.81,15,0,0.553,14,6.08,4,387,0,1,1
106330,58,Male,East,80400.0,7,Premium,8,128.69,1029.52,31,0,0.73,6,5.42,0,728,0,1,0
106331,41,Female,West,58400.0,12,Standard,3,83.39,250.17,22,0,0.623,6,14.37,2,268,1,1,1
106332,36,Male,Central,39500.0,13,Premium,10,47.6,476.0,103,0,0.087,6,11.37,3,459,0,0,1
106333,18,Female,East,15000.0,19,Basic,4,10.41,41.64,20,0,0.372,7,5.46,1,147,1,0,0
106334,18,Female,East,15000.0,21,Basic,7,40.19,281.33,41,0,0.072,6,0.64,3,73,2,1,1
106335,18,Male,North,28400.0,27,Standard,11,17.63,193.93,53,1,0.558,14,19.58,5,424,0,1,1
106336,44,Male,Central,49200.0,16,Standard,5,63.16,315.8,119,1,0.274,24,4.22,2,257,0,1,1
106337,21,Female,West,47400.0,38,Basic,6,33.54,201.24,39,0,0.636,4,11.33,0,4,2,0,0
106338,55,Female,North,77000.0,17,Premium,14,81.33,1138.62,35,0,0.521,2,8.61,0,555,0,1,0
106339,39,Female,South,48500.0,9,Standard,11,42.36,465.96,20,1,0.409,7,3.42,2,418,1,0,0
106340,36,Male,East,44000.0,15,Premium,8,64.29,514.32,14,0,0.088,4,4.11,0,404,2,1,0
106341,28,Male,North,21400.0,10,Standard,4,24.14,96.56,59,0,0.212,2,16.42,5,58,0,0,1
106342,47,Female,West,70400.0,3,Standard,5,35.7,178.5,8,1,0.449,5,5.15,1,161,2,1,0
106343,29,Male,West,37700.0,75,Basic,4,68.24,272.96,11,0,0.42,10,5.54,2,145,1,1,0
106344,26,Male,South,44100.0,3,Basic,2,26.94,53.88,19,0,0.605,3,10.71,4,81,0,1,1
106345,54,Female,Central,78700.0,18,Basic,4,35.16,140.64,15,0,,11,6.48,0,384,1,0,0
106346,44,Male,Central,44800.0,24,Basic,8,20.89,167.12,21,0,0.219,8,16.09,2,122,2,1,0
106347,36,Male,South,33500.0,24,Premium,7,107.45,752.15,89,0,0.413,8,4.57,0,485,0,0,0
106348,47,Female,South,90100.0,3,Basic,6,21.85,131.1,13,0,0.337,3,2.84,1,21,0,0,1
106349,39,Male,Central,56300.0,26,Premium,13,146.99,1910.87,69,1,0.305,13,9.09,1,969,3,1,0
106350,44,Male,South,48800.0,51,Premium,13,47.84,621.92,6,0,0.739,4,11.9,0,215,1,1,0
106351,28,Non-binary,Central,54900.0,7,Basic,9,10.25,92.25,7,0,0.311,5,4.59,3,68,0,1,1
106352,66,Female,North,69300.0,26,Basic,5,26.31,131.55,98,2,0.103,8,8.04,2,341,1,1,1
106353,31,Male,West,,26,Premium,10,22.88,228.8,15,0,0.278,8,2.79,3,120,0,1,0
106354,59,Male,East,59000.0,22,Standard,10,72.58,725.8,38,0,0.494,7,3.19,1,386,0,1,0
106355,37,Non-binary,South,45800.0,82,Premium,10,47.49,474.9,55,0,0.468,4,7.64,2,287,0,0,0
106356,49,Female,West,53600.0,21,Standard,4,127.27,509.08,187,1,0.375,4,,0,348,2,1,1
106357,49,Male,North,46900.0,15,Basic,5,26.35,131.75,47,0,0.305,1,10.13,1,5,0,1,0
106358,54,Male,South,,5,Standard,2,36.82,73.64,27,0,0.8,13,6.55,1,400,1,1,0
106359,28,Female,South,28600.0,56,Basic,2,26.83,53.66,0,0,0.099,9,8.63,0,326,0,1,0
106360,53,Female,North,69300.0,10,Standard,4,85.76,343.04,55,3,0.007,2,13.49,2,366,0,1,1
106361,63,Male,North,66500.0,29,Basic,4,5.0,20.0,5,0,0.347,3,11.87,0,321,3,0,0
106362,36,Male,South,21000.0,60,Standard,8,59.7,477.6,19,0,0.179,9,6.51,0,285,0,0,0
106363,39,Male,North,56600.0,34,Standard,11,129.26,1421.86,5,0,0.298,4,11.57,1,518,0,1,0
106364,32,Female,North,50200.0,6,Basic,8,34.2,273.6,87,1,0.387,3,16.37,1,0,1,1,1
106365,34,Male,North,74700.0,39,Basic,5,11.65,58.25,22,0,0.15,6,14.7,0,188,0,0,0
106366,61,Female,West,69100.0,14,Standard,6,103.55,621.3,8,1,0.295,12,4.21,1,545,0,1,0
106367,26,Male,North,38200.0,37,Basic,10,43.18,431.8,43,0,0.661,0,5.13,0,271,0,1,0
106368,27,Female,West,43300.0,75,Basic,6,76.03,456.18,46,0,0.113,2,7.45,4,177,0,1,1
106369,60,Female,North,82200.0,35,Basic,5,38.63,193.15,28,0,0.382,4,13.23,0,0,2,1,0
106370,47,Non-binary,North,69000.0,23,Basic,3,23.79,71.37,21,0,0.106,9,29.96,0,434,3,0,1
106371,67,Male,South,79000.0,2,Basic,8,28.29,226.32,16,0,0.785,5,19.48,0,362,0,0,0
106372,33,Female,South,41800.0,13,Standard,9,48.1,432.9,10,0,0.587,5,3.67,2,346,0,0,0
106373,41,Female,East,61600.0,10,Premium,10,112.97,1129.7,40,1,0.314,12,10.22,1,1054,2,1,1
106374,30,Male,West,38400.0,34,Basic,3,21.01,63.03,78,0,0.275,7,20.78,1,52,1,0,1
106375,41,Non-binary,South,31800.0,58,Basic,8,32.05,256.4,177,2,0.612,4,7.11,1,113,1,0,1
106376,18,Female,North,15000.0,32,Basic,7,13.43,94.01,36,0,0.205,3,14.24,0,0,0,0,0
106377,48,Male,West,52400.0,26,Basic,2,27.05,54.1,191,0,0.262,5,5.69,4,162,0,0,1
106378,43,Female,North,53400.0,26,Standard,5,55.39,276.95,79,0,0.425,3,7.96,3,372,1,0,1
106379,38,Male,West,81600.0,23,Standard,7,73.47,514.29,17,1,0.279,25,6.35,3,692,2,1,0
106380,34,Female,East,41500.0,53,Basic,6,49.27,295.62,47,0,0.329,8,1.84,2,117,0,1,1
106381,27,Female,South,37200.0,41,Standard,4,112.78,451.12,7,1,0.287,5,13.37,0,523,0,1,0
106382,48,Male,South,50800.0,64,Basic,2,20.48,40.96,4,0,0.206,7,7.72,1,38,0,0,0
106383,24,Female,South,42400.0,60,Standard,1,21.85,21.85,21,0,0.46,5,10.27,0,155,1,0,0
106384,46,Male,East,58500.0,91,Basic,4,29.49,117.96,41,0,0.088,10,15.05,1,229,0,1,0
106385,66,Female,Central,64700.0,46,Premium,9,95.32,857.88,4,0,0.197,9,18.1,1,407,1,0,0
106386,58,Female,South,51800.0,41,Basic,5,26.63,133.15,71,0,0.784,6,2.7,1,0,2,1,1
106387,19,Male,Central,23300.0,24,Basic,4,12.03,48.12,1,0,0.712,5,19.25,0,0,0,1,0
106388,32,Male,North,29500.0,27,Basic,4,32.42,129.68,162,0,0.376,3,12.68,0,16,1,1,1
106389,44,Female,North,49500.0,49,Basic,3,15.73,47.19,12,0,0.617,10,2.35,2,0,1,1,0
106390,38,Male,East,49000.0,19,Standard,7,47.8,334.6,19,1,0.063,7,17.3,1,0,0,0,0
106391,21,Female,Central,23800.0,55,Standard,6,11.44,68.64,33,0,0.395,6,8.14,1,241,0,1,0
106392,44,Male,East,73100.0,23,Standard,6,83.39,500.34,17,0,0.272,7,13.5,1,463,1,1,0
106393,39,Female,West,64200.0,28,Basic,4,11.42,45.68,82,0,0.297,7,11.4,0,39,1,1,1
106394,64,Male,East,68500.0,71,Basic,6,19.04,114.24,6,0,0.796,11,2.39,1,110,3,1,0
106395,36,Female,Central,31600.0,42,Basic,5,66.7,333.5,28,1,0.292,5,4.0,1,142,1,1,1
106396,54,Male,West,61800.0,28,Premium,13,81.04,1053.52,194,2,0.462,10,6.44,1,618,1,1,1
106397,23,Male,West,30900.0,84,Basic,0,67.79,0.0,51,0,0.413,4,7.12,1,41,0,0,1
106398,26,Male,East,34700.0,16,Premium,10,101.33,1013.3,12,1,0.455,28,7.59,1,843,0,1,1
106399,48,Female,East,50900.0,13,Premium,5,112.26,561.3,4,0,0.233,4,13.92,1,463,2,1,0
106400,53,Female,Central,46600.0,13,Basic,3,30.64,91.92,35,1,0.583,11,2.44,0,223,0,0,1
106401,27,Female,East,37000.0,31,Premium,12,164.33,1971.96,10,2,0.465,5,4.15,1,1273,1,1,0
106402,39,Male,South,43000.0,27,Standard,3,41.96,125.88,18,1,0.628,12,8.31,3,202,1,1,1
106403,21,Female,Central,27200.0,35,Basic,4,12.73,50.92,51,0,0.406,0,5.86,0,0,0,0,0
106404,37,Male,West,47400.0,5,Standard,4,105.79,423.16,26,0,0.353,8,11.56,0,209,1,1,1
106405,50,Female,East,57400.0,6,Standard,8,98.06,784.48,28,0,0.512,9,8.81,2,285,0,1,0
106406,33,Non-binary,West,43300.0,13,Basic,7,19.09,133.63,1,0,0.633,6,1.77,2,0,3,0,0
106407,36,Male,South,39500.0,31,Basic,6,16.65,99.9,123,2,0.197,1,6.83,1,148,0,1,1
106408,24,Male,South,38700.0,19,Standard,8,133.47,1067.76,14,0,0.523,4,2.1,0,498,0,1,0
106409,31,Male,North,30300.0,10,Basic,3,46.92,140.76,11,0,0.286,10,13.18,0,177,0,0,0
106410,62,Non-binary,Central,54600.0,12,Premium,15,50.28,754.2,151,2,0.555,7,1.85,1,332,1,1,1
106411,40,Male,West,36400.0,43,Standard,3,47.82,143.46,137,0,,8,9.06,2,70,0,1,1
106412,26,Male,West,26100.0,64,Standard,9,26.8,241.2,9,0,0.552,5,13.03,0,266,0,0,0
106413,35,Male,South,26100.0,20,Standard,10,59.53,595.3,22,1,0.527,6,19.77,0,309,1,1,0
106414,18,Female,Central,,10,Premium,6,261.69,1570.14,156,0,0.455,25,9.54,1,1006,1,1,1
106415,26,Female,South,42600.0,32,Basic,6,87.35,524.1,20,0,0.192,1,43.99,0,250,0,1,0
106416,57,Male,South,82900.0,78,Standard,6,44.58,267.48,7,0,0.587,16,11.84,1,298,0,1,0
106417,37,Male,Central,53900.0,29,Basic,6,41.26,247.56,52,0,0.291,13,14.52,1,295,1,0,1
106418,64,Female,West,64900.0,30,Premium,8,89.08,712.64,51,0,0.668,1,7.55,1,501,1,1,0
106419,38,Female,Central,23000.0,24,Basic,5,47.08,235.4,91,0,0.271,9,3.14,1,16,1,1,1
106420,39,Male,East,50600.0,37,Standard,4,39.21,156.84,70,0,0.276,3,18.45,1,146,0,0,1
106421,47,Female,South,33000.0,30,Standard,7,26.62,186.34,0,0,0.389,9,10.96,2,96,0,1,0
106422,18,Male,South,26800.0,5,Standard,9,64.31,578.79,16,0,0.789,3,8.89,2,211,0,1,0
106423,42,Male,Central,39600.0,36,Basic,6,21.1,126.6,58,0,0.312,17,14.06,1,61,0,1,0
106424,38,Female,East,15100.0,29,Basic,9,80.72,726.48,22,0,0.295,3,6.25,1,369,2,1,0
106425,58,Female,West,86700.0,11,Standard,10,28.02,280.2,7,0,0.032,8,5.05,1,376,0,1,0
106426,52,Female,North,42700.0,16,Basic,7,22.55,157.85,6,0,0.696,3,1.84,3,150,1,0,1
106427,24,Female,South,28700.0,7,Premium,9,132.4,1191.6,52,1,0.401,19,16.53,1,838,4,0,1
106428,55,Male,West,61300.0,40,Standard,8,74.46,595.68,28,1,0.637,13,12.56,1,132,0,1,0
106429,36,Male,Central,,47,Basic,4,14.9,59.6,28,0,0.517,11,25.48,0,139,1,1,0
106430,27,Male,South,43100.0,32,Basic,9,51.2,460.8,30,0,0.233,6,2.37,4,429,0,0,0
106431,42,Female,North,,20,Basic,6,111.19,667.14,9,0,0.241,3,2.57,0,480,1,0,1
106432,36,Male,North,50400.0,27,Premium,7,117.06,819.42,62,0,0.411,21,0.92,0,683,1,0,0
106433,59,Female,North,71400.0,32,Standard,8,44.2,353.6,14,1,0.352,6,17.85,1,210,0,1,1
106434,43,Male,West,32500.0,31,Standard,8,53.3,426.4,20,0,0.326,11,2.69,0,463,1,1,0
106435,42,Female,South,54100.0,43,Premium,9,35.22,316.98,189,3,0.579,7,2.34,0,29,0,0,1
106436,51,Male,South,44600.0,16,Basic,3,29.46,88.38,141,1,0.25,10,5.11,1,109,0,1,1
106437,53,Male,West,44900.0,29,Basic,4,43.95,175.8,34,0,0.089,9,10.92,1,185,0,0,1
106438,49,Female,West,61500.0,13,Standard,5,54.03,270.15,16,0,0.361,21,3.08,0,461,0,1,0
106439,57,Non-binary,South,59300.0,40,Basic,3,22.06,66.18,3,0,0.561,10,3.51,0,467,0,1,0
106440,47,Female,Central,60800.0,14,Basic,6,67.7,406.2,75,0,0.336,2,6.84,2,65,0,1,1
106441,41,Female,East,55200.0,84,Standard,6,27.33,163.98,28,0,0.364,3,14.5,0,0,0,0,0
106442,55,Male,South,43200.0,27,Standard,7,89.59,627.13,19,0,0.513,9,5.78,2,545,0,1,0
106443,38,Male,Central,57400.0,19,Basic,2,84.55,169.1,52,0,0.225,7,17.38,1,43,1,0,1
106444,39,Female,North,51900.0,17,Standard,8,11.72,93.76,5,0,0.312,9,17.86,1,141,0,1,0
106445,61,Female,Central,60600.0,27,Basic,3,33.85,101.55,78,0,0.563,4,9.72,1,0,1,0,1
106446,60,Female,East,66000.0,72,Standard,3,44.25,132.75,22,0,0.194,7,1.26,3,247,0,1,1
106447,39,Male,Central,58700.0,11,Standard,16,38.86,621.76,2,1,0.483,4,8.15,0,245,0,0,0
106448,33,Male,North,37800.0,40,Basic,6,15.81,94.86,6,0,0.264,11,1.19,0,163,0,1,0
106449,58,Female,South,95600.0,14,Standard,6,47.5,285.0,63,0,0.409,3,21.22,2,329,1,0,1
106450,49,Female,Central,78300.0,10,Standard,7,13.44,94.08,91,0,0.61,6,14.05,2,144,1,0,1
106451,43,Male,West,53400.0,35,Basic,4,20.98,83.92,1,0,0.216,5,10.72,1,2,0,1,0
106452,35,Male,Central,41000.0,20,Basic,6,32.5,195.0,63,0,0.044,7,3.88,3,65,1,1,1
106453,43,Female,South,49200.0,25,Basic,5,33.7,168.5,18,0,0.467,6,10.03,0,364,2,1,0
106454,39,Male,East,39500.0,33,Premium,12,62.65,751.8,11,0,0.782,5,8.47,1,540,0,1,0
106455,30,Female,South,41200.0,72,Basic,5,41.71,208.55,9,1,0.127,13,6.89,0,283,2,0,0
106456,41,Female,South,59500.0,40,Standard,4,66.44,265.76,69,0,0.825,10,0.94,0,206,0,0,1
106457,42,Male,East,31900.0,20,Standard,5,20.08,100.4,4,0,0.522,8,9.88,3,0,0,0,0
106458,34,Male,West,52200.0,43,Standard,11,100.82,1109.02,51,0,0.511,11,3.46,0,429,0,1,0
106459,51,Female,East,72400.0,9,Basic,5,47.54,237.7,109,0,0.207,6,15.35,2,235,0,1,1
106460,56,Male,South,72100.0,22,Basic,4,41.3,165.2,1,0,0.782,8,14.23,0,137,0,0,0
106461,52,Male,West,58500.0,18,Basic,6,21.73,130.38,10,1,0.827,2,10.47,1,0,0,1,0
106462,35,Male,Central,51600.0,94,Basic,9,22.29,200.61,67,1,0.206,7,7.65,2,0,2,1,0
106463,49,Male,South,75600.0,13,Standard,8,86.29,690.32,17,0,0.312,3,3.09,0,288,1,0,0
106464,40,Male,West,48100.0,39,Standard,6,58.24,349.44,11,0,0.306,9,11.05,2,465,1,0,0
106465,23,Male,Central,33100.0,17,Basic,9,79.63,716.67,22,0,0.686,5,4.73,1,515,1,1,0
106466,48,Female,South,86400.0,13,Basic,2,13.34,26.68,20,0,0.788,4,8.36,0,0,0,1,0
106467,41,Male,West,54200.0,15,Standard,9,47.94,431.46,103,1,0.332,5,7.79,0,207,2,1,1
106468,73,Female,Central,66100.0,28,Basic,4,7.01,28.04,50,0,0.378,8,7.49,1,72,1,1,0
106469,58,Male,West,78200.0,25,Standard,7,52.57,367.99,87,0,0.083,15,1.55,2,504,1,0,1
106470,48,Female,North,62100.0,20,Standard,11,74.5,819.5,29,1,0.615,2,6.35,1,650,1,1,1
106471,42,Female,East,41600.0,48,Standard,5,70.58,352.9,22,0,0.488,6,9.57,1,572,0,1,0
106472,41,Male,West,34400.0,21,Standard,8,64.14,513.12,11,1,0.295,6,7.65,1,0,0,1,0
106473,26,Female,East,38900.0,46,Premium,10,49.08,490.8,41,0,0.243,4,3.45,0,415,0,1,1
106474,18,Female,North,27200.0,26,Basic,2,14.05,28.1,79,0,0.802,12,9.1,2,189,2,1,1
106475,28,Female,North,20100.0,11,Basic,6,22.05,132.3,11,1,0.362,27,2.76,1,418,0,1,0
106476,38,Male,West,45800.0,28,Standard,8,67.71,541.68,75,2,0.215,6,1.6,1,281,1,1,0
106477,18,Female,East,25900.0,27,Basic,4,57.45,229.8,50,0,0.758,17,21.24,0,329,3,0,0
106478,32,Female,Central,40400.0,106,Basic,8,11.96,95.68,14,0,0.528,5,4.83,1,0,0,1,0
106479,36,Male,South,52000.0,60,Premium,8,148.39,1187.12,2,1,0.213,10,6.7,2,847,0,1,0
106480,36,Male,West,20400.0,67,Basic,7,62.73,439.11,36,0,0.255,22,16.06,0,408,0,0,0
106481,30,Male,North,23800.0,24,Standard,5,55.46,277.3,22,1,0.333,12,6.05,0,396,1,1,0
106482,35,Female,West,37300.0,17,Basic,4,36.86,147.44,0,0,0.413,13,3.12,5,81,2,1,0
106483,61,Male,Central,87400.0,22,Standard,11,24.94,274.34,9,0,0.489,4,12.16,1,79,0,0,0
106484,48,Male,South,89600.0,21,Standard,9,70.85,637.65,5,1,0.122,14,4.95,0,427,0,1,0
106485,32,Male,South,41400.0,47,Basic,5,30.69,153.45,69,2,0.351,10,0.81,0,207,0,0,1
106486,38,Male,Central,47600.0,17,Basic,6,14.03,84.18,51,0,0.353,11,19.71,2,0,0,0,1
106487,39,Female,West,15000.0,43,Basic,6,26.34,158.04,23,1,0.596,9,3.68,1,0,0,1,0
106488,29,Male,East,51100.0,52,Standard,7,17.67,123.69,61,0,0.461,2,8.0,1,47,1,1,0
106489,29,Male,South,44700.0,37,Basic,6,72.14,432.84,29,1,0.347,10,7.71,0,195,0,0,0
106490,52,Female,Central,64300.0,9,Basic,1,52.91,52.91,20,0,0.181,9,5.88,2,0,0,1,1
106491,34,Female,West,25800.0,35,Basic,2,14.31,28.62,40,0,0.434,5,32.84,1,174,1,1,1
106492,25,Female,South,62400.0,8,Basic,4,40.64,162.56,121,0,,5,1.34,3,534,1,1,1
106493,38,Male,East,68300.0,27,Basic,4,45.69,182.76,9,0,0.333,8,3.82,1,139,0,0,0
106494,41,Female,North,54000.0,22,Standard,3,36.27,108.81,5,1,0.311,8,11.81,1,156,0,1,0
106495,18,Male,West,41900.0,38,Standard,9,28.29,254.61,40,1,0.721,6,7.74,1,217,1,0,0
106496,38,Male,West,47700.0,19,Basic,4,16.56,66.24,35,0,0.859,7,8.65,2,0,2,1,1
106497,50,Female,South,69900.0,17,Standard,3,44.71,134.13,65,0,0.254,7,4.22,0,0,0,0,1
106498,45,Female,South,35300.0,19,Basic,4,38.23,152.92,25,0,0.2,2,5.87,2,119,0,1,0
106499,68,Female,South,43700.0,20,Basic,5,17.12,85.6,2,0,0.38,4,7.89,1,145,2,0,0
106500,55,Female,North,45400.0,8,Basic,4,46.39,185.56,41,0,0.508,9,6.68,1,249,0,0,1
106501,58,Male,Central,54700.0,53,Standard,3,71.22,213.66,50,0,0.44,12,2.78,1,76,1,0,1
106502,75,Male,West,73100.0,21,Basic,3,47.54,142.62,38,0,0.577,7,13.97,3,129,0,1,1
106503,49,Male,South,63700.0,43,Basic,5,74.45,372.25,47,0,0.151,3,3.32,0,481,0,0,1
106504,41,Non-binary,North,46200.0,34,Standard,2,63.18,126.36,142,0,0.258,3,9.34,1,0,0,1,1
106505,52,Female,North,59900.0,22,Basic,7,109.48,766.36,82,1,0.176,8,17.37,0,348,1,0,1
106506,32,Male,West,24700.0,18,Standard,8,78.28,626.24,41,0,0.267,6,,1,316,1,1,1
106507,40,Female,North,31100.0,8,Basic,7,16.78,117.46,34,1,0.419,7,10.64,2,303,0,0,1
106508,31,Male,South,40900.0,16,Basic,2,57.56,115.12,10,0,0.063,10,1.52,0,183,0,1,0
106509,44,Female,Central,45100.0,9,Standard,12,104.19,1250.28,101,1,0.784,4,9.21,0,398,1,1,1
106510,31,Female,East,40400.0,12,Basic,10,120.1,1201.0,10,0,0.465,10,4.68,0,461,0,0,0
106511,30,Male,West,47000.0,42,Premium,11,167.74,1845.14,43,1,0.589,2,4.69,2,992,0,0,1
106512,44,Male,North,75700.0,18,Basic,8,39.12,312.96,80,1,0.537,13,5.84,2,118,0,1,0
106513,37,Female,South,45800.0,14,Standard,8,62.1,496.8,15,0,0.111,6,1.28,0,162,0,0,0
106514,18,Female,Central,53400.0,19,Standard,9,48.0,432.0,4,1,0.174,4,5.69,0,377,0,0,0
106515,20,Male,West,35600.0,9,Basic,7,59.53,416.71,58,1,0.601,0,3.04,0,31,0,0,1
106516,24,Male,West,43400.0,11,Standard,9,87.24,785.16,52,0,,7,3.45,3,520,0,0,1
106517,28,Male,East,52200.0,46,Standard,9,91.76,825.84,69,1,0.557,4,1.73,1,382,0,1,0
106518,44,Female,South,62800.0,63,Premium,6,186.66,1119.96,11,0,0.607,2,3.66,0,546,1,0,0
106519,42,Female,East,39600.0,25,Basic,5,13.24,66.2,6,0,0.024,3,4.97,1,121,1,1,0
106520,53,Male,North,76400.0,5,Basic,6,38.76,232.56,243,1,0.274,8,8.72,2,273,0,0,1
106521,49,Male,North,52200.0,60,Premium,13,251.58,3270.54,20,1,0.347,10,12.3,2,1795,1,0,0
106522,53,Female,East,65500.0,80,Standard,8,46.36,370.88,29,0,0.412,8,1.6,2,518,1,1,0
106523,47,Female,North,57400.0,31,Standard,4,40.76,163.04,17,0,0.665,4,8.02,0,71,0,0,0
106524,42,Female,South,66800.0,15,Basic,4,37.8,151.2,32,0,0.294,6,17.6,0,371,0,1,0
106525,53,Male,North,66800.0,43,Standard,6,76.05,456.3,0,0,0.572,1,6.73,1,354,0,0,1
106526,51,Female,South,39900.0,24,Premium,10,146.53,1465.3,32,0,0.764,6,9.97,0,710,1,0,0
106527,44,Male,Central,82000.0,40,Standard,7,56.64,396.48,9,1,0.544,9,8.28,0,0,1,0,0
106528,56,Male,Central,75800.0,7,Standard,7,55.23,386.61,18,1,0.408,2,12.15,1,661,1,0,1
106529,18,Female,North,20300.0,18,Premium,13,51.92,674.96,31,0,0.455,5,9.6,0,352,1,1,0
106530,35,Female,South,28200.0,9,Standard,6,37.7,226.2,6,2,0.401,10,12.75,1,116,1,1,1
106531,35,Female,West,57400.0,12,Standard,10,54.15,541.5,2,1,0.196,4,9.64,0,588,0,0,1
106532,54,Female,North,47900.0,6,Basic,4,41.04,164.16,8,0,0.393,13,2.18,1,197,0,0,0
106533,59,Male,West,78200.0,12,Basic,4,58.24,232.96,20,0,0.156,5,2.18,2,226,2,0,1
106534,20,Non-binary,North,44900.0,53,Standard,9,33.44,300.96,1,2,0.262,9,10.52,1,61,1,1,1
106535,57,Female,East,56000.0,13,Premium,12,121.24,1454.88,20,1,0.278,3,6.38,3,451,0,0,0
106536,24,Male,South,23400.0,6,Basic,9,56.37,507.33,7,1,0.161,18,2.42,1,501,1,1,0
106537,24,Female,West,27100.0,13,Standard,10,161.04,1610.4,10,0,0.701,13,3.23,1,891,1,0,0
106538,36,Male,East,31300.0,7,Basic,5,57.54,287.7,80,0,0.347,11,8.77,0,257,0,1,1
106539,35,Male,North,47400.0,26,Basic,7,21.98,153.86,84,1,0.48,8,6.56,1,287,0,1,0
106540,19,Female,South,34200.0,14,Basic,3,19.96,59.88,36,0,0.281,2,25.8,1,134,0,1,1
106541,47,Male,East,65700.0,21,Basic,5,17.69,88.45,114,0,0.526,7,5.11,1,281,0,1,1
106542,48,Male,Central,44800.0,15,Basic,7,21.53,150.71,24,2,0.676,7,2.81,0,301,1,0,0
106543,53,Female,East,73000.0,20,Basic,4,21.61,86.44,69,1,0.278,6,2.17,0,0,0,1,1
106544,33,Non-binary,North,28400.0,6,Standard,5,23.91,119.55,46,0,0.449,8,8.18,2,155,0,1,1
106545,38,Female,East,58800.0,13,Basic,4,11.96,47.84,63,0,0.727,3,7.66,2,0,2,1,1
106546,39,Female,South,27100.0,35,Standard,7,46.14,322.98,2,0,0.06,16,9.24,0,0,1,1,0
106547,61,Male,Central,90800.0,37,Basic,5,14.55,72.75,11,0,0.763,8,6.54,1,140,0,0,0
106548,18,Female,West,20700.0,21,Basic,10,6.29,62.9,27,1,0.603,14,2.07,0,104,0,1,0
106549,27,Female,North,44900.0,23,Basic,10,34.88,348.8,29,2,0.369,6,4.91,1,193,3,0,1
106550,39,Female,East,57400.0,4,Standard,10,27.69,276.9,135,1,0.681,12,5.12,0,459,0,1,1
106551,25,Female,West,16900.0,30,Basic,3,54.78,164.34,14,0,0.221,2,8.62,3,0,1,0,1
106552,36,Female,South,56800.0,52,Premium,13,38.07,494.91,15,0,0.567,4,4.89,1,440,0,0,0
106553,37,Female,East,38300.0,7,Basic,3,63.97,191.91,8,0,0.153,7,14.15,2,147,2,1,1
106554,30,Male,East,35100.0,41,Basic,7,60.58,424.06,12,0,0.075,3,1.46,0,272,2,0,0
106555,40,Female,East,39500.0,6,Basic,3,48.69,146.07,52,0,0.504,5,11.55,1,0,2,0,1
106556,47,Male,East,78100.0,25,Basic,9,27.07,243.63,102,0,0.273,8,18.64,1,295,2,1,1
106557,36,Male,East,28700.0,6,Basic,6,8.56,51.36,44,0,0.151,11,8.65,2,133,0,1,0
106558,33,Female,West,48300.0,7,Premium,20,115.77,2315.4,51,2,0.71,7,4.42,2,1261,0,1,1
106559,37,Male,South,37300.0,12,Basic,5,20.28,101.4,109,0,0.774,19,7.41,2,401,0,0,1
106560,39,Male,West,63200.0,10,Standard,10,86.69,866.9,30,2,0.137,10,5.5,2,330,1,1,1
106561,18,Male,East,60500.0,49,Basic,9,15.81,142.29,20,1,0.153,15,2.66,1,297,2,1,0
106562,45,Male,West,44800.0,26,Standard,8,32.57,260.56,94,1,0.12,7,3.85,3,194,1,1,1
106563,33,Female,South,44200.0,11,Standard,6,81.14,486.84,157,0,0.439,8,16.28,2,382,0,1,1
106564,55,Female,East,57800.0,35,Basic,9,32.57,293.13,61,0,0.112,7,9.32,3,127,0,0,1
106565,47,Male,East,70100.0,39,Basic,7,28.28,197.96,15,1,0.625,7,2.07,1,182,0,1,0
106566,54,Male,South,58700.0,31,Standard,6,65.64,393.84,11,1,0.648,3,10.72,3,403,1,0,0
106567,26,Male,North,48300.0,29,Standard,6,80.37,482.22,37,0,0.44,10,3.01,0,306,1,1,0
106568,34,Male,East,37600.0,29,Standard,7,25.58,179.06,38,1,0.266,12,8.06,1,147,0,0,1
106569,23,Female,North,64200.0,10,Standard,7,47.4,331.8,51,0,0.667,6,11.58,0,66,0,0,1
106570,30,Female,South,15000.0,25,Premium,9,53.17,478.53,18,1,0.481,5,15.03,0,429,0,0,0
106571,55,Non-binary,South,68400.0,49,Basic,7,63.35,443.45,113,0,,4,18.21,0,386,0,1,1
106572,58,Female,East,65900.0,69,Basic,7,8.53,59.71,3,2,0.086,7,8.99,0,135,2,1,0
106573,24,Male,Central,33000.0,23,Standard,5,43.87,219.35,77,0,0.503,10,24.41,1,177,1,0,1
106574,33,Non-binary,Central,46200.0,14,Basic,1,36.12,36.12,55,0,0.409,15,6.77,1,279,0,0,1
106575,38,Female,Central,47800.0,12,Premium,7,44.61,312.27,70,0,0.421,10,6.63,1,315,1,1,1
106576,47,Female,Central,58600.0,46,Standard,5,69.31,346.55,28,0,0.36,3,14.27,1,223,1,1,0
106577,18,Male,North,33700.0,12,Standard,11,44.06,484.66,47,1,0.785,16,4.27,0,339,0,1,0
106578,18,Male,South,,20,Premium,11,107.96,1187.56,28,0,0.483,3,5.45,0,591,1,1,0
106579,45,Male,South,15000.0,20,Standard,3,94.39,283.17,4,1,0.689,9,3.89,1,181,1,0,1
106580,18,Female,North,53900.0,38,Basic,8,14.21,113.68,15,1,0.461,14,11.9,1,206,2,1,0
106581,33,Female,West,78100.0,30,Standard,8,7.15,57.2,45,1,0.128,10,12.13,0,178,1,0,1
106582,41,Female,Central,25300.0,80,Basic,3,44.07,132.21,36,0,0.245,14,8.73,2,169,1,1,0
106583,44,Female,East,53400.0,29,Basic,4,31.13,124.52,134,1,0.712,2,4.88,1,55,0,1,1
106584,37,Female,Central,65200.0,48,Basic,5,11.61,58.05,1,0,0.37,13,10.72,1,374,0,1,0
106585,34,Male,West,56100.0,16,Basic,2,61.5,123.0,52,0,0.433,9,17.57,0,286,0,1,1
106586,50,Female,South,81900.0,30,Standard,7,33.19,232.33,129,0,,8,4.86,2,178,1,1,1
106587,43,Male,North,57000.0,49,Standard,7,125.94,881.58,85,0,0.24,4,9.91,2,481,1,1,1
106588,31,Male,Central,15000.0,45,Basic,3,54.03,162.09,33,0,0.31,3,7.12,2,142,0,1,1
106589,39,Male,West,66200.0,8,Basic,6,30.95,185.7,12,0,0.661,11,20.73,3,0,0,1,0
106590,44,Male,South,61600.0,10,Standard,10,20.97,209.7,1,2,0.585,7,9.78,1,65,2,0,1
106591,61,Female,North,89400.0,30,Standard,8,24.94,199.52,46,0,0.57,4,4.44,1,0,0,1,1
106592,49,Male,West,36000.0,20,Basic,4,26.94,107.76,122,0,0.419,2,10.14,1,76,0,1,1
106593,55,Female,West,46100.0,24,Basic,6,57.71,346.26,41,1,0.465,2,11.8,0,287,1,1,0
106594,31,Female,East,40600.0,20,Standard,4,32.93,131.72,6,0,0.897,7,9.78,3,206,2,1,0
106595,32,Male,Central,60000.0,43,Premium,11,141.44,1555.84,4,0,,18,19.97,0,761,0,0,0
106596,36,Female,South,67700.0,27,Basic,7,30.88,216.16,69,0,0.314,5,10.11,1,0,0,0,1
106597,37,Female,Central,35900.0,21,Premium,15,128.49,1927.35,67,0,0.406,2,1.95,0,1046,2,0,1
106598,26,Male,East,29900.0,97,Premium,8,40.24,321.92,6,1,0.622,14,4.01,1,424,0,1,0
106599,55,Female,West,103400.0,49,Standard,7,27.52,192.64,8,1,0.83,5,2.3,2,135,0,0,0
106600,50,Female,Central,50700.0,56,Premium,6,79.78,478.68,51,0,0.537,17,2.87,1,321,0,1,0
106601,35,Female,West,53600.0,10,Basic,4,32.01,128.04,53,0,0.507,9,10.57,1,0,0,0,1
106602,47,Female,South,49200.0,102,Standard,4,71.35,285.4,205,1,0.283,1,12.53,2,384,0,0,1
106603,42,Male,Central,57400.0,94,Standard,7,6.78,47.46,36,1,0.266,14,6.93,2,39,0,1,0
106604,48,Male,East,44400.0,42,Basic,6,16.8,100.8,60,1,0.853,7,12.1,0,306,0,1,1
106605,22,Female,North,20100.0,27,Standard,6,42.81,256.86,42,0,0.17,7,7.67,0,18,0,1,0
106606,37,Male,West,40900.0,14,Premium,11,220.15,2421.65,48,0,0.34,3,9.84,0,1114,0,1,0
106607,38,Non-binary,East,39400.0,45,Standard,4,35.2,140.8,11,0,0.282,7,13.38,2,238,1,1,0
106608,47,Male,East,51300.0,82,Basic,3,60.8,182.4,14,0,0.333,8,3.5,0,77,0,1,0
106609,31,Male,South,47700.0,27,Basic,7,27.01,189.07,18,0,0.043,6,9.47,2,11,0,1,0
106610,18,Male,North,54500.0,10,Basic,4,10.81,43.24,34,0,0.393,2,10.61,3,38,0,1,1
106611,25,Male,North,26400.0,25,Basic,7,28.52,199.64,34,0,0.565,5,11.35,0,387,1,0,0
106612,38,Male,West,33200.0,17,Premium,9,61.22,550.98,50,0,0.51,7,15.91,2,414,2,1,1
106613,40,Female,South,49000.0,12,Basic,9,44.23,398.07,52,0,0.263,6,6.13,1,211,1,1,1
106614,61,Female,East,56900.0,6,Premium,7,56.91,398.37,5,2,0.12,15,3.84,1,195,0,1,1
106615,47,Female,East,32700.0,76,Standard,4,32.22,128.88,62,1,0.631,19,1.93,1,151,2,0,0
106616,40,Male,South,63800.0,59,Standard,8,57.32,458.56,61,0,0.763,10,3.92,0,441,0,1,0
106617,39,Female,South,49100.0,19,Standard,8,56.18,449.44,43,1,0.741,8,18.56,2,180,0,1,0
106618,53,Male,South,63700.0,3,Basic,7,57.95,405.65,259,0,0.496,3,7.7,3,349,0,1,1
106619,31,Female,Central,15000.0,34,Standard,7,17.34,121.38,14,1,0.382,6,4.09,0,0,1,1,0
106620,37,Male,Central,37900.0,63,Basic,6,35.96,215.76,20,1,0.241,5,12.36,0,37,2,1,0
106621,25,Female,South,15000.0,81,Basic,8,22.39,179.12,55,0,0.759,6,13.66,3,95,0,1,0
106622,57,Female,North,64800.0,34,Premium,9,207.18,1864.62,5,1,0.056,4,3.48,2,1198,0,0,0
106623,44,Female,East,54600.0,14,Basic,6,15.02,90.12,17,0,0.633,1,11.09,1,340,0,1,0
106624,30,Male,South,41300.0,30,Standard,5,7.23,36.15,4,0,0.328,8,10.92,2,0,0,0,0
106625,38,Male,East,37700.0,22,Basic,4,55.97,223.88,2,1,0.599,7,5.86,1,137,2,1,0
106626,46,Female,South,42700.0,20,Basic,3,29.48,88.44,146,0,0.299,10,7.64,0,221,0,0,1
106627,36,Male,West,42400.0,54,Basic,6,36.62,219.72,20,0,0.363,10,13.28,0,267,1,1,0
106628,32,Male,South,46300.0,35,Basic,6,30.66,183.96,15,0,0.764,7,19.65,2,144,1,0,0
106629,30,Male,Central,31300.0,8,Standard,4,37.44,149.76,36,0,0.439,10,6.31,0,322,0,1,0
106630,43,Male,South,38600.0,55,Basic,7,77.43,542.01,7,1,0.233,6,1.39,0,474,0,1,0
106631,34,Female,South,30700.0,76,Standard,2,34.31,68.62,12,0,0.293,3,3.95,0,88,1,1,0
106632,33,Male,Central,33000.0,13,Basic,4,13.4,53.6,68,0,0.34,15,3.25,0,34,2,1,1
106633,22,Female,South,25500.0,34,Basic,5,43.15,215.75,8,0,0.379,3,13.38,1,150,0,1,0
106634,40,Male,North,33500.0,22,Standard,6,27.32,163.92,55,1,0.167,6,2.57,1,199,0,0,1
106635,37,Male,North,39800.0,6,Standard,5,57.96,289.8,17,0,0.251,11,42.68,0,176,1,1,0
106636,35,Female,West,61500.0,30,Basic,4,23.53,94.12,17,0,0.411,5,0.94,1,69,3,0,0
106637,42,Female,East,46700.0,44,Basic,3,5.78,17.34,45,2,0.199,4,18.61,0,54,0,1,1
106638,49,Male,East,40100.0,30,Basic,7,29.89,209.23,41,0,0.629,28,7.79,0,302,0,1,0
106639,48,Male,North,24900.0,61,Standard,9,51.1,459.9,5,0,0.361,14,28.59,0,306,1,0,0
106640,46,Male,North,80300.0,29,Standard,11,110.32,1213.52,77,1,0.546,2,10.81,1,551,1,1,0
106641,36,Non-binary,South,61100.0,6,Basic,9,30.05,270.45,10,0,0.378,10,7.21,1,97,1,1,0
106642,32,Male,South,45300.0,15,Basic,5,18.3,91.5,98,0,0.83,2,15.38,1,78,0,1,1
106643,25,Female,South,50900.0,50,Standard,8,36.1,288.8,5,2,0.525,8,7.56,2,83,1,1,0
106644,31,Male,East,47700.0,2,Basic,7,39.98,279.86,43,0,0.57,6,0.95,1,136,0,1,0
106645,39,Female,West,46900.0,16,Standard,10,40.74,407.4,10,0,0.164,6,4.23,4,0,1,1,0
106646,29,Male,East,21100.0,30,Premium,11,178.35,1961.85,226,0,0.438,4,10.32,1,1067,1,0,1
106647,40,Male,East,75600.0,51,Standard,4,24.7,98.8,33,1,0.367,4,9.83,1,0,2,1,0
106648,26,Female,East,29500.0,65,Basic,6,15.05,90.3,2,0,0.199,7,20.0,3,201,1,1,0
106649,18,Male,North,22600.0,21,Basic,5,37.02,185.1,13,0,0.342,10,5.09,3,96,0,1,1
106650,50,Male,East,58900.0,26,Basic,6,122.77,736.62,1,1,0.714,13,1.56,2,437,1,0,0
106651,33,Female,North,43000.0,17,Basic,6,24.53,147.18,93,0,0.179,8,4.43,0,86,1,1,1
106652,28,Male,West,,27,Standard,13,139.65,1815.45,81,1,0.121,6,9.84,1,1056,0,1,1
106653,25,Male,South,41100.0,9,Standard,6,96.59,579.54,62,0,0.327,3,3.24,3,560,1,1,1
106654,44,Male,East,44600.0,36,Standard,2,64.6,129.2,8,0,0.57,6,7.93,1,326,0,1,0
106655,57,Female,Central,65400.0,2,Standard,7,14.99,104.93,10,1,0.23,7,5.97,2,172,1,0,1
106656,34,Female,South,50800.0,33,Basic,3,37.04,111.12,3,0,0.405,13,5.58,1,246,0,0,0
106657,36,Male,North,35800.0,22,Basic,10,45.81,458.1,14,1,0.396,7,4.39,0,433,2,1,0
106658,53,Female,Central,81500.0,52,Standard,9,48.65,437.85,4,1,0.225,13,1.17,4,592,1,1,0
106659,18,Female,South,27700.0,43,Standard,8,38.91,311.28,73,0,0.39,10,8.46,0,494,0,1,1
106660,65,Male,South,95000.0,19,Standard,9,57.76,519.84,46,1,0.488,8,8.5,0,230,1,0,1
106661,71,Male,South,58900.0,41,Basic,7,16.9,118.3,26,0,0.311,7,14.1,1,349,0,1,1
106662,18,Male,South,37200.0,10,Premium,9,111.74,1005.66,1,1,0.546,5,7.13,2,726,0,1,0
106663,38,Male,East,34500.0,6,Basic,8,14.16,113.28,62,2,0.173,8,4.7,1,0,1,0,1
106664,30,Female,West,30500.0,33,Standard,8,13.04,104.32,122,0,0.239,5,16.52,0,314,0,1,1
106665,36,Female,West,57800.0,6,Basic,6,32.64,195.84,32,0,0.178,10,1.14,0,89,0,0,1
106666,34,Male,East,40000.0,69,Standard,7,81.85,572.95,27,1,,10,10.77,2,337,0,1,0
106667,50,Female,West,94800.0,4,Premium,12,97.77,1173.24,5,0,0.239,4,15.5,0,648,0,0,0
106668,38,Female,West,,49,Standard,4,55.39,221.56,1,1,0.569,4,21.93,1,158,0,1,0
106669,27,Male,North,26800.0,22,Standard,5,24.41,122.05,12,1,0.309,4,,0,85,1,0,0
106670,37,Female,East,53300.0,37,Standard,1,68.45,68.45,76,0,0.381,4,8.82,1,158,0,0,1
106671,46,Male,North,51300.0,27,Standard,10,81.6,816.0,25,1,0.443,2,5.96,1,374,0,0,0
106672,24,Male,South,45300.0,16,Basic,5,34.82,174.1,16,0,0.184,11,2.0,0,75,0,0,1
106673,18,Male,West,23900.0,14,Basic,6,53.73,322.38,50,0,0.239,7,12.43,0,340,0,1,0
106674,65,Female,West,78300.0,38,Premium,9,140.43,1263.87,20,2,0.488,15,12.52,0,853,0,1,0
106675,31,Female,Central,43100.0,52,Standard,6,22.04,132.24,54,0,0.401,9,13.37,1,295,2,1,0
106676,37,Male,East,47100.0,30,Premium,10,94.47,944.7,54,0,0.279,7,7.27,1,433,0,1,0
106677,34,Male,North,57800.0,36,Standard,12,58.91,706.92,134,2,0.63,10,3.18,1,458,2,1,1
106678,46,Female,North,29400.0,29,Standard,2,26.63,53.26,6,0,0.391,7,1.71,0,0,0,1,0
106679,62,Female,South,,8,Standard,6,67.75,406.5,45,0,0.19,2,4.29,0,228,2,0,1
106680,47,Male,South,45700.0,9,Premium,9,81.48,733.32,13,0,0.824,4,28.34,0,536,1,1,0
106681,19,Female,East,15000.0,65,Standard,12,104.61,1255.32,50,2,0.562,1,5.58,1,642,0,1,1
106682,21,Female,East,19100.0,22,Basic,6,22.98,137.88,122,1,0.152,7,8.22,2,330,0,1,1
106683,34,Female,North,34500.0,48,Basic,4,70.85,283.4,33,0,0.661,2,1.07,1,318,3,0,0
106684,36,Female,North,41800.0,18,Basic,5,25.06,125.3,58,0,0.333,6,6.22,0,100,1,0,1
106685,18,Female,North,32700.0,12,Basic,2,33.06,66.12,59,0,0.048,11,22.23,1,84,0,0,1
106686,50,Female,West,66000.0,18,Basic,6,44.88,269.28,7,0,0.521,4,3.95,3,104,0,0,1
106687,25,Male,South,28900.0,40,Basic,5,26.94,134.7,23,0,0.783,12,8.68,0,94,1,1,0
106688,58,Male,North,88200.0,14,Basic,4,55.25,221.0,55,0,0.63,9,6.26,2,78,0,0,1
106689,63,Female,South,65600.0,29,Basic,6,27.92,167.52,64,0,0.467,13,14.12,2,366,0,0,1
106690,36,Female,South,17800.0,36,Standard,8,73.82,590.56,28,0,0.348,6,0.98,2,84,0,0,1
106691,45,Male,South,48800.0,25,Basic,6,54.52,327.12,19,0,0.832,3,5.17,1,0,1,0,1
106692,23,Female,West,33400.0,28,Standard,14,98.29,1376.06,46,2,0.172,6,8.07,0,680,0,1,0
106693,47,Female,South,15000.0,29,Premium,6,90.23,541.38,1,0,0.489,15,10.94,1,470,1,0,0
106694,33,Male,North,59200.0,13,Standard,4,81.72,326.88,6,0,0.405,8,,0,166,1,1,0
106695,25,Male,South,33300.0,20,Basic,4,19.12,76.48,72,0,0.346,5,4.81,0,185,0,1,1
106696,35,Male,North,28000.0,13,Standard,1,130.77,130.77,57,0,0.421,17,15.1,0,190,1,1,0
106697,33,Female,Central,28800.0,20,Standard,8,41.61,332.88,42,0,0.161,1,5.49,1,150,0,0,1
106698,35,Female,West,54800.0,43,Basic,4,20.24,80.96,47,1,0.319,15,11.74,1,286,2,1,1
106699,51,Female,East,71700.0,42,Basic,7,18.49,129.43,151,0,0.391,7,6.72,0,288,0,1,1
106700,29,Male,East,29400.0,29,Premium,8,74.72,597.76,50,0,0.354,7,4.92,0,371,1,1,0
106701,62,Female,South,50800.0,25,Standard,6,93.46,560.76,23,0,0.521,2,3.75,0,266,1,1,0
106702,22,Female,South,33600.0,34,Premium,11,138.28,1521.08,7,0,0.467,4,8.27,2,542,2,1,0
106703,60,Female,South,72300.0,28,Standard,4,181.21,724.84,143,0,0.649,2,0.77,0,361,0,0,1
106704,26,Male,West,43500.0,19,Basic,5,37.55,187.75,83,2,0.809,5,11.79,1,117,1,1,1
106705,39,Female,West,40100.0,24,Standard,7,51.13,357.91,4,1,0.119,5,7.63,0,200,0,0,0
106706,33,Female,South,,10,Premium,10,90.99,909.9,27,0,0.191,11,6.89,1,352,2,1,0
106707,35,Male,West,44400.0,9,Basic,7,30.11,210.77,42,1,0.587,6,11.54,1,178,3,0,1
106708,49,Male,North,71000.0,59,Basic,3,68.25,204.75,10,0,0.83,9,1.77,1,152,1,0,0
106709,58,Male,North,84600.0,40,Standard,11,61.62,677.82,29,0,0.426,2,10.92,2,76,0,0,0
106710,54,Male,North,84600.0,16,Premium,8,126.5,1012.0,8,1,0.352,4,10.85,2,295,2,0,0
106711,34,Female,South,61400.0,24,Premium,9,204.57,1841.13,38,1,0.508,6,9.22,2,913,1,0,1
106712,41,Male,South,75200.0,18,Standard,8,81.27,650.16,16,0,0.205,4,22.63,0,542,0,1,0
106713,29,Female,Central,52600.0,23,Standard,3,40.88,122.64,24,0,0.456,3,1.6,0,11,0,1,0
106714,26,Male,South,27300.0,41,Basic,5,36.43,182.15,33,0,0.771,3,2.72,2,133,0,1,0
106715,24,Female,South,55200.0,2,Standard,5,93.29,466.45,36,0,0.435,16,10.4,2,476,0,0,0
106716,33,Male,North,23000.0,33,Standard,7,25.56,178.92,57,0,0.277,10,13.5,3,164,1,1,0
106717,42,Male,North,83900.0,8,Basic,5,37.07,185.35,16,0,0.666,11,1.44,0,122,0,1,0
106718,18,Female,North,15000.0,120,Basic,7,41.94,293.58,17,0,0.469,4,6.55,0,137,0,0,0
106719,38,Female,North,,47,Standard,4,118.38,473.52,9,0,0.279,12,25.33,2,390,2,1,0
106720,59,Male,South,87200.0,7,Premium,12,103.11,1237.32,48,0,0.077,11,2.39,0,777,0,0,0
106721,54,Female,North,68600.0,7,Premium,11,21.61,237.71,49,0,0.604,15,14.45,3,306,0,0,1
106722,31,Non-binary,North,15000.0,15,Basic,8,20.69,165.52,11,1,0.024,10,6.18,1,218,1,1,0
106723,21,Female,East,17600.0,23,Standard,7,89.91,629.37,51,0,0.41,10,4.15,0,719,1,1,0
106724,45,Male,Central,58600.0,14,Standard,7,66.43,465.01,11,0,0.244,1,12.04,3,421,1,0,0
106725,18,Male,North,36900.0,15,Basic,3,22.05,66.15,10,0,0.274,13,,1,50,0,1,0
106726,53,Female,West,58700.0,3,Standard,7,49.41,345.87,54,0,0.719,1,4.01,1,229,0,1,0
106727,36,Male,West,46100.0,97,Standard,6,20.28,121.68,1,0,0.35,5,15.79,1,137,1,1,0
106728,63,Male,East,50200.0,23,Basic,12,14.74,176.88,44,1,0.592,5,8.76,1,94,0,0,1
106729,18,Male,West,52800.0,71,Standard,12,17.1,205.2,31,0,0.2,16,6.06,0,397,0,1,0
106730,51,Male,East,54100.0,15,Standard,8,101.78,814.24,37,0,0.313,4,16.16,0,490,0,1,0
106731,38,Male,Central,58000.0,89,Premium,17,40.55,689.35,15,1,0.135,21,7.08,1,688,0,1,1
106732,35,Female,North,63800.0,36,Standard,6,16.07,96.42,36,1,0.276,6,14.87,3,3,0,0,1
106733,21,Female,East,15000.0,25,Basic,8,82.02,656.16,46,0,0.087,8,5.15,1,388,0,1,1
106734,47,Female,West,57300.0,64,Basic,7,19.1,133.7,40,0,0.317,4,7.68,0,213,0,0,0
106735,48,Male,Central,60400.0,7,Premium,8,95.6,764.8,32,0,0.557,4,2.61,2,596,0,1,1
106736,62,Male,East,66200.0,24,Standard,8,35.52,284.16,2,1,0.795,4,14.68,0,382,1,0,0
106737,52,Female,Central,73300.0,20,Standard,8,86.74,693.92,70,0,0.074,4,1.62,0,501,0,0,1
106738,31,Male,West,31000.0,47,Standard,7,35.66,249.62,106,1,0.269,14,5.09,0,0,1,1,1
106739,26,Female,West,36400.0,4,Standard,6,53.02,318.12,76,1,0.253,11,18.34,2,229,1,1,1
106740,21,Male,West,25700.0,17,Premium,14,120.6,1688.4,48,1,0.456,4,6.42,1,797,1,1,0
106741,58,Male,West,98600.0,3,Standard,10,28.86,288.6,83,0,0.174,8,11.71,1,91,0,1,1
106742,29,Male,East,29200.0,18,Basic,3,74.39,223.17,19,0,0.714,6,5.27,1,38,1,1,0
106743,58,Male,West,76400.0,57,Basic,5,26.33,131.65,23,0,0.649,4,19.37,2,28,0,0,0
106744,46,Male,North,79800.0,18,Standard,8,73.06,584.48,64,0,0.436,16,6.62,1,437,0,1,1
106745,43,Female,Central,38900.0,12,Basic,7,33.91,237.37,43,0,0.275,13,11.69,0,8,1,0,0
106746,35,Male,West,45500.0,40,Premium,6,152.47,914.82,71,0,0.751,1,3.83,0,514,2,1,0
106747,48,Female,East,42700.0,13,Premium,3,79.75,239.25,41,0,0.431,7,16.95,0,148,1,0,1
106748,39,Male,North,19800.0,52,Standard,7,32.3,226.1,1,1,0.347,10,30.57,2,287,0,0,0
106749,34,Male,South,32200.0,70,Basic,9,26.66,239.94,50,0,0.332,9,3.83,0,304,0,1,0
106750,48,Female,South,48500.0,26,Basic,8,40.3,322.4,13,2,0.269,9,15.94,1,348,0,1,1
106751,37,Female,South,38900.0,35,Basic,6,58.05,348.3,34,0,0.262,11,2.44,0,281,1,1,0
106752,29,Female,West,34300.0,55,Basic,6,59.83,358.98,5,0,0.099,16,7.95,0,179,0,0,0
106753,47,Non-binary,Central,55600.0,25,Standard,5,71.08,355.4,57,0,0.421,7,4.58,1,503,0,1,1
106754,38,Female,West,30200.0,6,Premium,11,25.57,281.27,226,3,,3,13.29,1,59,0,1,1
106755,45,Male,South,58600.0,59,Basic,3,20.99,62.97,93,1,0.232,3,26.18,0,74,1,1,1
106756,33,Female,Central,59200.0,35,Premium,13,111.97,1455.61,29,2,0.517,10,3.6,0,534,1,0,0
106757,23,Male,Central,51400.0,19,Premium,9,54.68,492.12,2,0,0.592,16,5.67,2,354,0,1,0
106758,62,Male,West,66200.0,8,Premium,9,230.4,2073.6,167,0,0.117,1,4.89,1,1172,1,1,1
106759,59,Female,South,79500.0,18,Basic,7,11.65,81.55,306,0,0.591,9,14.96,1,178,0,0,1
106760,50,Male,West,48900.0,31,Basic,6,13.28,79.68,9,0,,7,4.7,0,162,0,1,0
106761,34,Female,South,38400.0,34,Standard,10,76.5,765.0,24,2,0.28,9,7.23,0,490,0,1,0
106762,35,Male,North,49700.0,43,Standard,12,76.76,921.12,18,1,0.27,10,11.61,2,616,1,1,0
106763,57,Female,East,60400.0,61,Basic,4,42.96,171.84,8,0,0.367,4,2.55,2,0,0,1,0
106764,34,Male,West,25500.0,41,Basic,4,36.93,147.72,158,0,0.512,10,19.05,1,224,0,0,1
106765,31,Female,South,52000.0,25,Premium,16,294.88,4718.08,110,0,0.668,9,13.53,1,2499,1,0,1
106766,63,Male,Central,59100.0,15,Basic,6,11.88,71.28,5,0,0.545,1,5.3,1,97,1,1,0
106767,38,Female,Central,39700.0,12,Basic,2,36.48,72.96,23,0,0.542,6,15.86,1,0,0,1,1
106768,62,Male,East,84600.0,45,Basic,7,56.22,393.54,22,0,0.362,2,17.16,0,262,2,0,0
106769,21,Female,North,38400.0,24,Standard,8,34.67,277.36,81,0,0.461,9,,1,213,1,1,1
106770,46,Female,North,57100.0,10,Standard,11,79.98,879.78,73,0,0.506,8,4.14,1,588,0,1,0
106771,66,Male,East,53000.0,34,Basic,3,55.18,165.54,29,0,0.752,4,4.84,1,109,1,1,0
106772,39,Female,West,31700.0,33,Standard,8,60.25,482.0,158,0,0.404,6,11.34,1,444,1,1,1
106773,36,Male,East,50700.0,95,Basic,7,29.64,207.48,8,1,0.333,5,11.22,0,0,1,0,0
106774,24,Male,North,42500.0,3,Standard,6,121.85,731.1,3,0,0.122,8,10.66,1,697,1,0,1
106775,53,Female,North,64800.0,6,Standard,6,18.83,112.98,53,1,0.472,2,13.09,0,0,1,1,1
106776,29,Male,North,31800.0,3,Basic,4,14.1,56.4,28,0,0.692,12,2.27,1,277,0,0,0
106777,38,Female,East,39900.0,12,Standard,6,86.8,520.8,14,0,0.438,13,1.8,2,544,0,0,0
106778,23,Male,East,35800.0,24,Basic,6,18.95,113.7,29,0,0.453,1,8.5,1,0,0,1,0
106779,59,Male,North,49400.0,19,Standard,10,108.84,1088.4,1,0,0.491,7,1.23,2,493,1,1,0
106780,54,Female,East,63500.0,65,Basic,9,38.32,344.88,190,0,0.622,3,3.24,0,203,2,1,1
106781,39,Female,Central,28500.0,20,Standard,5,44.47,222.35,22,0,0.248,2,4.15,0,165,0,0,0
106782,24,Male,South,19000.0,4,Standard,4,47.39,189.56,18,0,0.862,3,1.0,0,71,0,1,0
106783,59,Male,North,69400.0,85,Standard,3,105.14,315.42,23,0,0.596,2,4.27,1,0,0,1,0
106784,34,Female,East,51400.0,46,Basic,1,64.88,64.88,28,0,0.377,12,2.45,2,268,1,1,1
106785,25,Female,Central,39400.0,44,Basic,3,20.23,60.69,25,0,0.422,11,4.54,0,190,0,0,0
106786,18,Female,North,15000.0,8,Standard,7,27.76,194.32,2,0,0.501,4,,0,163,1,0,0
106787,31,Male,North,15000.0,27,Basic,7,24.28,169.96,6,1,0.628,7,23.14,2,66,1,1,0
106788,20,Male,East,29800.0,57,Premium,14,78.61,1100.54,106,1,0.251,4,8.23,0,1018,0,0,1
106789,31,Female,South,15000.0,50,Basic,3,40.13,120.39,11,0,0.342,8,20.48,1,120,1,0,0
106790,49,Male,Central,70700.0,13,Standard,5,151.84,759.2,11,0,0.13,20,30.61,1,588,2,0,0
106791,34,Male,West,28100.0,24,Standard,9,115.39,1038.51,17,2,0.655,5,3.29,0,562,2,0,0
106792,44,Male,North,84000.0,50,Basic,5,28.17,140.85,26,0,0.602,13,4.93,1,336,1,1,0
106793,30,Female,Central,25900.0,27,Standard,8,78.76,630.08,13,1,0.41,9,17.2,1,402,0,1,0
106794,40,Female,East,55400.0,19,Basic,6,58.62,351.72,26,0,0.744,5,4.52,0,416,0,0,0
106795,64,Female,East,61400.0,9,Basic,4,43.21,172.84,20,1,0.352,16,,1,64,0,0,1
106796,34,Male,South,40800.0,24,Standard,5,46.75,233.75,5,0,0.662,8,3.55,3,455,0,1,0
106797,44,Female,East,55300.0,62,Basic,0,89.63,0.0,26,0,0.632,10,7.59,1,291,2,1,1
106798,19,Female,Central,41000.0,57,Standard,5,86.67,433.35,6,0,0.349,5,3.03,1,442,0,0,0
106799,59,Male,North,81200.0,32,Standard,5,55.28,276.4,21,0,0.225,5,7.05,0,53,0,0,0
106800,33,Male,South,52400.0,29,Standard,6,20.11,120.66,2,0,0.483,4,6.31,0,228,0,1,0
106801,53,Female,Central,75800.0,42,Basic,10,9.07,90.7,20,0,0.557,2,3.6,2,33,0,1,0
106802,37,Female,South,37400.0,30,Basic,6,17.94,107.64,37,0,0.142,7,5.01,0,398,1,1,0
106803,47,Female,North,64600.0,30,Premium,10,90.19,901.9,17,1,0.697,2,12.73,1,182,0,0,0
106804,48,Female,North,51700.0,6,Premium,5,53.07,265.35,10,0,0.251,14,10.74,0,330,0,1,0
106805,33,Female,West,56100.0,10,Premium,9,32.96,296.64,29,0,0.474,6,7.04,2,228,1,1,0
106806,53,Female,West,62900.0,39,Standard,9,40.13,361.17,7,0,0.595,5,12.89,2,448,0,0,0
106807,29,Female,North,47100.0,28,Standard,8,24.2,193.6,75,0,0.419,3,9.7,2,216,0,0,1
106808,49,Male,North,61500.0,25,Standard,4,38.87,155.48,16,0,0.466,6,15.99,0,0,0,0,1
106809,34,Male,East,53800.0,19,Standard,5,130.11,650.55,6,0,0.758,7,15.0,1,358,0,0,0
106810,44,Female,West,41400.0,62,Basic,10,25.01,250.1,16,0,0.151,13,7.41,1,253,2,0,0
106811,33,Male,North,20200.0,39,Basic,7,61.32,429.24,17,1,0.515,11,11.02,3,228,1,1,0
106812,40,Female,South,62700.0,34,Basic,7,50.81,355.67,31,2,0.515,2,12.14,0,257,0,0,1
106813,25,Male,East,53500.0,9,Standard,4,80.28,321.12,0,0,0.51,9,9.93,0,297,1,1,0
106814,42,Male,North,49200.0,34,Basic,5,9.9,49.5,4,0,0.163,12,2.57,1,408,0,1,0
106815,40,Male,South,60300.0,109,Basic,4,80.74,322.96,13,2,0.591,2,0.5,2,0,1,0,0
106816,32,Male,Central,18500.0,5,Basic,4,49.27,197.08,15,1,0.395,6,10.18,1,53,0,0,1
106817,38,Female,Central,38300.0,45,Premium,9,70.41,633.69,10,1,0.585,6,10.51,0,445,0,1,0
106818,41,Female,South,51000.0,25,Standard,5,67.02,335.1,22,1,0.809,12,8.25,1,211,2,1,0
106819,31,Male,Central,16100.0,25,Basic,8,22.82,182.56,36,0,0.389,4,24.06,0,400,2,0,0
106820,37,Female,East,24600.0,53,Basic,5,8.85,44.25,22,0,0.483,6,3.19,0,0,1,1,0
106821,26,Male,Central,37800.0,13,Standard,9,94.77,852.93,42,0,0.479,0,8.71,2,373,1,1,1
106822,69,Female,Central,68000.0,19,Standard,13,16.66,216.58,25,0,0.567,8,5.56,2,0,0,0,0
106823,53,Female,East,56400.0,22,Basic,7,34.81,243.67,56,0,0.193,4,7.09,0,146,0,0,1
106824,43,Male,East,46100.0,12,Basic,5,34.38,171.9,54,0,0.281,7,17.4,0,285,0,0,1
106825,54,Male,North,44200.0,21,Standard,5,27.62,138.1,4,0,0.268,6,5.0,1,303,0,1,0
106826,18,Male,East,25000.0,14,Premium,8,132.93,1063.44,11,1,0.618,12,5.06,3,675,2,1,0
106827,18,Male,South,27800.0,26,Basic,5,18.27,91.35,1,0,0.49,7,10.27,0,86,1,1,0
106828,34,Male,East,35000.0,46,Basic,4,47.23,188.92,2,0,0.335,5,2.43,1,202,2,0,0
106829,21,Female,North,23800.0,12,Standard,7,75.02,525.14,82,1,0.263,7,3.59,1,152,0,1,1
106830,36,Male,West,42200.0,28,Standard,7,30.85,215.95,166,0,0.303,15,21.49,1,322,1,1,1
106831,42,Female,Central,62300.0,24,Basic,3,31.4,94.2,5,0,0.264,4,5.82,0,0,2,1,0
106832,51,Female,North,58000.0,24,Premium,15,80.38,1205.7,15,0,0.136,18,15.32,0,672,0,1,0
106833,24,Non-binary,East,15000.0,11,Standard,8,23.33,186.64,0,0,0.432,10,12.28,2,210,0,1,0
106834,44,Female,West,36000.0,54,Standard,4,59.13,236.52,150,0,0.657,14,2.88,1,140,0,1,1
106835,39,Female,East,61000.0,54,Standard,4,138.03,552.12,16,0,0.565,10,5.87,2,428,1,0,0
106836,44,Female,Central,43100.0,23,Basic,6,51.91,311.46,9,1,0.599,9,17.13,0,247,1,1,0
106837,32,Non-binary,East,40100.0,43,Standard,4,8.79,35.16,21,0,0.278,7,17.83,0,59,0,0,0
106838,57,Male,South,92000.0,15,Basic,3,26.57,79.71,77,0,0.188,8,2.79,2,32,3,0,1
106839,38,Female,East,55800.0,47,Basic,5,51.85,259.25,7,0,0.465,13,6.64,3,113,1,1,0
106840,62,Male,East,39700.0,12,Basic,3,11.86,35.58,159,0,0.041,12,4.73,2,0,0,0,1
106841,29,Female,South,58700.0,10,Premium,13,47.77,621.01,10,0,0.362,5,1.45,1,348,1,1,0
106842,49,Male,West,59500.0,27,Standard,6,36.34,218.04,81,0,0.434,7,13.95,1,194,2,1,0
106843,38,Female,East,52200.0,77,Basic,4,87.76,351.04,58,0,0.794,7,19.05,3,162,2,0,0
106844,35,Female,South,48400.0,9,Standard,8,41.39,331.12,41,0,0.26,6,17.58,0,369,1,1,0
106845,47,Male,South,68300.0,5,Standard,9,53.31,479.79,113,0,0.177,6,2.46,1,291,0,0,1
106846,35,Male,South,43000.0,46,Standard,4,16.1,64.4,7,0,0.331,16,2.84,3,185,0,0,0
106847,18,Female,South,15000.0,28,Basic,1,75.66,75.66,66,1,0.639,4,7.83,5,94,0,1,1
106848,18,Female,East,32500.0,30,Premium,10,68.11,681.1,90,0,0.312,10,3.23,2,377,0,1,0
106849,56,Male,South,44800.0,19,Standard,5,26.59,132.95,9,0,0.491,13,10.1,0,110,1,1,0
106850,55,Female,West,88600.0,37,Standard,9,27.48,247.32,16,0,0.392,13,1.39,1,132,1,0,0
106851,64,Female,Central,66600.0,44,Premium,13,98.78,1284.14,78,0,0.354,2,4.28,0,669,1,1,0
106852,39,Male,East,47200.0,7,Premium,10,13.4,134.0,67,0,0.833,8,5.21,0,111,1,0,1
106853,22,Female,West,22300.0,6,Basic,4,51.76,207.04,9,0,0.242,17,10.28,1,180,0,1,0
106854,34,Female,Central,47900.0,10,Basic,8,11.69,93.52,64,2,0.473,8,19.82,2,0,3,0,1
106855,39,Female,North,,15,Standard,6,42.72,256.32,53,0,0.507,5,8.59,0,0,1,1,0
106856,26,Female,North,26100.0,22,Standard,3,38.31,114.93,33,0,0.133,8,4.35,1,180,0,0,0
106857,60,Male,North,74200.0,27,Premium,8,42.17,337.36,96,1,0.13,8,7.33,1,0,0,0,1
106858,68,Male,South,76400.0,39,Standard,8,131.9,1055.2,56,0,0.228,8,8.45,1,381,2,1,0
106859,45,Female,South,52300.0,15,Standard,9,102.49,922.41,73,1,0.629,4,2.64,0,678,0,1,1
106860,39,Male,East,37400.0,45,Basic,5,130.05,650.25,98,1,0.549,20,3.1,1,328,0,0,1
106861,22,Female,South,64200.0,28,Basic,4,37.04,148.16,15,0,0.09,3,14.65,0,157,0,0,1
106862,59,Female,North,83500.0,31,Basic,5,24.56,122.8,42,2,0.391,16,6.69,1,200,1,0,1
106863,40,Male,South,59100.0,7,Basic,2,18.52,37.04,36,0,0.242,12,6.5,0,263,0,1,1
106864,35,Female,North,59900.0,12,Standard,7,34.54,241.78,39,0,0.639,5,1.76,2,98,1,0,1
106865,45,Male,East,57800.0,18,Basic,1,31.89,31.89,11,0,0.446,11,3.21,2,33,2,0,1
106866,31,Female,South,35500.0,120,Basic,6,56.2,337.2,91,0,0.456,12,20.86,0,164,0,0,0
106867,41,Male,North,15000.0,44,Standard,10,31.77,317.7,10,0,0.543,5,11.94,0,370,1,1,0
106868,20,Male,North,15000.0,23,Basic,2,24.56,49.12,30,0,0.34,5,1.53,0,34,1,1,1
106869,53,Female,West,91600.0,16,Standard,7,31.8,222.6,28,2,0.259,13,9.91,1,0,2,1,0
106870,38,Male,South,63200.0,80,Standard,6,14.09,84.54,6,0,0.481,7,10.13,0,0,1,1,0
106871,54,Female,West,65000.0,29,Basic,5,30.6,153.0,77,0,0.725,6,,2,0,3,1,1
106872,36,Female,West,23000.0,13,Basic,6,5.0,30.0,7,0,0.056,7,3.53,1,85,0,1,0
106873,37,Female,East,54900.0,10,Standard,6,21.69,130.14,11,0,0.126,9,3.57,1,69,0,1,0
106874,23,Male,North,28900.0,35,Standard,8,65.45,523.6,56,0,0.501,8,10.94,1,320,2,0,1
106875,49,Male,East,67200.0,23,Standard,4,40.12,160.48,43,0,0.086,4,17.62,2,0,2,0,1
106876,28,Non-binary,North,21900.0,51,Standard,6,36.98,221.88,55,0,0.493,11,4.66,0,260,2,0,0
106877,33,Male,West,35400.0,9,Standard,6,77.89,467.34,7,0,,4,3.15,0,566,0,0,0
106878,39,Female,West,60300.0,45,Basic,4,31.93,127.72,26,0,0.324,4,11.59,2,138,1,0,1
106879,41,Male,South,76800.0,48,Basic,6,24.33,145.98,20,0,0.737,6,15.13,0,60,0,0,0
106880,18,Male,South,18800.0,59,Basic,7,47.11,329.77,5,2,0.734,10,12.24,1,198,0,1,0
106881,36,Male,West,31100.0,14,Basic,4,22.54,90.16,79,0,0.436,7,12.05,2,180,0,1,1
106882,49,Male,East,71800.0,45,Standard,7,14.06,98.42,145,0,0.824,3,3.43,1,164,1,0,1
106883,34,Male,North,,19,Standard,8,32.99,263.92,32,0,0.488,0,3.26,1,244,0,1,1
106884,36,Female,West,28500.0,11,Basic,4,28.32,113.28,67,0,0.374,5,1.32,1,0,1,1,1
106885,41,Male,South,53600.0,23,Basic,8,51.19,409.52,193,0,0.357,3,4.41,1,449,1,1,1
106886,37,Non-binary,Central,75200.0,3,Premium,13,81.52,1059.76,9,0,0.418,16,13.48,2,516,0,1,0
106887,26,Male,West,23700.0,31,Basic,9,64.15,577.35,34,0,0.67,4,6.33,1,352,0,1,0
106888,39,Female,South,42800.0,24,Standard,8,16.14,129.12,125,0,0.206,9,2.8,0,76,1,1,1
106889,52,Female,South,61900.0,7,Standard,8,199.8,1598.4,4,0,0.242,12,42.5,1,904,0,0,0
106890,25,Male,South,,32,Standard,7,97.24,680.68,42,1,0.245,4,7.44,1,367,1,1,0
106891,34,Male,West,18500.0,44,Basic,4,33.39,133.56,25,0,0.247,5,8.82,1,221,0,1,0
106892,21,Male,North,42100.0,22,Premium,9,44.69,402.21,44,1,0.14,13,1.35,2,378,0,1,0
106893,51,Male,South,62000.0,17,Basic,2,21.62,43.24,45,0,0.55,8,12.32,2,0,1,1,1
106894,38,Male,West,52100.0,36,Standard,4,91.75,367.0,28,0,0.099,11,12.79,2,383,0,1,1
106895,28,Male,North,35500.0,64,Standard,9,38.83,349.47,6,0,0.685,5,10.83,1,189,0,1,0
106896,40,Female,North,70100.0,21,Standard,10,32.49,324.9,1,0,0.69,6,2.85,0,239,0,1,0
106897,23,Female,West,25700.0,85,Standard,10,63.76,637.6,11,0,0.368,8,28.82,1,177,0,0,0
106898,26,Male,East,20500.0,53,Standard,8,96.42,771.36,25,1,0.029,8,3.47,2,533,1,1,0
106899,20,Female,East,,18,Standard,12,50.95,611.4,31,1,0.489,5,13.42,2,584,1,0,0
106900,25,Female,South,15000.0,13,Standard,7,12.29,86.03,32,0,0.237,13,7.97,0,237,1,1,0
106901,57,Male,East,62900.0,37,Standard,9,36.13,325.17,23,0,0.432,1,5.1,1,243,0,1,0
106902,29,Female,East,37400.0,9,Standard,8,38.66,309.28,86,0,0.35,2,8.04,0,10,2,1,1
106903,45,Male,South,52000.0,9,Premium,12,119.81,1437.72,62,1,0.728,12,5.67,1,674,0,1,1
106904,28,Female,Central,15800.0,19,Premium,14,127.85,1789.9,16,0,0.342,3,2.15,0,999,1,1,0
106905,49,Male,North,40900.0,18,Basic,3,16.01,48.03,42,0,0.85,5,18.96,3,0,1,1,1
106906,26,Female,South,49000.0,75,Premium,11,82.32,905.52,22,1,0.469,13,12.96,2,577,0,0,1
106907,40,Male,Central,68300.0,47,Standard,2,51.96,103.92,2,1,0.231,24,6.76,0,50,1,1,0
106908,40,Male,North,43100.0,49,Standard,8,33.24,265.92,21,0,0.647,3,22.63,3,0,0,1,0
106909,69,Female,Central,63400.0,36,Standard,12,9.01,108.12,20,1,0.625,8,16.9,0,0,0,1,0
106910,47,Female,South,30600.0,19,Basic,6,12.95,77.7,32,1,0.148,6,10.84,0,251,0,1,1
106911,31,Female,North,53500.0,21,Basic,6,64.03,384.18,44,0,0.534,3,10.74,2,319,1,1,1
106912,48,Female,North,70500.0,34,Basic,6,19.51,117.06,111,0,0.194,4,4.5,3,287,0,1,1
106913,67,Female,South,35200.0,11,Premium,14,58.17,814.38,7,1,0.436,3,5.54,0,449,0,0,1
106914,18,Female,Central,15000.0,11,Standard,10,19.65,196.5,114,1,0.662,16,24.83,3,208,0,1,1
106915,28,Male,Central,39400.0,44,Basic,3,50.57,151.71,35,0,0.163,17,4.65,0,60,1,1,0
106916,36,Female,East,48800.0,39,Standard,6,42.64,255.84,11,0,0.457,7,11.08,1,724,1,1,0
106917,34,Female,North,,10,Standard,5,18.8,94.0,11,0,0.237,6,8.68,2,0,1,0,0
106918,35,Female,South,43700.0,10,Standard,10,22.56,225.6,32,1,0.24,7,5.48,1,0,1,1,1
106919,22,Female,South,28300.0,11,Basic,3,21.8,65.4,210,0,0.216,1,7.63,1,186,0,1,1
106920,57,Male,South,65400.0,43,Standard,9,53.01,477.09,4,0,0.333,8,4.5,1,428,1,1,0
106921,21,Male,North,18200.0,52,Standard,9,27.09,243.81,94,2,0.109,3,17.12,3,95,1,0,1
106922,36,Male,South,44900.0,11,Basic,4,33.03,132.12,65,0,0.582,5,4.29,1,170,0,1,1
106923,53,Female,South,51800.0,29,Standard,5,56.68,283.4,71,1,0.421,6,7.37,0,242,0,1,1
106924,39,Female,West,37300.0,11,Basic,8,6.1,48.8,48,1,0.137,1,13.0,1,162,1,1,1
106925,26,Female,South,15000.0,60,Standard,14,74.16,1038.24,37,1,0.327,9,3.47,1,650,0,1,1
106926,21,Male,North,28400.0,6,Standard,11,81.1,892.1,27,1,0.643,2,3.49,0,660,1,1,0
106927,36,Female,North,56300.0,31,Standard,4,46.83,187.32,6,0,0.357,6,15.18,4,31,2,1,0
106928,29,Male,West,33900.0,18,Standard,4,40.02,160.08,62,0,0.313,2,3.3,1,167,1,1,1
106929,42,Male,West,45900.0,11,Premium,8,64.14,513.12,35,0,0.479,1,4.57,0,199,2,0,1
106930,21,Male,North,,7,Premium,13,17.81,231.53,142,2,0.134,6,10.89,0,509,1,1,1
106931,50,Male,Central,72700.0,9,Standard,8,67.35,538.8,39,1,0.367,13,3.4,1,323,1,1,1
106932,41,Male,West,74100.0,21,Standard,6,29.27,175.62,101,0,0.396,1,7.19,1,246,1,1,1
106933,41,Female,North,81400.0,15,Basic,1,72.24,72.24,6,0,0.757,12,5.58,2,0,0,1,1
106934,58,Female,South,66800.0,28,Standard,5,53.16,265.8,97,0,0.448,11,3.52,1,0,1,0,1
106935,33,Male,Central,26000.0,77,Standard,7,75.04,525.28,57,0,0.139,14,11.85,0,316,1,1,0
106936,30,Male,South,32100.0,46,Standard,2,114.79,229.58,25,0,0.38,5,9.37,0,45,0,0,0
106937,32,Female,South,49300.0,44,Premium,8,108.43,867.44,27,0,0.518,6,6.27,3,361,0,1,0
106938,36,Female,East,65300.0,43,Basic,5,23.5,117.5,104,0,0.453,7,1.7,4,45,0,1,1
106939,38,Female,North,32300.0,35,Premium,10,50.62,506.2,46,1,0.435,4,6.74,0,0,0,1,0
106940,28,Male,West,41100.0,52,Premium,3,47.72,143.16,12,2,0.563,10,7.44,1,183,3,0,0
106941,18,Female,West,16900.0,17,Standard,3,56.36,169.08,23,0,0.309,13,12.57,2,170,2,0,1
106942,32,Female,West,39200.0,35,Premium,11,35.12,386.32,6,1,0.466,2,2.25,2,312,0,1,0
106943,44,Female,East,50400.0,5,Basic,4,42.78,171.12,22,2,0.587,7,5.42,6,122,0,1,0
106944,41,Non-binary,West,55200.0,43,Basic,7,15.61,109.27,51,0,0.458,4,8.41,2,104,0,0,1
106945,55,Male,South,91600.0,27,Basic,5,40.67,203.35,34,1,0.372,8,10.61,3,47,0,1,0
106946,64,Female,Central,78400.0,24,Basic,1,65.53,65.53,27,0,0.158,5,7.93,1,140,1,0,1
106947,49,Male,North,51400.0,10,Basic,5,63.21,316.05,10,0,0.544,13,1.44,0,149,0,0,0
106948,57,Female,South,56700.0,8,Basic,5,59.5,297.5,68,1,0.483,7,6.47,1,156,0,1,1
106949,49,Male,Central,54800.0,18,Basic,4,5.63,22.52,40,0,0.135,10,26.29,2,376,0,1,0
106950,61,Male,Central,56600.0,27,Standard,8,115.41,923.28,95,0,0.683,5,17.72,0,611,1,1,1
106951,63,Female,East,72700.0,47,Basic,4,18.76,75.04,16,0,0.3,10,8.12,1,258,1,1,0
106952,51,Male,East,25600.0,52,Standard,8,19.24,153.92,67,1,0.583,2,1.64,4,0,2,1,1
106953,48,Non-binary,North,53500.0,48,Standard,8,67.73,541.84,10,0,0.171,5,12.49,1,424,0,0,0
106954,36,Female,West,43300.0,37,Standard,5,95.69,478.45,57,0,0.318,5,9.16,3,269,0,0,1
106955,38,Female,North,30800.0,8,Premium,9,104.2,937.8,14,0,0.437,11,3.57,2,534,1,1,0
106956,35,Male,South,38800.0,24,Standard,6,43.67,262.02,17,0,0.101,4,5.95,0,263,1,1,0
106957,47,Female,South,71200.0,64,Standard,4,161.13,644.52,11,0,0.232,13,8.34,4,227,2,1,0
106958,30,Male,Central,56100.0,77,Basic,3,17.94,53.82,14,0,,9,11.86,0,15,3,0,0
106959,37,Female,Central,38600.0,7,Basic,4,64.57,258.28,32,1,0.142,19,14.44,0,396,0,1,1
106960,18,Male,Central,35300.0,18,Standard,7,35.94,251.58,3,0,0.369,12,11.22,0,138,0,1,0
106961,61,Male,West,47900.0,67,Premium,10,106.79,1067.9,25,0,0.624,6,11.5,0,264,1,1,1
106962,36,Male,South,41000.0,53,Standard,9,82.3,740.7,16,0,0.212,7,13.72,1,364,1,1,0
106963,45,Female,North,56900.0,26,Premium,7,146.74,1027.18,40,1,0.364,8,1.1,0,518,0,1,0
106964,58,Non-binary,South,87400.0,32,Premium,11,74.67,821.37,25,0,0.65,8,0.89,0,635,0,0,0
106965,43,Male,South,68400.0,36,Premium,13,164.68,2140.84,21,0,0.336,5,14.19,1,1268,1,1,0
106966,58,Male,West,68900.0,54,Standard,9,28.81,259.29,123,1,0.681,6,4.05,0,0,0,1,1
106967,23,Male,South,20000.0,53,Premium,14,64.14,897.96,5,0,0.318,10,0.68,0,536,1,0,0
106968,70,Female,Central,96400.0,20,Standard,13,44.29,575.77,4,0,0.24,3,26.9,1,425,0,1,0
106969,53,Male,South,56500.0,64,Standard,8,32.06,256.48,78,0,0.644,9,2.02,1,0,2,0,1
106970,42,Female,South,57100.0,69,Basic,8,27.71,221.68,5,1,0.641,10,5.28,2,193,1,1,0
106971,58,Female,West,64300.0,22,Premium,13,42.54,553.02,16,0,0.18,9,9.6,0,117,1,0,0
106972,24,Male,East,61600.0,67,Basic,8,10.34,82.72,5,0,0.215,17,3.77,1,299,0,1,0
106973,35,Female,South,35600.0,22,Basic,8,18.47,147.76,1,1,0.139,13,6.6,1,22,0,1,0
106974,58,Male,West,78800.0,42,Standard,8,30.58,244.64,31,0,0.498,10,8.97,0,295,1,1,0
106975,18,Female,East,26800.0,73,Basic,3,39.84,119.52,82,0,0.557,18,11.02,1,359,0,0,1
106976,46,Female,North,62600.0,58,Standard,15,164.78,2471.7,24,0,0.423,11,18.55,0,1107,0,1,0
106977,46,Male,East,77300.0,15,Premium,11,91.31,1004.41,15,0,0.733,7,7.25,0,617,1,1,0
106978,65,Female,Central,44600.0,35,Standard,7,43.39,303.73,15,0,0.32,8,2.74,1,0,1,0,0
106979,18,Non-binary,North,27100.0,39,Basic,2,24.39,48.78,42,0,0.586,4,7.1,1,59,0,1,1
106980,60,Non-binary,South,,31,Basic,6,21.99,131.94,11,0,0.085,4,7.51,0,0,1,1,0
106981,32,Female,South,47500.0,16,Standard,10,8.57,85.7,45,0,0.621,14,5.72,0,159,0,1,0
106982,33,Female,East,51900.0,15,Basic,7,27.92,195.44,15,0,0.15,20,3.18,4,125,0,0,0
106983,23,Female,Central,26200.0,23,Basic,5,12.46,62.3,234,0,0.426,9,0.51,0,0,2,1,1
106984,25,Male,South,27300.0,8,Basic,4,101.32,405.28,108,0,0.51,17,20.9,2,415,1,0,1
106985,44,Female,West,55600.0,38,Basic,5,31.19,155.95,3,0,,11,7.55,4,205,0,0,0
106986,25,Male,West,16800.0,4,Premium,14,71.79,1005.06,10,0,0.24,7,8.23,0,381,1,0,0
106987,49,Non-binary,South,62100.0,81,Basic,3,26.53,79.59,23,0,0.279,3,2.73,2,62,0,1,1
106988,30,Female,West,28000.0,25,Standard,8,31.36,250.88,15,0,0.788,6,7.32,0,0,1,1,0
106989,23,Male,Central,43000.0,15,Standard,9,138.51,1246.59,9,0,0.495,10,14.74,1,646,1,1,0
106990,32,Female,Central,22800.0,10,Basic,5,65.99,329.95,109,1,0.379,4,10.1,1,17,0,1,1
106991,43,Male,East,43800.0,55,Basic,5,26.11,130.55,7,0,0.417,7,11.57,0,226,0,0,0
106992,35,Female,North,33600.0,35,Basic,7,17.21,120.47,1,2,0.399,4,15.24,0,0,1,1,0
106993,39,Male,North,43800.0,31,Premium,10,29.64,296.4,130,0,0.708,6,7.87,3,393,1,0,1
106994,48,Female,South,75800.0,36,Basic,5,34.03,170.15,8,0,0.458,12,16.1,4,96,1,1,0
106995,53,Male,East,73100.0,36,Standard,3,118.77,356.31,108,0,0.071,4,,2,216,1,1,1
106996,35,Female,South,37400.0,39,Standard,6,116.92,701.52,25,0,0.116,9,10.71,1,238,1,0,0
106997,25,Male,West,27900.0,34,Standard,7,81.02,567.14,5,0,0.107,1,10.68,0,175,0,1,0
106998,40,Male,West,61300.0,43,Standard,8,20.57,164.56,50,0,,4,18.15,1,211,1,1,1
106999,45,Male,North,37400.0,37,Basic,3,29.37,88.11,46,0,0.41,3,8.66,1,158,1,0,1
107000,20,Male,Central,30200.0,5,Basic,8,32.07,256.56,7,0,0.44,15,16.27,0,339,0,0,0
107001,27,Female,North,28100.0,14,Standard,5,45.43,227.15,59,1,0.258,2,2.97,1,2,0,1,1
107002,30,Female,South,37000.0,14,Basic,3,33.45,100.35,52,0,0.472,6,4.33,1,74,0,1,1
107003,36,Female,West,,15,Premium,7,103.58,725.06,31,1,0.648,7,10.46,0,407,0,1,0
107004,29,Male,North,29100.0,11,Standard,4,29.46,117.84,38,0,0.432,2,5.23,0,0,0,1,1
107005,48,Female,South,70100.0,33,Basic,2,30.85,61.7,22,0,0.257,3,11.63,1,22,0,1,0
107006,18,Female,Central,58800.0,44,Basic,4,14.45,57.8,49,0,0.362,5,18.2,2,163,1,0,1
107007,18,Male,Central,36500.0,6,Standard,9,72.27,650.43,20,1,0.229,5,14.7,1,267,0,1,0
107008,35,Female,West,43000.0,12,Premium,9,90.76,816.84,32,0,0.316,17,4.6,1,325,0,1,0
107009,37,Male,North,62200.0,7,Basic,2,6.34,12.68,11,0,0.745,5,8.66,3,0,0,1,1
107010,20,Female,South,15000.0,4,Basic,2,20.39,40.78,20,0,0.319,4,11.22,1,5,0,1,1
107011,31,Female,South,61600.0,27,Standard,9,17.56,158.04,17,2,0.832,7,10.59,0,0,0,1,0
107012,34,Male,North,32700.0,5,Standard,4,86.82,347.28,68,0,0.298,5,6.8,0,297,2,0,1
107013,34,Male,Central,73600.0,26,Standard,5,51.61,258.05,5,0,0.22,8,16.72,2,281,1,0,0
107014,41,Male,North,39800.0,31,Standard,8,39.58,316.64,17,1,0.569,3,11.04,2,310,0,0,0
107015,30,Female,West,48700.0,25,Basic,7,23.39,163.73,19,1,0.368,9,6.04,1,249,0,1,1
107016,58,Female,North,44200.0,26,Basic,6,40.93,245.58,16,2,0.107,3,4.42,1,177,0,0,1
107017,45,Female,East,50700.0,23,Standard,8,44.88,359.04,1,0,0.205,7,0.55,1,620,0,1,0
107018,29,Female,North,23300.0,47,Basic,5,26.29,131.45,9,0,0.711,7,8.19,2,223,0,0,0
107019,40,Male,North,28700.0,70,Standard,6,119.79,718.74,46,0,0.37,3,9.09,1,372,5,0,0
107020,41,Female,South,66700.0,33,Basic,5,38.53,192.65,17,0,0.743,11,3.28,0,226,2,1,0
107021,55,Male,Central,46000.0,15,Basic,5,14.93,74.65,20,0,0.291,4,28.58,1,124,1,0,1
107022,31,Male,East,30100.0,12,Basic,6,36.91,221.46,16,1,0.438,1,5.57,0,100,0,0,1
107023,49,Female,West,45500.0,4,Standard,4,51.22,204.88,4,0,0.403,10,8.23,1,164,1,1,1
107024,40,Male,South,64900.0,61,Premium,15,11.99,179.85,11,0,0.148,7,,0,138,1,0,0
107025,58,Female,West,80200.0,21,Standard,12,48.6,583.2,3,1,0.167,9,12.9,1,108,0,1,0
107026,56,Male,West,81900.0,22,Basic,4,30.15,120.6,9,0,0.491,7,15.49,1,377,0,1,0
107027,42,Female,East,39800.0,27,Standard,7,84.02,588.14,34,1,0.301,12,11.49,0,487,0,0,0
107028,36,Male,West,64000.0,18,Basic,5,9.76,48.8,64,0,0.517,13,16.96,1,166,0,0,0
107029,46,Female,Central,43500.0,31,Basic,3,10.83,32.49,11,0,0.755,12,25.97,0,209,1,1,0
107030,37,Female,Central,35500.0,32,Basic,4,12.2,48.8,5,1,0.495,1,5.45,1,133,0,1,0
107031,61,Female,Central,59100.0,35,Standard,9,63.55,571.95,1,1,0.221,13,7.5,1,269,0,1,0
107032,40,Female,East,39600.0,7,Basic,5,35.75,178.75,0,0,0.342,4,12.66,0,67,0,0,0
107033,34,Male,North,41900.0,3,Basic,11,8.62,94.82,2,1,0.492,8,13.16,0,44,1,1,1
107034,33,Female,South,30500.0,45,Standard,3,19.68,59.04,0,0,0.822,4,10.85,2,110,1,0,1
107035,23,Non-binary,North,36000.0,22,Premium,13,33.89,440.57,77,2,0.611,1,9.6,2,314,0,1,1
107036,46,Male,South,18100.0,13,Standard,10,64.41,644.1,43,0,0.436,12,7.57,0,266,1,1,0
107037,28,Female,South,40700.0,49,Standard,7,51.23,358.61,58,0,0.321,7,6.51,1,181,1,1,0
107038,53,Female,West,46000.0,14,Basic,3,24.61,73.83,86,1,0.245,12,5.14,2,64,0,1,1
107039,22,Female,East,22400.0,12,Basic,5,27.61,138.05,10,0,0.888,2,14.03,3,3,0,1,0
107040,41,Male,East,40800.0,17,Basic,2,14.36,28.72,6,0,0.329,17,0.79,0,0,1,0,0
107041,54,Female,Central,75400.0,15,Basic,5,54.87,274.35,43,0,0.459,6,18.84,0,317,1,0,1
107042,18,Male,North,35100.0,15,Standard,9,41.68,375.12,74,0,0.473,13,9.8,4,279,0,1,1
107043,65,Female,North,70300.0,42,Premium,7,71.35,499.45,34,0,0.113,7,9.76,2,304,1,1,0
107044,33,Female,West,32200.0,63,Basic,4,60.98,243.92,184,0,0.76,8,11.35,1,229,0,0,1
107045,41,Female,East,60800.0,11,Basic,5,57.37,286.85,4,0,0.027,5,7.31,1,139,0,0,1
107046,46,Male,East,79700.0,26,Basic,8,26.46,211.68,2,0,0.246,9,9.16,3,424,0,1,0
107047,48,Male,Central,56100.0,15,Basic,9,23.12,208.08,79,1,0.121,12,22.12,1,39,0,1,1
107048,43,Male,North,29400.0,52,Basic,6,11.12,66.72,56,0,0.228,5,11.9,2,159,0,1,0
107049,52,Female,East,50500.0,33,Standard,6,66.21,397.26,64,1,0.607,11,2.69,0,496,1,1,0
107050,46,Female,Central,62400.0,27,Standard,4,55.49,221.96,43,0,0.199,9,10.89,2,200,1,1,1
107051,62,Male,South,63600.0,41,Basic,6,28.97,173.82,5,0,0.258,15,6.44,1,4,0,0,0
107052,46,Male,East,42600.0,49,Standard,6,52.03,312.18,52,0,0.194,4,23.65,0,112,1,1,0
107053,65,Male,North,60000.0,40,Basic,6,32.42,194.52,13,0,0.77,5,9.58,1,132,1,0,0
107054,51,Female,South,60600.0,39,Basic,7,45.83,320.81,0,1,0.761,3,1.41,1,335,0,1,0
107055,18,Male,North,15000.0,69,Premium,8,130.42,1043.36,50,1,0.41,4,25.98,0,630,1,0,0
107056,73,Female,East,79800.0,34,Premium,11,51.32,564.52,38,0,0.536,14,8.08,1,355,0,1,0
107057,32,Non-binary,East,42500.0,13,Basic,10,13.37,133.7,27,0,0.453,5,2.44,3,262,0,0,1
107058,58,Female,Central,59700.0,29,Standard,3,35.1,105.3,16,0,0.555,18,9.89,1,0,0,1,0
107059,39,Male,East,33300.0,18,Standard,10,131.27,1312.7,11,0,0.324,11,8.91,3,619,0,0,0
107060,53,Female,North,75500.0,66,Premium,6,67.72,406.32,88,0,,4,2.3,1,352,0,0,1
107061,30,Male,West,20700.0,20,Basic,1,23.03,23.03,70,0,0.248,12,13.22,1,83,0,1,1
107062,47,Male,South,58000.0,20,Basic,4,34.22,136.88,74,0,0.839,0,5.24,0,0,1,1,1
107063,36,Male,West,55300.0,23,Standard,7,78.23,547.61,3,0,0.241,5,2.08,1,165,0,1,0
107064,60,Female,South,70100.0,31,Basic,7,18.4,128.8,5,0,,14,10.88,1,248,1,0,0
107065,45,Female,West,70900.0,16,Standard,8,64.0,512.0,128,0,0.906,9,3.47,1,528,1,0,1
107066,51,Male,Central,43500.0,16,Basic,6,39.42,236.52,30,0,0.721,5,10.69,3,18,0,1,0
107067,18,Male,North,16900.0,13,Standard,4,51.87,207.48,134,0,,2,15.22,2,181,0,1,1
107068,38,Male,East,40500.0,61,Basic,5,37.14,185.7,12,0,0.678,12,1.8,1,65,1,1,0
107069,44,Female,East,98800.0,38,Standard,8,36.18,289.44,10,1,0.388,6,4.27,0,0,0,0,0
107070,42,Female,South,57900.0,22,Basic,4,49.59,198.36,30,2,0.108,4,25.9,1,0,0,1,1
107071,51,Female,South,69100.0,17,Basic,3,6.85,20.55,16,0,0.452,9,5.15,3,0,0,1,1
107072,34,Male,West,52300.0,12,Basic,7,21.7,151.9,9,0,0.695,25,7.23,1,204,1,1,0
107073,40,Female,South,50000.0,19,Standard,8,36.49,291.92,74,1,,1,2.43,0,519,0,1,1
107074,54,Female,North,76900.0,22,Basic,12,41.64,499.68,34,2,0.711,12,3.27,1,400,1,1,1
107075,18,Male,West,15000.0,53,Basic,4,32.4,129.6,8,0,0.836,10,6.12,0,251,0,0,0
107076,47,Male,East,59400.0,12,Premium,13,44.93,584.09,142,1,0.345,13,6.58,1,472,1,0,1
107077,35,Male,South,50100.0,30,Basic,4,81.05,324.2,40,1,0.251,3,1.49,4,499,0,1,1
107078,27,Female,Central,50800.0,37,Basic,5,26.34,131.7,27,0,0.414,6,5.5,0,158,0,1,0
107079,43,Female,Central,35600.0,14,Standard,6,120.11,720.66,4,1,0.3,0,6.06,4,469,1,1,1
107080,55,Male,Central,48000.0,6,Basic,4,11.67,46.68,29,0,0.334,2,11.56,0,0,1,0,1
107081,53,Female,East,47000.0,29,Standard,4,31.79,127.16,20,0,0.77,3,6.91,2,110,0,0,0
107082,37,Male,South,53400.0,12,Basic,5,31.91,159.55,21,0,0.531,5,7.95,0,0,0,0,0
107083,50,Female,North,65900.0,32,Premium,13,83.21,1081.73,15,0,0.373,19,4.29,1,1072,2,0,1
107084,50,Male,Central,45100.0,30,Basic,3,13.99,41.97,1,0,0.365,5,2.19,2,334,0,1,1
107085,38,Female,Central,73800.0,46,Standard,3,59.77,179.31,27,0,0.693,4,6.09,2,159,1,1,1
107086,30,Male,West,43400.0,48,Premium,7,130.75,915.25,126,0,0.379,8,17.77,1,634,0,1,1
107087,31,Male,East,42100.0,7,Standard,10,14.54,145.4,27,1,0.34,1,3.0,0,0,1,0,1
107088,50,Female,South,55500.0,37,Basic,4,28.39,113.56,74,0,0.354,8,5.61,2,66,0,0,1
107089,38,Female,West,60000.0,32,Basic,6,82.03,492.18,31,0,0.392,5,20.32,0,276,1,0,0
107090,25,Male,North,40100.0,31,Standard,5,55.56,277.8,38,0,0.167,5,6.58,1,396,2,1,1
107091,18,Male,East,54500.0,49,Standard,6,304.62,1827.72,39,0,0.586,4,6.86,1,907,2,1,0
107092,50,Female,West,41400.0,13,Basic,4,32.48,129.92,165,0,0.494,18,9.16,0,364,0,0,1
107093,32,Female,West,19700.0,49,Standard,4,40.4,161.6,177,0,0.152,6,13.35,0,292,0,1,1
107094,43,Male,South,41400.0,37,Basic,3,12.87,38.61,4,0,0.493,12,5.65,1,26,1,1,0
107095,55,Male,West,70900.0,6,Premium,5,140.18,700.9,28,0,0.313,11,2.98,2,387,1,1,0
107096,22,Male,North,25800.0,17,Standard,4,5.0,20.0,12,1,0.232,11,22.41,2,501,1,0,0
107097,38,Female,South,64800.0,26,Standard,10,14.81,148.1,83,2,0.544,7,20.5,0,64,1,0,1
107098,37,Male,North,40500.0,7,Standard,8,86.17,689.36,93,0,0.302,7,10.1,0,397,1,0,1
107099,44,Female,South,67800.0,36,Basic,3,73.23,219.69,20,0,0.232,5,6.07,0,275,1,1,0
107100,55,Female,South,51500.0,49,Basic,5,58.19,290.95,2,0,0.361,13,9.26,0,324,0,0,0
107101,22,Male,South,48400.0,43,Premium,7,49.57,346.99,28,2,0.277,7,6.4,0,45,0,0,0
107102,46,Female,East,73800.0,40,Premium,8,57.26,458.08,58,0,0.32,2,12.74,2,137,0,0,1
107103,52,Male,South,52400.0,18,Basic,2,71.14,142.28,4,1,0.396,11,2.72,2,109,2,0,1
107104,37,Female,East,52900.0,36,Premium,10,168.82,1688.2,28,0,0.685,6,8.18,2,900,0,1,0
107105,37,Female,West,49800.0,67,Basic,4,29.94,119.76,25,0,0.301,7,14.58,1,136,0,0,0
107106,44,Male,North,59900.0,10,Standard,8,5.0,40.0,42,1,0.326,16,7.56,1,114,1,0,1
107107,43,Female,South,69700.0,8,Premium,10,62.52,625.2,30,1,0.06,0,10.99,0,292,0,0,1
107108,47,Male,North,69200.0,12,Basic,2,16.83,33.66,61,0,0.583,10,6.01,0,47,3,1,1
107109,46,Male,North,61800.0,25,Basic,8,53.77,430.16,15,0,0.255,10,2.01,2,503,0,0,0
107110,26,Female,East,44900.0,12,Standard,11,14.81,162.91,11,0,0.68,9,9.33,2,124,0,1,0
107111,52,Male,Central,42500.0,41,Standard,9,9.78,88.02,21,0,,19,14.15,2,309,0,1,0
107112,54,Male,South,61600.0,26,Standard,8,26.36,210.88,75,0,0.582,2,3.53,2,0,1,1,0
107113,41,Male,South,34400.0,26,Standard,8,9.2,73.6,1,0,0.221,14,11.19,1,277,0,0,0
107114,20,Female,North,29600.0,49,Premium,9,179.48,1615.32,20,0,0.378,3,5.14,0,765,0,0,0
107115,38,Male,North,62600.0,7,Basic,5,30.95,154.75,37,0,0.388,5,3.59,2,0,2,1,1
107116,42,Male,Central,50700.0,32,Premium,6,128.28,769.68,1,0,0.348,11,1.05,1,601,1,0,0
107117,24,Male,East,15000.0,33,Basic,10,38.2,382.0,64,0,0.236,3,6.67,2,343,1,0,1
107118,34,Female,West,28500.0,60,Premium,6,70.01,420.06,1,0,0.703,1,3.85,1,320,0,1,0
107119,21,Female,Central,39000.0,90,Standard,5,73.58,367.9,6,2,0.506,8,4.77,0,329,1,0,0
107120,47,Male,East,48000.0,9,Standard,9,94.19,847.71,10,1,0.21,3,8.36,0,418,0,0,1
107121,41,Male,North,60800.0,17,Premium,10,139.32,1393.2,26,1,0.175,21,11.22,2,909,0,0,1
107122,18,Male,West,15000.0,4,Basic,7,67.35,471.45,2,0,0.674,14,5.16,0,94,1,0,0
107123,44,Male,West,58000.0,11,Standard,11,13.57,149.27,8,0,0.355,7,11.5,2,0,0,1,0
107124,38,Female,South,53000.0,63,Basic,2,100.08,200.16,132,0,0.339,11,1.3,1,295,0,0,1
107125,46,Male,East,65700.0,43,Basic,4,19.16,76.64,27,0,0.459,3,2.33,1,177,0,1,0
107126,34,Female,East,34000.0,21,Standard,9,44.82,403.38,66,1,0.307,6,6.05,0,78,1,1,0
107127,29,Female,South,49400.0,24,Standard,6,34.85,209.1,66,0,0.31,4,14.86,1,2,0,1,1
107128,29,Female,West,59500.0,9,Standard,8,42.24,337.92,78,0,0.504,5,5.84,2,19,0,0,1
107129,32,Male,South,15000.0,10,Standard,4,93.52,374.08,5,0,0.329,7,5.91,0,148,2,1,0
107130,39,Female,South,48700.0,25,Basic,2,75.76,151.52,71,0,0.275,13,16.34,1,0,0,1,1
107131,41,Female,South,24600.0,16,Basic,5,88.4,442.0,31,0,0.361,5,20.55,2,0,0,1,0
107132,37,Female,East,34000.0,41,Premium,11,121.91,1341.01,5,0,0.505,5,3.76,2,560,0,1,0
107133,33,Female,Central,31300.0,47,Standard,2,42.75,85.5,28,0,0.482,5,13.1,0,191,0,1,0
107134,34,Male,East,42300.0,17,Standard,6,20.07,120.42,36,1,0.213,5,5.82,1,237,3,1,1
107135,72,Female,West,84600.0,33,Basic,8,31.32,250.56,25,0,0.176,6,13.24,1,292,0,1,0
107136,29,Female,South,51100.0,24,Premium,14,91.92,1286.88,122,0,0.165,8,9.44,0,648,0,1,1
107137,32,Female,East,,24,Basic,2,36.56,73.12,63,0,0.49,9,25.77,0,471,2,1,1
107138,80,Male,North,96300.0,61,Premium,13,40.29,523.77,48,0,0.141,9,1.89,1,536,0,0,0
107139,44,Male,East,37600.0,8,Basic,4,53.65,214.6,53,0,0.55,6,11.29,1,283,0,1,1
107140,21,Male,West,45600.0,60,Standard,10,58.18,581.8,64,1,0.135,4,9.62,1,109,0,1,1
107141,50,Female,North,15000.0,44,Basic,4,47.83,191.32,134,0,0.18,3,7.18,1,0,1,0,1
107142,27,Female,Central,57900.0,32,Basic,5,56.33,281.65,30,0,0.377,6,9.87,2,480,1,1,0
107143,51,Female,South,78200.0,41,Basic,8,17.45,139.6,17,0,0.452,3,3.91,1,239,0,0,0
107144,36,Non-binary,West,55600.0,23,Standard,8,23.39,187.12,194,0,0.518,5,4.88,3,50,0,1,1
107145,33,Female,East,73500.0,17,Standard,2,20.18,40.36,33,1,0.164,12,7.87,1,0,0,1,1
107146,60,Female,West,42600.0,12,Standard,5,76.08,380.4,55,0,0.535,4,23.12,2,337,1,0,1
107147,46,Male,East,65500.0,45,Standard,8,108.53,868.24,81,0,0.438,24,7.71,1,636,1,0,0
107148,52,Male,North,62200.0,30,Basic,5,56.17,280.85,37,0,0.79,9,22.66,2,25,0,0,1
107149,45,Female,Central,57100.0,73,Premium,4,105.74,422.96,11,0,0.285,3,8.08,0,278,0,1,0
107150,33,Male,West,26000.0,42,Standard,6,30.42,182.52,7,1,0.593,7,3.92,1,135,0,1,0
107151,47,Female,East,61100.0,32,Basic,3,23.46,70.38,6,0,0.404,9,20.08,0,0,0,1,0
107152,55,Male,West,68000.0,16,Standard,6,19.41,116.46,11,1,0.371,6,11.38,2,101,1,1,0
107153,41,Male,South,40200.0,18,Basic,9,29.33,263.97,181,0,0.479,5,8.15,2,0,0,0,1
107154,62,Non-binary,West,68800.0,15,Standard,8,100.23,801.84,66,0,0.13,4,6.37,3,361,0,0,1
107155,50,Female,South,40000.0,35,Basic,2,54.67,109.34,38,0,0.401,4,4.43,1,27,0,0,1
107156,42,Male,West,45300.0,23,Standard,8,16.09,128.72,8,1,0.213,6,10.85,1,0,1,0,0
107157,42,Female,South,64300.0,17,Standard,8,24.5,196.0,14,0,0.618,3,12.25,1,0,0,0,0
107158,41,Male,West,63600.0,77,Premium,3,48.54,145.62,97,0,0.072,3,4.44,2,0,2,0,1
107159,23,Male,Central,43500.0,52,Basic,5,38.42,192.1,46,0,0.084,7,5.67,1,594,0,1,1
107160,38,Male,Central,60400.0,26,Standard,6,108.97,653.82,29,0,0.454,2,0.89,2,230,1,1,1
107161,42,Male,West,64400.0,27,Basic,7,76.37,534.59,16,0,0.285,7,3.0,0,201,0,1,0
107162,34,Male,West,34200.0,43,Basic,4,30.22,120.88,47,0,0.471,8,8.21,3,320,2,0,1
107163,43,Male,East,56500.0,23,Basic,7,20.59,144.13,5,1,0.533,9,9.91,0,73,2,1,0
107164,39,Female,North,63200.0,9,Basic,3,26.94,80.82,10,0,0.772,5,5.54,1,146,1,0,0
107165,49,Non-binary,East,38100.0,16,Standard,6,153.79,922.74,1,1,0.743,9,1.85,2,645,0,1,0
107166,48,Female,East,37100.0,28,Basic,6,73.57,441.42,22,0,0.131,19,29.8,0,186,0,0,0
107167,41,Female,North,29700.0,28,Premium,8,66.33,530.64,29,1,0.146,12,5.64,2,236,0,1,0
107168,21,Male,West,15000.0,6,Premium,10,166.34,1663.4,43,1,0.155,2,5.6,0,906,0,1,1
107169,62,Female,North,,43,Basic,7,21.32,149.24,57,1,0.341,10,18.79,1,359,3,1,1
107170,37,Male,East,38700.0,7,Basic,5,30.78,153.9,28,0,0.282,6,,2,0,0,1,1
107171,38,Female,East,68200.0,11,Basic,8,12.52,100.16,13,1,0.692,1,4.36,0,0,1,0,1
107172,35,Female,Central,38000.0,46,Standard,8,58.59,468.72,44,0,0.126,11,7.17,0,566,2,1,0
107173,33,Male,South,21000.0,22,Standard,7,63.54,444.78,7,0,0.219,2,5.36,1,226,0,1,0
107174,59,Male,North,69300.0,56,Basic,4,26.68,106.72,20,0,0.569,8,11.45,0,0,0,1,0
107175,57,Male,East,62400.0,49,Standard,11,14.31,157.41,9,1,0.308,10,10.22,0,362,0,1,0
107176,45,Non-binary,East,42700.0,9,Basic,8,60.42,483.36,31,2,0.282,7,3.25,1,499,0,1,1
107177,38,Female,North,38800.0,19,Basic,9,25.9,233.1,29,0,0.581,12,22.27,0,370,2,1,1
107178,47,Female,East,70500.0,16,Basic,2,37.5,75.0,84,0,0.661,11,1.1,1,235,3,0,1
107179,40,Male,Central,29200.0,18,Standard,5,45.75,228.75,65,0,0.489,9,8.28,2,106,3,1,1
107180,37,Male,West,22700.0,16,Standard,8,77.49,619.92,16,1,0.624,3,3.37,4,232,0,0,1
107181,43,Male,North,58300.0,11,Basic,3,91.54,274.62,166,0,0.248,3,18.22,2,118,1,0,1
107182,33,Female,South,33700.0,52,Basic,6,12.68,76.08,18,0,0.36,10,1.65,2,208,1,0,0
107183,42,Female,East,72500.0,12,Basic,6,26.81,160.86,71,0,0.303,8,1.47,1,114,1,1,1
107184,42,Female,West,48600.0,21,Standard,9,50.21,451.89,104,0,0.563,13,14.1,2,433,0,1,1
107185,47,Non-binary,Central,54100.0,11,Basic,3,27.64,82.92,90,0,,5,5.1,0,246,0,1,1
107186,31,Female,North,51400.0,29,Standard,9,49.65,446.85,64,1,0.477,15,2.98,2,666,1,1,1
107187,48,Male,East,33100.0,21,Standard,14,21.43,300.02,142,2,0.718,10,0.5,1,300,0,1,1
107188,27,Female,Central,41300.0,17,Standard,7,64.93,454.51,3,0,0.141,12,4.16,0,533,0,1,0
107189,32,Male,North,36200.0,52,Basic,7,108.64,760.48,17,0,0.161,2,5.17,2,446,0,1,0
107190,32,Female,Central,55700.0,23,Standard,5,32.53,162.65,53,0,0.399,3,19.47,1,97,0,1,1
107191,25,Male,East,25600.0,25,Basic,4,42.3,169.2,30,0,0.274,11,4.0,1,68,0,1,0
107192,52,Male,West,62800.0,6,Basic,0,69.55,0.0,8,0,0.381,4,10.27,1,0,0,1,0
107193,26,Female,South,30600.0,27,Basic,5,42.68,213.4,24,1,0.154,2,13.17,1,0,0,1,0
107194,30,Female,West,45200.0,42,Basic,7,88.07,616.49,44,1,0.148,6,11.83,1,293,0,0,1
107195,55,Female,Central,59600.0,14,Basic,8,38.89,311.12,1,1,0.182,8,7.12,1,38,0,1,0
107196,32,Male,North,45000.0,21,Standard,11,30.63,336.93,68,1,0.591,8,1.7,1,364,0,1,1
107197,37,Male,West,70600.0,59,Standard,16,31.21,499.36,44,2,0.45,4,12.14,3,291,1,1,1
107198,26,Female,North,31600.0,17,Premium,6,94.36,566.16,69,0,0.544,10,7.4,1,455,0,0,1
107199,50,Male,South,64000.0,37,Standard,4,52.95,211.8,90,2,0.793,3,6.61,1,252,0,1,1
107200,50,Female,East,90400.0,22,Premium,12,202.52,2430.24,54,1,,1,9.58,1,1323,1,1,1
107201,49,Male,East,62900.0,53,Basic,1,30.28,30.28,22,0,0.233,9,11.56,1,104,0,0,0
107202,46,Non-binary,South,20500.0,31,Standard,0,27.54,0.0,8,0,0.365,9,0.5,1,264,1,0,1
107203,40,Male,South,,15,Basic,6,47.23,283.38,78,1,0.047,7,4.5,0,229,0,1,1
107204,32,Female,North,24400.0,9,Standard,10,44.9,449.0,7,0,0.678,1,10.8,1,351,0,1,0
107205,28,Female,South,50400.0,67,Basic,9,29.95,269.55,41,0,0.58,5,9.22,1,0,0,0,0
107206,56,Non-binary,North,62800.0,35,Standard,4,14.14,56.56,3,1,0.518,12,19.29,1,340,0,0,0
107207,49,Female,South,72300.0,31,Standard,8,73.04,584.32,7,2,0.578,8,3.15,0,393,0,0,0
107208,30,Male,West,48000.0,19,Standard,5,29.0,145.0,12,0,0.484,5,0.5,1,13,2,1,0
107209,40,Male,South,57400.0,7,Basic,6,35.33,211.98,20,0,0.047,3,4.14,1,92,0,1,1
107210,35,Male,Central,27000.0,32,Premium,15,75.81,1137.15,26,2,0.476,4,4.04,2,760,1,1,0
107211,24,Male,South,40800.0,31,Basic,8,28.05,224.4,161,0,0.573,5,17.66,0,217,0,1,1
107212,41,Male,East,69000.0,37,Basic,6,63.67,382.02,100,0,0.308,4,10.34,0,174,0,0,1
107213,34,Male,North,22900.0,56,Basic,8,16.81,134.48,171,2,0.212,21,7.2,4,293,0,1,1
107214,27,Female,North,32100.0,29,Basic,3,60.52,181.56,31,1,0.736,5,6.63,2,56,0,1,1
107215,20,Male,East,34900.0,6,Standard,11,70.31,773.41,15,0,0.204,11,16.99,1,533,1,0,0
107216,19,Female,South,30300.0,39,Basic,5,58.46,292.3,18,1,0.58,6,1.02,0,209,1,1,0
107217,34,Male,South,63300.0,68,Standard,9,24.09,216.81,1,0,0.539,7,2.0,3,438,0,0,0
107218,38,Male,South,57200.0,24,Premium,12,33.41,400.92,4,1,0.427,4,2.65,1,451,1,0,0
107219,28,Male,West,43200.0,23,Standard,8,27.67,221.36,69,0,0.793,12,20.33,0,264,1,1,0
107220,47,Female,South,67000.0,21,Standard,6,60.89,365.34,12,0,0.454,17,17.29,2,342,2,1,0
107221,38,Female,North,57700.0,27,Basic,2,27.23,54.46,1,0,,2,4.42,2,5,0,1,1
107222,46,Male,South,55200.0,32,Basic,8,26.23,209.84,49,2,0.286,4,2.15,1,359,0,1,0
107223,37,Male,East,41100.0,37,Basic,5,46.01,230.05,142,0,0.773,6,6.32,1,102,0,1,1
107224,29,Female,Central,52300.0,16,Basic,4,60.31,241.24,35,0,0.458,8,2.37,1,470,0,1,1
107225,40,Male,North,38500.0,17,Basic,8,26.87,214.96,90,0,0.329,7,2.16,3,332,0,1,1
107226,23,Male,South,31700.0,2,Standard,5,127.27,636.35,9,0,0.229,3,5.73,1,637,0,0,1
107227,46,Male,East,38400.0,6,Standard,6,117.36,704.16,98,0,0.534,13,4.08,1,534,1,1,1
107228,27,Male,Central,46800.0,20,Premium,15,45.01,675.15,10,2,0.474,4,20.3,3,465,2,0,1
107229,51,Non-binary,North,76600.0,33,Standard,12,32.9,394.8,22,0,0.493,8,10.13,2,383,0,1,0
107230,35,Male,West,31100.0,19,Standard,5,64.42,322.1,12,2,0.179,3,14.12,1,261,0,1,0
107231,53,Female,West,59100.0,41,Premium,12,36.2,434.4,48,0,0.083,11,20.14,2,299,0,0,0
107232,24,Non-binary,South,27000.0,15,Standard,5,16.17,80.85,88,0,0.516,13,8.37,1,126,0,1,1
107233,30,Male,West,54500.0,16,Premium,8,164.1,1312.8,42,0,0.317,15,4.96,1,609,0,1,0
107234,44,Male,East,72500.0,50,Basic,7,41.35,289.45,7,0,0.495,2,7.94,1,294,0,1,0
107235,54,Male,North,55500.0,32,Basic,8,70.83,566.64,124,1,0.763,10,4.08,1,296,2,0,1
107236,61,Male,South,25600.0,45,Standard,10,55.65,556.5,45,1,0.109,17,3.6,3,491,1,1,0
107237,40,Female,South,65000.0,33,Standard,5,42.39,211.95,79,1,0.55,5,9.23,1,57,1,0,1
107238,63,Female,South,71400.0,27,Basic,7,49.49,346.43,15,0,0.301,6,7.37,3,300,0,1,0
107239,35,Female,West,44800.0,32,Standard,9,34.95,314.55,119,0,0.455,8,5.59,2,1,1,0,1
107240,53,Male,West,74700.0,10,Premium,7,102.75,719.25,10,1,0.41,6,5.68,3,237,2,0,1
107241,27,Male,West,31500.0,4,Basic,5,92.46,462.3,33,0,0.657,8,19.35,2,287,0,0,0
107242,44,Female,East,43900.0,9,Standard,6,11.29,67.74,158,0,0.678,4,1.79,1,343,0,1,1
107243,18,Female,South,23000.0,6,Basic,6,86.66,519.96,97,0,0.229,15,29.62,1,357,0,1,1
107244,24,Male,North,40500.0,31,Premium,14,111.16,1556.24,65,0,0.148,10,9.65,1,941,0,1,0
107245,45,Female,West,66000.0,50,Basic,6,49.41,296.46,68,0,0.537,6,10.13,3,354,0,1,1
107246,22,Female,North,54700.0,10,Standard,7,22.95,160.65,58,0,0.309,8,4.07,3,139,0,0,1
107247,45,Female,South,59300.0,30,Standard,9,64.95,584.55,23,1,0.248,6,11.15,0,486,1,0,0
107248,51,Male,West,57300.0,62,Basic,5,64.4,322.0,151,0,0.108,8,4.85,2,0,1,1,1
107249,32,Male,West,53700.0,44,Premium,7,166.28,1163.96,1,0,0.682,5,6.54,2,699,0,1,0
107250,26,Male,North,22000.0,34,Basic,6,43.32,259.92,11,0,0.479,13,6.16,3,46,0,0,0
107251,33,Female,East,62100.0,26,Basic,1,37.48,37.48,67,0,0.495,15,20.5,1,108,1,0,1
107252,26,Female,North,38600.0,32,Standard,8,9.79,78.32,106,0,0.454,3,2.39,1,0,0,1,1
107253,38,Male,West,43800.0,28,Basic,6,24.07,144.42,10,0,0.704,7,7.29,1,24,3,0,0
107254,40,Non-binary,West,35300.0,23,Premium,13,83.67,1087.71,63,1,0.086,6,8.4,1,432,0,1,0
107255,35,Female,West,52900.0,12,Standard,7,29.13,203.91,56,0,0.647,1,12.53,1,321,2,1,0
107256,61,Male,North,64900.0,16,Premium,8,13.61,108.88,12,1,0.109,8,34.74,1,0,1,0,0
107257,30,Male,East,38100.0,30,Standard,4,116.88,467.52,10,0,0.398,5,8.06,0,271,1,1,0
107258,57,Male,South,41700.0,48,Premium,8,42.88,343.04,47,0,0.487,9,3.69,0,448,1,1,0
107259,25,Female,East,28600.0,10,Standard,8,66.17,529.36,17,0,0.713,26,7.96,0,658,2,1,0
107260,40,Female,Central,40900.0,82,Basic,2,19.29,38.58,99,0,0.532,5,8.76,1,0,0,1,1
107261,54,Female,North,68100.0,6,Basic,5,15.41,77.05,7,0,0.376,2,,1,125,0,0,1
107262,54,Male,East,58500.0,13,Basic,3,10.75,32.25,6,0,0.105,7,15.28,3,0,1,1,1
107263,34,Male,North,15000.0,31,Premium,13,57.4,746.2,50,1,0.371,2,15.77,1,154,2,1,0
107264,46,Female,East,48800.0,39,Premium,14,201.24,2817.36,85,1,0.648,9,20.06,0,1485,0,1,0
107265,44,Female,East,32300.0,16,Basic,8,54.44,435.52,140,0,0.199,14,5.2,3,500,1,1,1
107266,32,Female,South,26700.0,26,Basic,1,27.35,27.35,3,1,0.347,1,1.82,0,35,0,1,1
107267,47,Male,East,69600.0,23,Basic,8,38.62,308.96,80,1,0.357,5,6.21,2,212,0,0,1
107268,63,Male,Central,47100.0,20,Standard,5,54.27,271.35,38,0,0.179,13,9.86,0,271,1,1,0
107269,45,Female,West,57800.0,13,Standard,4,107.89,431.56,9,0,0.72,7,12.69,0,106,0,0,0
107270,46,Male,Central,47500.0,31,Premium,15,61.85,927.75,31,2,0.286,11,8.11,1,613,0,1,1
107271,48,Male,North,46700.0,32,Basic,0,36.4,0.0,1,1,0.753,9,0.5,1,176,0,0,0
107272,20,Male,Central,16200.0,26,Standard,11,25.65,282.15,49,0,0.082,0,2.33,2,274,0,1,1
107273,45,Male,South,58100.0,41,Standard,3,62.77,188.31,37,0,0.37,5,11.95,0,163,0,1,0
107274,26,Female,North,41600.0,31,Basic,1,59.44,59.44,15,0,0.507,5,13.63,0,366,1,1,0
107275,31,Male,South,16200.0,15,Standard,8,101.27,810.16,72,1,0.155,10,1.22,1,496,0,0,1
107276,67,Male,South,90700.0,63,Standard,11,106.28,1169.08,120,1,0.698,5,3.49,2,559,0,1,0
107277,36,Male,West,28500.0,36,Premium,14,49.93,699.02,34,0,0.628,2,11.92,1,233,0,0,0
107278,29,Male,North,43900.0,21,Premium,6,129.57,777.42,43,0,0.297,5,3.49,0,403,1,0,1
107279,54,Female,East,45700.0,18,Standard,4,50.61,202.44,33,0,0.273,2,8.32,1,111,0,0,1
107280,27,Male,South,30100.0,18,Standard,4,82.12,328.48,22,0,0.652,12,1.45,2,127,1,1,0
107281,33,Male,North,24300.0,11,Premium,17,60.8,1033.6,61,2,0.389,2,7.91,0,497,0,0,1
107282,55,Female,Central,55700.0,16,Premium,12,168.65,2023.8,43,1,0.403,7,3.91,1,1127,0,1,0
107283,40,Non-binary,East,46100.0,28,Standard,6,127.09,762.54,47,1,0.718,7,5.78,3,666,0,1,0
107284,19,Female,South,15000.0,37,Basic,5,11.19,55.95,58,0,0.572,2,0.78,0,1,0,0,0
107285,46,Male,West,59000.0,58,Basic,4,27.37,109.48,63,0,,3,23.65,0,0,0,0,1
107286,34,Female,Central,49400.0,21,Premium,6,20.84,125.04,78,0,0.537,14,8.85,0,397,1,1,0
107287,59,Female,South,104800.0,30,Basic,3,44.02,132.06,8,0,0.559,4,24.39,1,369,0,0,0
107288,31,Male,North,53400.0,30,Premium,9,59.52,535.68,35,1,0.486,7,13.92,1,147,0,0,0
107289,53,Male,Central,77700.0,16,Standard,4,95.71,382.84,23,0,0.311,10,6.95,1,353,1,0,0
107290,62,Male,South,45000.0,34,Standard,9,72.51,652.59,30,1,0.45,15,6.58,2,467,1,1,0
107291,28,Male,North,15000.0,8,Basic,2,59.88,119.76,105,0,0.16,3,6.48,2,0,0,0,1
107292,36,Female,North,40900.0,24,Basic,5,18.13,90.65,78,1,0.127,16,5.81,1,297,0,1,1
107293,44,Male,North,77700.0,21,Premium,17,129.2,2196.4,12,0,0.162,14,17.97,0,1140,0,1,0
107294,28,Male,Central,72100.0,16,Standard,7,56.97,398.79,47,1,0.344,8,10.87,2,560,2,1,1
107295,43,Female,Central,42100.0,32,Standard,6,31.93,191.58,67,0,0.477,8,7.76,4,121,0,1,1
107296,36,Male,East,36900.0,58,Premium,12,116.9,1402.8,37,1,0.454,14,4.73,0,839,1,1,0
107297,36,Female,West,52700.0,45,Standard,6,50.49,302.94,57,0,0.599,11,10.4,1,8,0,1,0
107298,40,Female,West,46100.0,29,Basic,4,59.73,238.92,13,2,0.292,11,12.13,2,11,1,0,1
107299,40,Male,East,46500.0,43,Basic,6,12.19,73.14,24,2,0.43,4,6.02,1,36,0,0,0
107300,41,Male,West,58700.0,69,Standard,7,42.64,298.48,4,0,0.707,3,,3,4,1,1,0
107301,31,Male,Central,78400.0,15,Standard,7,29.31,205.17,2,2,0.512,10,7.87,0,188,1,1,0
107302,32,Male,North,59600.0,24,Standard,6,24.1,144.6,93,2,0.663,11,5.94,0,169,0,1,1
107303,37,Female,North,72200.0,34,Standard,6,123.65,741.9,36,1,0.356,11,5.37,1,678,0,0,1
107304,38,Non-binary,West,21200.0,36,Standard,5,32.61,163.05,2,0,0.13,4,3.91,2,116,1,1,0
107305,33,Female,West,57300.0,21,Basic,4,10.6,42.4,24,0,0.799,2,1.02,2,22,1,1,0
107306,43,Female,North,38500.0,30,Standard,8,58.27,466.16,0,0,0.097,6,2.9,1,436,0,0,0
107307,18,Female,South,51500.0,22,Premium,5,93.8,469.0,16,1,0.665,15,8.69,0,221,2,1,0
107308,30,Female,West,58400.0,25,Basic,2,23.91,47.82,21,0,0.17,13,4.56,2,81,1,0,1
107309,35,Female,East,,6,Standard,9,13.85,124.65,16,1,0.566,10,3.32,1,370,0,1,0
107310,28,Male,Central,27100.0,58,Standard,6,74.89,449.34,18,0,0.175,4,34.93,0,354,1,0,0
107311,60,Male,West,61100.0,5,Standard,11,6.93,76.23,103,1,0.51,8,19.0,0,32,2,1,1
107312,39,Male,East,42300.0,17,Premium,6,50.15,300.9,2,0,0.625,4,6.7,0,296,0,1,0
107313,41,Female,West,60500.0,37,Premium,11,78.24,860.64,4,0,0.525,4,2.55,1,337,0,0,1
107314,33,Male,East,47900.0,48,Standard,7,132.36,926.52,10,0,0.618,3,6.83,0,357,0,1,0
107315,39,Female,North,67800.0,22,Basic,10,5.0,50.0,30,1,0.124,3,4.08,2,3,0,1,0
107316,23,Male,South,55300.0,40,Basic,7,47.47,332.29,27,1,0.353,10,3.81,0,191,1,1,0
107317,37,Male,South,34200.0,24,Standard,3,11.41,34.23,17,0,0.569,8,7.26,2,153,2,1,0
107318,27,Female,Central,43200.0,31,Standard,4,26.1,104.4,132,0,0.619,13,1.66,2,135,0,1,1
107319,35,Male,Central,50600.0,18,Basic,4,61.69,246.76,85,0,0.151,15,0.5,3,428,0,1,1
107320,18,Male,North,26700.0,37,Standard,8,14.11,112.88,1,1,0.351,6,23.74,0,226,2,0,1
107321,24,Female,West,46900.0,10,Standard,11,85.99,945.89,185,2,0.423,10,10.68,0,714,2,0,1
107322,58,Male,East,72900.0,80,Standard,6,39.77,238.62,212,0,0.143,18,9.6,0,260,0,1,1
107323,50,Male,North,50400.0,16,Premium,12,58.13,697.56,71,1,0.22,1,5.0,0,463,0,1,0
107324,56,Female,South,62100.0,11,Premium,15,88.01,1320.15,36,0,0.504,17,2.87,1,794,0,1,0
107325,57,Female,Central,60200.0,25,Basic,4,32.75,131.0,3,0,0.503,14,4.66,0,318,0,1,0
107326,48,Female,South,46300.0,20,Basic,3,16.82,50.46,66,0,0.265,12,3.29,0,0,1,1,1
107327,33,Male,West,41100.0,58,Basic,8,45.43,363.44,19,1,0.037,13,0.9,0,311,1,1,0
107328,26,Female,East,17400.0,72,Premium,15,101.72,1525.8,7,0,0.092,7,8.95,1,919,1,0,0
107329,54,Female,East,68800.0,16,Basic,6,16.37,98.22,2,0,0.565,5,9.88,1,47,1,0,0
107330,40,Female,East,68600.0,34,Standard,7,22.61,158.27,23,0,0.455,11,12.8,1,463,0,1,0
107331,71,Non-binary,East,79100.0,32,Basic,5,82.05,410.25,219,0,0.262,10,2.55,0,175,1,1,1
107332,34,Male,Central,56400.0,33,Standard,11,43.76,481.36,75,2,0.289,12,6.2,2,163,0,0,1
107333,65,Male,South,74800.0,13,Basic,4,89.45,357.8,190,0,0.195,11,2.16,1,262,1,1,1
107334,37,Non-binary,North,31700.0,13,Basic,7,92.88,650.16,11,1,0.403,17,13.03,2,377,0,1,0
107335,56,Male,South,92200.0,27,Standard,6,119.86,719.16,3,3,0.253,0,16.92,2,456,1,1,1
107336,61,Male,West,34900.0,32,Standard,7,122.43,857.01,10,1,0.175,16,16.45,3,415,0,0,0
107337,26,Female,East,35700.0,9,Standard,9,82.43,741.87,3,1,0.386,4,7.33,0,298,1,0,0
107338,33,Female,West,31500.0,18,Premium,8,96.04,768.32,66,0,0.143,5,,0,482,1,0,1
107339,26,Male,South,57700.0,23,Basic,3,25.15,75.45,2,0,0.698,17,7.18,1,123,0,1,0
107340,23,Female,East,35800.0,50,Premium,9,46.64,419.76,2,0,0.508,1,4.94,0,445,0,1,0
107341,48,Female,Central,92300.0,42,Premium,7,99.84,698.88,69,0,0.406,3,2.91,2,370,0,0,1
107342,36,Male,East,45600.0,57,Basic,6,8.38,50.28,89,0,0.524,9,9.0,0,17,2,0,0
107343,40,Male,East,38200.0,25,Basic,7,64.09,448.63,12,1,0.602,9,5.28,0,474,1,1,0
107344,46,Female,West,30700.0,19,Basic,4,28.65,114.6,69,1,0.509,13,15.03,0,89,0,0,1
107345,18,Female,West,43500.0,55,Standard,4,30.16,120.64,77,0,0.373,14,5.45,1,155,1,0,1
107346,56,Female,South,52400.0,25,Basic,8,26.34,210.72,1,1,0.55,5,2.04,1,0,0,1,0
107347,34,Female,East,37300.0,37,Basic,4,24.4,97.6,101,0,0.298,2,12.01,1,0,0,0,1
107348,46,Female,South,71800.0,5,Standard,6,9.5,57.0,9,0,0.316,6,3.2,2,265,1,1,0
107349,47,Male,South,70300.0,24,Standard,8,36.33,290.64,22,0,0.328,6,8.09,0,203,2,0,0
107350,57,Male,East,56500.0,25,Standard,10,39.8,398.0,20,0,0.761,5,9.08,1,350,0,0,0
107351,38,Female,South,40600.0,24,Standard,8,55.35,442.8,14,1,0.664,8,1.85,1,62,0,1,0
107352,18,Female,North,,27,Standard,4,134.13,536.52,12,0,0.354,9,7.74,3,378,2,1,0
107353,40,Male,West,20100.0,54,Standard,4,52.35,209.4,43,0,0.585,9,7.36,3,307,1,0,1
107354,42,Female,East,,18,Premium,16,75.64,1210.24,85,1,0.495,4,8.51,3,443,0,1,0
107355,26,Female,North,47800.0,41,Standard,5,82.32,411.6,143,0,0.621,14,12.74,0,226,0,0,1
107356,41,Female,South,54900.0,8,Standard,5,23.79,118.95,32,0,0.349,4,10.25,2,33,0,1,1
107357,34,Male,East,45800.0,9,Standard,4,30.9,123.6,6,0,0.244,3,6.25,0,208,0,1,0
107358,22,Female,East,21900.0,13,Basic,5,20.2,101.0,13,0,0.509,2,8.68,3,0,0,1,1
107359,48,Female,West,77100.0,16,Standard,6,80.2,481.2,26,2,0.378,10,27.7,2,589,0,1,1
107360,32,Male,East,16300.0,41,Premium,9,59.56,536.04,39,0,0.365,12,7.41,0,668,1,0,0
107361,34,Male,West,36600.0,27,Premium,8,44.68,357.44,48,2,0.308,16,13.18,1,261,1,0,1
107362,33,Male,North,44500.0,7,Basic,8,76.43,611.44,18,0,0.448,13,11.35,2,381,0,0,0
107363,55,Male,East,63100.0,29,Basic,3,39.13,117.39,76,0,0.115,8,11.53,0,0,0,0,1
107364,38,Male,South,47000.0,29,Basic,6,28.5,171.0,180,0,0.251,1,5.75,1,0,0,0,1
107365,40,Female,South,41600.0,1,Standard,9,42.6,383.4,31,0,0.343,3,4.2,1,47,0,1,1
107366,33,Female,Central,49800.0,57,Standard,13,24.74,321.62,39,2,0.229,7,3.69,0,268,1,1,0
107367,45,Female,Central,36600.0,14,Premium,15,47.26,708.9,16,1,0.349,5,9.41,0,300,0,0,1
107368,57,Female,North,63000.0,41,Basic,4,30.55,122.2,33,0,0.705,16,23.86,0,435,0,1,0
107369,47,Female,North,61600.0,35,Standard,5,49.34,246.7,19,0,0.23,8,9.66,0,0,0,0,0
107370,48,Female,Central,51800.0,11,Standard,9,42.33,380.97,68,0,0.255,2,12.12,1,372,2,1,1
107371,47,Male,North,55600.0,50,Standard,11,46.83,515.13,152,2,0.233,8,8.12,1,274,0,0,1
107372,21,Male,Central,33900.0,32,Standard,4,120.99,483.96,19,0,0.413,13,8.76,1,707,0,1,0
107373,28,Female,South,15000.0,50,Premium,14,74.67,1045.38,42,1,0.499,5,4.75,2,703,0,1,0
107374,36,Male,South,,66,Basic,6,47.52,285.12,14,2,0.277,8,8.23,0,189,2,0,0
107375,30,Female,North,41300.0,13,Premium,8,61.24,489.92,31,1,0.092,15,11.39,0,616,0,1,0
107376,25,Male,East,26100.0,30,Premium,13,99.22,1289.86,6,1,0.606,16,9.59,1,849,1,0,0
107377,18,Male,North,20300.0,8,Standard,5,118.56,592.8,95,0,0.29,0,5.73,1,292,2,0,1
107378,21,Female,South,38800.0,50,Basic,4,33.03,132.12,79,0,0.42,5,7.06,0,259,0,1,1
107379,36,Female,Central,31300.0,6,Basic,6,6.21,37.26,46,0,0.267,7,3.44,1,45,0,1,1
107380,38,Non-binary,South,15000.0,10,Basic,1,21.67,21.67,46,0,0.504,1,7.76,1,0,0,1,1
107381,29,Male,East,61600.0,17,Premium,11,83.31,916.41,116,1,0.598,6,1.57,3,548,1,1,0
107382,40,Male,North,65800.0,25,Basic,8,5.0,40.0,12,2,0.727,2,1.91,1,0,2,0,0
107383,33,Female,East,59000.0,42,Premium,10,125.09,1250.9,37,0,0.378,7,1.57,3,625,0,1,0
107384,53,Female,South,45600.0,7,Standard,5,30.45,152.25,7,0,0.427,13,6.73,2,57,0,1,1
107385,37,Female,West,45000.0,30,Basic,6,58.61,351.66,2,0,0.255,6,26.36,1,210,1,1,0
107386,48,Non-binary,West,38700.0,16,Basic,5,61.99,309.95,3,0,0.202,3,4.18,0,209,2,0,1
107387,42,Female,Central,50000.0,24,Standard,9,108.89,980.01,18,0,0.643,3,14.88,1,505,0,1,0
107388,21,Female,Central,26000.0,56,Basic,6,61.56,369.36,64,0,0.235,8,10.39,3,232,1,1,1
107389,38,Non-binary,South,31900.0,27,Standard,8,148.52,1188.16,7,1,0.448,3,3.61,3,851,0,0,0
107390,23,Female,North,39800.0,35,Basic,5,79.27,396.35,163,0,0.495,6,11.08,0,307,1,1,1
107391,38,Female,North,43400.0,5,Standard,7,35.86,251.02,1,2,0.456,9,9.93,0,236,1,0,1
107392,29,Male,West,62600.0,14,Premium,6,83.04,498.24,63,1,0.47,13,16.7,0,348,1,1,1
107393,44,Male,North,53900.0,25,Basic,3,36.12,108.36,24,0,0.186,11,1.43,5,106,1,1,1
107394,22,Male,West,15000.0,8,Basic,7,42.86,300.02,20,1,0.434,1,10.89,1,87,0,1,1
107395,39,Female,Central,22600.0,6,Premium,6,135.13,810.78,11,0,0.637,5,1.86,2,106,1,1,0
107396,46,Male,North,83900.0,14,Standard,7,50.97,356.79,24,0,0.183,6,26.5,0,297,0,1,0
107397,51,Female,South,54300.0,25,Basic,5,30.92,154.6,98,1,0.248,10,7.63,1,179,0,0,1
107398,29,Male,East,41800.0,41,Basic,7,23.43,164.01,1,0,0.115,12,6.78,1,0,1,1,0
107399,39,Male,South,48100.0,41,Basic,5,20.2,101.0,9,0,0.14,15,5.15,1,211,0,0,0
107400,41,Male,South,69700.0,23,Basic,8,41.77,334.16,4,0,0.293,3,20.78,0,0,0,1,0
107401,59,Male,North,40300.0,27,Standard,6,11.54,69.24,22,0,0.372,2,2.04,1,38,1,1,0
107402,20,Male,Central,48500.0,7,Basic,4,29.17,116.68,81,0,0.26,4,0.86,0,31,2,1,1
107403,27,Female,West,54200.0,75,Basic,5,37.83,189.15,4,1,0.131,7,13.4,2,157,0,1,0
107404,75,Female,North,82200.0,60,Basic,6,21.38,128.28,10,0,0.502,2,7.55,1,33,0,1,0
107405,35,Female,North,49900.0,32,Standard,10,23.42,234.2,122,1,0.222,3,14.54,0,22,1,0,1
107406,18,Male,West,22800.0,20,Basic,7,17.99,125.93,59,0,0.263,12,8.72,0,190,1,1,0
107407,31,Female,North,16800.0,49,Standard,5,29.87,149.35,5,0,0.424,9,4.85,1,320,1,1,0
107408,18,Male,Central,36100.0,76,Basic,2,20.18,40.36,8,0,0.314,5,8.62,1,0,0,1,0
107409,42,Male,East,54300.0,34,Premium,12,66.06,792.72,83,1,,3,23.7,2,396,1,1,1
107410,50,Non-binary,Central,62100.0,41,Premium,14,89.87,1258.18,21,2,0.095,7,2.95,2,499,0,0,1
107411,27,Female,West,43300.0,17,Standard,6,57.88,347.28,3,1,0.317,7,19.05,0,260,0,1,0
107412,33,Male,Central,33800.0,9,Premium,11,99.89,1098.79,18,0,0.608,10,1.13,0,692,0,1,0
107413,51,Male,West,80300.0,23,Premium,7,65.5,458.5,1,0,0.219,5,26.2,2,426,1,1,0
107414,18,Non-binary,East,28100.0,37,Standard,4,44.45,177.8,136,0,0.381,2,7.12,2,135,1,0,1
107415,22,Male,North,39400.0,7,Premium,8,144.01,1152.08,39,0,0.19,17,18.55,0,666,0,0,0
107416,36,Female,West,41300.0,72,Premium,7,207.17,1450.19,45,1,0.279,4,9.49,0,707,0,1,0
107417,29,Female,East,53200.0,35,Standard,6,125.73,754.38,96,0,0.166,1,16.15,0,624,0,1,1
107418,35,Non-binary,South,45600.0,41,Basic,2,23.25,46.5,54,0,0.323,7,0.55,2,0,0,1,1
107419,23,Male,East,,5,Standard,2,76.07,152.14,20,0,0.804,19,1.94,1,62,1,1,0
107420,42,Male,South,67700.0,18,Standard,14,20.92,292.88,65,1,0.372,3,3.28,1,375,4,1,1
107421,37,Male,South,21900.0,27,Standard,2,29.43,58.86,23,1,0.289,3,11.93,1,0,0,1,0
107422,46,Male,North,50700.0,10,Standard,4,52.05,208.2,28,1,0.159,9,9.76,1,0,2,1,1
107423,42,Male,South,42200.0,92,Basic,7,11.23,78.61,54,0,0.276,7,8.84,1,40,3,1,1
107424,42,Male,East,56000.0,57,Basic,4,5.2,20.8,2,0,0.364,6,1.72,0,135,1,1,0
107425,20,Male,Central,34300.0,28,Basic,10,29.22,292.2,24,1,0.326,26,30.01,1,726,0,1,0
107426,45,Female,East,53500.0,44,Standard,5,42.19,210.95,14,0,0.156,6,17.86,2,51,1,1,0
107427,35,Female,Central,34200.0,20,Basic,5,57.89,289.45,25,1,0.194,5,15.71,0,0,0,1,0
107428,37,Female,Central,45700.0,51,Basic,6,46.28,277.68,24,0,0.252,11,7.13,1,160,1,1,0
107429,53,Female,North,65800.0,23,Premium,11,115.03,1265.33,4,0,0.556,9,8.1,2,661,1,0,0
107430,30,Male,East,36900.0,70,Standard,6,84.96,509.76,29,0,0.355,1,8.22,1,754,0,1,0
107431,57,Male,South,80600.0,16,Basic,8,17.02,136.16,2,0,0.275,3,7.08,0,0,0,1,0
107432,58,Female,Central,74600.0,9,Basic,5,50.73,253.65,40,0,0.073,5,10.16,0,0,0,0,1
107433,49,Female,East,57700.0,25,Basic,4,38.87,155.48,82,0,0.627,1,14.0,0,100,2,0,1
107434,26,Male,North,15000.0,15,Basic,4,37.9,151.6,28,1,0.486,14,11.26,2,171,1,0,0
107435,18,Male,North,24900.0,35,Basic,2,42.69,85.38,24,1,0.273,8,8.32,1,35,0,0,1
107436,53,Male,West,70100.0,13,Basic,3,15.46,46.38,90,1,0.507,11,2.28,1,194,2,1,1
107437,40,Female,North,,92,Standard,8,31.41,251.28,10,0,0.306,4,6.91,0,0,1,1,0
107438,29,Female,South,42700.0,8,Basic,5,5.33,26.65,88,0,0.322,16,0.56,4,209,2,1,1
107439,54,Male,Central,59100.0,36,Premium,10,37.97,379.7,59,0,0.523,6,9.05,2,140,0,1,0
107440,28,Male,North,40800.0,20,Premium,12,89.32,1071.84,13,0,0.596,3,6.15,1,436,1,1,0
107441,33,Male,West,61900.0,63,Standard,9,92.12,829.08,24,0,0.462,7,11.25,2,546,2,0,0
107442,46,Male,West,65600.0,21,Basic,4,58.44,233.76,48,0,0.254,5,6.6,2,232,1,1,1
107443,25,Female,South,16500.0,21,Standard,6,146.32,877.92,65,2,0.554,7,18.84,3,437,0,1,0
107444,38,Female,North,23800.0,19,Premium,14,89.12,1247.68,81,0,0.308,2,2.1,0,899,1,1,0
107445,53,Female,North,67400.0,36,Standard,4,93.78,375.12,24,0,0.603,4,3.33,2,294,0,1,0
107446,42,Female,Central,67100.0,19,Basic,4,45.81,183.24,48,0,0.538,5,24.86,1,2,0,1,1
107447,55,Female,West,39900.0,17,Standard,3,137.49,412.47,41,0,0.79,15,10.01,1,184,0,0,1
107448,54,Female,South,59300.0,8,Standard,11,55.23,607.53,5,1,0.157,11,6.71,0,525,0,0,1
107449,39,Female,West,,14,Standard,8,26.85,214.8,34,0,0.266,7,24.24,2,316,1,0,0
107450,18,Male,North,24200.0,44,Basic,6,65.17,391.02,18,0,0.313,17,4.04,0,460,0,1,0
107451,25,Female,North,70000.0,15,Standard,9,27.8,250.2,67,1,0.444,2,3.18,0,40,0,0,1
107452,49,Male,North,45900.0,29,Standard,6,5.9,35.4,232,1,0.303,3,2.23,2,50,1,1,1
107453,19,Female,West,19900.0,5,Basic,9,14.87,133.83,127,0,0.11,11,10.75,0,0,1,1,1
107454,35,Female,South,34300.0,42,Premium,13,189.37,2461.81,2,0,0.715,6,3.55,3,1422,0,1,0
107455,43,Female,East,33800.0,104,Basic,5,24.2,121.0,3,0,0.734,13,1.87,1,338,1,1,0
107456,58,Female,South,42300.0,10,Basic,6,17.49,104.94,45,0,0.263,12,5.03,1,96,0,0,1
107457,32,Female,West,38200.0,12,Standard,8,85.44,683.52,16,0,0.077,11,0.98,1,455,0,0,0
107458,31,Male,West,42400.0,21,Basic,7,21.46,150.22,68,0,0.209,1,11.44,2,39,0,1,1
107459,38,Male,South,37000.0,6,Standard,5,87.45,437.25,7,0,,4,6.23,1,415,1,1,0
107460,44,Female,North,46000.0,11,Basic,5,25.36,126.8,5,1,0.455,30,3.52,1,257,1,1,1
107461,37,Female,East,66300.0,41,Basic,4,8.59,34.36,21,1,0.226,4,3.21,2,0,0,0,1
107462,53,Female,South,74900.0,26,Standard,11,60.84,669.24,67,0,0.626,5,11.62,0,78,0,0,0
107463,29,Male,North,34800.0,26,Basic,6,156.1,936.6,101,1,0.485,13,15.02,1,507,2,1,1
107464,41,Female,East,55900.0,5,Basic,6,47.03,282.18,71,0,0.361,4,9.84,0,46,0,1,1
107465,45,Female,East,30700.0,8,Basic,4,18.18,72.72,107,0,0.521,10,12.58,3,69,0,1,1
107466,34,Male,West,47000.0,18,Standard,6,61.34,368.04,34,0,0.202,0,8.17,1,416,0,1,1
107467,50,Male,South,57500.0,57,Premium,14,69.49,972.86,15,2,0.6,5,3.85,3,381,3,1,0
107468,41,Male,South,44600.0,17,Basic,2,21.64,43.28,2,0,0.241,13,8.68,1,0,0,1,0
107469,49,Female,East,57900.0,30,Basic,6,20.68,124.08,71,0,0.379,16,9.6,0,258,2,1,0
107470,42,Female,West,49000.0,15,Basic,3,30.54,91.62,194,0,0.449,10,12.02,1,224,1,0,1
107471,44,Female,South,34300.0,25,Basic,4,23.94,95.76,9,0,0.349,4,7.7,0,267,0,1,0
107472,31,Male,South,63900.0,75,Standard,6,64.42,386.52,13,0,0.298,12,3.33,0,274,0,0,0
107473,31,Male,North,53700.0,33,Standard,3,7.81,23.43,213,1,0.305,2,6.46,1,0,3,1,1
107474,55,Female,East,57700.0,21,Basic,9,23.17,208.53,61,1,0.461,6,7.97,2,0,1,0,1
107475,47,Male,Central,30900.0,39,Basic,5,49.56,247.8,26,1,0.36,3,9.1,1,100,0,1,1
107476,26,Female,North,15000.0,38,Basic,9,19.02,171.18,25,0,0.424,20,5.1,0,93,0,0,0
107477,41,Male,East,77900.0,36,Standard,7,24.04,168.28,9,1,0.376,12,3.1,0,326,0,1,0
107478,18,Female,North,25600.0,17,Standard,5,69.55,347.75,100,0,0.6,5,7.24,2,162,0,0,1
107479,32,Female,South,52000.0,7,Premium,13,47.27,614.51,98,0,0.371,3,4.08,1,510,1,0,1
107480,51,Female,West,46100.0,23,Basic,1,41.64,41.64,15,0,0.423,6,7.13,1,12,0,1,1
107481,37,Male,East,41700.0,11,Premium,14,17.45,244.3,26,0,0.451,7,10.09,0,186,3,0,0
107482,41,Female,North,46300.0,10,Premium,9,143.97,1295.73,16,0,0.754,4,6.18,1,434,0,1,0
107483,18,Female,South,31400.0,29,Premium,7,165.02,1155.14,95,2,0.558,5,1.31,1,684,1,1,1
107484,34,Male,North,44500.0,25,Basic,3,105.44,316.32,19,1,0.806,8,4.45,1,320,2,1,0
107485,43,Male,South,,39,Basic,5,57.4,287.0,16,2,0.268,9,1.16,0,288,0,1,0
107486,45,Male,West,40600.0,35,Premium,14,48.89,684.46,28,1,0.437,4,18.88,1,329,0,1,0
107487,52,Male,South,59200.0,38,Standard,6,29.84,179.04,30,1,0.23,15,5.24,3,130,3,1,0
107488,36,Male,South,20500.0,95,Standard,7,78.44,549.08,11,0,0.509,8,5.78,0,413,1,0,0
107489,37,Male,East,34500.0,18,Basic,6,49.42,296.52,48,0,0.789,14,12.69,2,331,1,0,0
107490,22,Female,Central,29600.0,34,Basic,4,22.4,89.6,17,0,0.526,6,14.17,0,45,0,0,0
107491,36,Female,North,50700.0,29,Basic,6,18.32,109.92,14,2,0.328,7,5.02,0,0,1,1,0
107492,23,Female,East,53800.0,5,Standard,5,36.98,184.9,9,0,0.372,9,12.45,0,279,0,0,0
107493,18,Female,North,21300.0,23,Basic,7,23.51,164.57,155,0,0.429,10,16.69,1,257,1,0,1
107494,25,Female,North,35200.0,10,Standard,5,52.84,264.2,49,1,0.602,6,10.89,2,266,2,0,1
107495,59,Female,South,40800.0,43,Premium,6,31.22,187.32,73,0,0.622,7,4.2,1,234,2,1,0
107496,35,Female,West,48800.0,17,Premium,9,147.17,1324.53,9,0,0.846,6,1.17,2,668,0,1,0
107497,42,Male,North,38100.0,13,Standard,10,26.15,261.5,93,0,0.683,15,12.09,3,238,1,0,1
107498,32,Male,Central,37000.0,56,Basic,6,18.42,110.52,17,1,0.434,4,7.59,4,0,0,1,0
107499,18,Male,South,34700.0,31,Standard,3,130.97,392.91,50,0,0.43,16,8.53,1,302,1,0,1
107500,51,Male,West,66600.0,36,Basic,8,47.88,383.04,79,0,0.171,6,0.73,1,59,2,1,1
107501,18,Female,South,15000.0,29,Premium,8,39.88,319.04,1,0,,5,1.33,2,262,0,1,0
107502,32,Female,South,52500.0,11,Standard,7,39.52,276.64,13,0,0.181,5,8.66,1,98,0,0,0
107503,38,Female,West,46500.0,8,Premium,6,66.23,397.38,144,1,0.321,9,11.71,2,260,0,1,1
107504,42,Male,South,68500.0,36,Basic,2,67.13,134.26,16,0,0.155,14,,0,322,0,0,0
107505,30,Female,East,59900.0,52,Standard,9,52.61,473.49,52,0,0.127,3,1.98,0,220,2,1,0
107506,18,Male,West,50500.0,21,Basic,5,21.15,105.75,43,0,0.748,3,9.02,0,130,4,1,0
107507,29,Female,West,18500.0,53,Standard,7,70.06,490.42,61,1,0.816,2,5.34,1,228,0,1,1
107508,29,Male,West,44100.0,21,Standard,7,145.97,1021.79,13,0,0.373,10,9.22,1,722,0,0,0
107509,29,Male,North,16400.0,18,Basic,8,56.24,449.92,74,0,0.666,12,3.64,0,366,1,1,1
107510,52,Female,East,78500.0,28,Basic,10,107.64,1076.4,10,0,0.181,8,1.61,0,758,0,0,0
107511,23,Male,East,53000.0,13,Basic,6,93.43,560.58,57,1,0.637,2,2.62,1,0,0,1,1
107512,43,Male,East,65400.0,40,Standard,8,41.18,329.44,38,1,0.248,8,16.31,1,193,0,1,0
107513,41,Male,East,43900.0,55,Standard,6,20.74,124.44,10,1,0.589,11,4.56,2,265,0,1,0
107514,51,Male,West,67000.0,11,Premium,19,27.48,522.12,9,2,0.279,6,8.77,2,431,0,0,1
107515,37,Female,West,38300.0,17,Standard,5,48.16,240.8,4,0,0.563,9,10.04,0,146,0,1,0
107516,49,Female,South,,55,Standard,11,83.51,918.61,15,0,0.208,2,13.09,1,649,0,0,0
107517,37,Male,North,44800.0,15,Standard,8,85.68,685.44,3,0,0.551,8,9.73,3,439,1,1,0
107518,45,Female,North,25700.0,14,Standard,4,87.31,349.24,4,0,,10,13.45,0,457,1,0,0
107519,19,Female,North,17600.0,68,Basic,7,51.5,360.5,2,0,0.486,10,5.04,1,108,2,1,0
107520,18,Female,West,59800.0,77,Standard,5,20.36,101.8,8,0,0.212,4,6.56,0,217,0,1,0
107521,44,Male,South,51500.0,30,Basic,4,46.21,184.84,9,0,0.63,3,5.53,3,41,0,1,0
107522,45,Female,South,55900.0,28,Basic,4,66.77,267.08,5,0,0.037,2,,0,58,1,1,0
107523,45,Non-binary,Central,53500.0,79,Premium,14,132.37,1853.18,1,0,0.109,2,10.51,1,667,1,0,0
107524,32,Female,Central,35600.0,57,Premium,11,47.08,517.88,251,0,0.276,4,34.71,2,190,2,0,1
107525,58,Female,East,66500.0,80,Standard,9,23.37,210.33,14,0,0.217,5,6.23,0,140,0,1,0
107526,33,Female,South,36600.0,16,Standard,8,29.94,239.52,124,1,0.56,5,14.72,0,80,0,1,1
107527,44,Female,South,20700.0,20,Basic,9,44.34,399.06,17,0,0.765,3,6.87,2,363,0,0,0
107528,47,Female,South,66600.0,4,Standard,12,15.67,188.04,27,2,0.776,13,6.41,3,185,1,0,0
107529,61,Male,South,91400.0,5,Standard,12,27.13,325.56,38,0,0.307,1,4.07,0,190,0,0,1
107530,35,Female,North,27900.0,6,Standard,10,33.06,330.6,39,0,0.761,8,7.57,3,188,1,1,0
107531,31,Female,West,34600.0,20,Basic,5,35.34,176.7,137,0,0.3,7,16.16,0,585,0,0,1
107532,20,Female,South,,13,Basic,4,65.71,262.84,91,1,0.312,10,9.3,0,372,0,1,1
107533,59,Female,South,56200.0,29,Standard,4,168.67,674.68,21,1,0.457,7,10.3,0,558,4,0,1
107534,44,Male,West,58100.0,16,Standard,7,12.37,86.59,102,0,0.449,2,14.15,2,106,2,0,1
107535,45,Female,South,114200.0,63,Standard,7,59.54,416.78,74,0,0.363,10,2.4,0,204,0,0,0
107536,80,Male,South,95800.0,12,Basic,6,132.36,794.16,28,1,0.302,6,9.55,1,463,3,1,0
107537,43,Female,South,52700.0,4,Standard,8,59.39,475.12,114,0,0.323,6,11.34,1,285,0,1,1
107538,22,Female,North,44100.0,8,Standard,5,96.65,483.25,6,0,0.484,7,10.09,1,270,1,1,0
107539,36,Male,East,56000.0,58,Standard,7,40.01,280.07,81,1,0.13,12,7.62,0,251,2,0,1
107540,26,Female,South,26300.0,12,Standard,5,78.41,392.05,64,1,0.35,2,11.26,2,206,1,1,1
107541,34,Male,North,18900.0,42,Premium,14,117.13,1639.82,14,1,0.102,3,13.19,0,812,2,1,0
107542,34,Female,West,51500.0,29,Standard,5,47.36,236.8,19,0,0.556,3,12.08,0,349,0,0,0
107543,31,Female,West,50800.0,52,Standard,5,18.0,90.0,2,0,0.352,7,18.26,1,465,0,1,0
107544,21,Male,East,26700.0,68,Basic,6,46.99,281.94,73,0,0.561,6,27.63,1,289,1,1,1
107545,60,Female,West,90900.0,31,Basic,5,81.4,407.0,19,0,0.389,17,5.25,1,335,0,0,0
107546,43,Non-binary,East,72000.0,31,Premium,4,24.96,99.84,25,0,0.545,4,11.7,1,42,1,1,0
107547,36,Male,North,55900.0,2,Premium,13,120.08,1561.04,0,1,0.415,11,,0,826,3,1,0
107548,49,Female,East,53500.0,27,Basic,2,37.12,74.24,21,0,0.541,8,5.72,0,127,0,1,0
107549,45,Female,South,24400.0,18,Premium,9,142.58,1283.22,85,0,0.285,4,6.82,1,484,1,1,1
107550,43,Male,South,49300.0,39,Standard,2,55.54,111.08,116,0,0.237,8,8.85,0,245,2,1,1
107551,48,Female,Central,30800.0,42,Basic,5,131.03,655.15,7,0,0.346,3,1.62,3,260,0,0,1
107552,41,Male,South,16900.0,9,Basic,6,22.81,136.86,1,0,0.102,10,5.85,2,339,1,1,0
107553,48,Female,North,65600.0,23,Standard,9,49.89,449.01,31,2,0.385,8,5.23,2,549,2,1,1
107554,49,Female,North,73900.0,60,Basic,9,113.35,1020.15,13,1,0.259,7,20.75,2,395,0,1,0
107555,41,Male,Central,22500.0,42,Standard,8,38.43,307.44,88,0,0.606,4,20.33,0,0,1,0,1
107556,36,Male,North,41500.0,33,Standard,7,16.72,117.04,4,1,0.665,1,4.97,1,0,1,1,0
107557,59,Male,Central,66700.0,37,Standard,6,47.11,282.66,17,0,0.146,2,5.35,0,104,1,1,0
107558,33,Male,North,38200.0,2,Standard,8,22.42,179.36,31,2,0.527,6,4.26,1,156,3,1,1
107559,44,Female,West,33400.0,26,Standard,11,69.76,767.36,52,0,0.298,7,8.55,0,497,1,1,0
107560,44,Female,South,71300.0,15,Standard,6,85.66,513.96,18,1,0.88,7,13.36,1,70,0,1,0
107561,31,Female,South,21400.0,67,Basic,7,94.72,663.04,73,1,0.268,4,1.82,2,288,1,0,1
107562,28,Female,North,15000.0,95,Standard,10,122.66,1226.6,108,0,0.391,3,1.47,0,457,0,0,0
107563,34,Female,North,24000.0,15,Premium,9,92.62,833.58,7,1,0.663,10,14.16,0,631,0,1,0
107564,33,Male,North,49000.0,73,Basic,7,5.17,36.19,17,0,0.283,6,5.03,0,137,1,0,0
107565,20,Female,North,26200.0,41,Basic,6,8.04,48.24,66,1,0.254,5,14.36,0,358,1,1,1
107566,31,Female,East,29600.0,2,Standard,9,29.33,263.97,18,0,0.395,17,12.28,2,363,0,1,0
107567,42,Male,East,58200.0,61,Premium,6,105.94,635.64,69,0,0.484,14,15.5,3,224,0,1,0
107568,55,Female,South,67800.0,52,Standard,6,52.51,315.06,56,1,0.618,2,20.47,1,31,0,1,1
107569,46,Non-binary,West,22300.0,26,Basic,7,11.06,77.42,52,0,0.509,3,7.16,1,219,1,0,1
107570,18,Female,West,35200.0,41,Premium,12,76.3,915.6,6,0,0.552,2,9.98,0,572,0,0,0
107571,47,Female,Central,72100.0,44,Basic,5,26.52,132.6,62,0,0.654,12,12.33,1,110,1,1,1
107572,32,Male,South,39600.0,67,Basic,5,47.28,236.4,70,0,0.53,9,11.5,2,110,1,1,0
107573,45,Male,South,50400.0,68,Basic,6,14.07,84.42,16,0,0.151,14,7.9,2,178,0,1,0
107574,39,Male,Central,74500.0,19,Standard,11,27.07,297.77,1,0,0.5,15,8.76,3,492,0,1,0
107575,36,Female,Central,35200.0,14,Basic,3,17.03,51.09,15,0,0.721,5,17.37,0,0,1,1,0
107576,38,Female,Central,44700.0,15,Basic,4,88.8,355.2,23,0,0.515,7,13.66,0,232,0,1,0
107577,39,Male,East,52600.0,14,Standard,9,54.16,487.44,182,2,0.323,0,16.83,1,155,1,0,1
107578,56,Female,East,64800.0,20,Basic,13,57.98,753.74,50,0,0.491,7,4.97,0,297,2,0,0
107579,39,Male,Central,44100.0,20,Standard,12,102.27,1227.24,28,0,0.588,11,1.75,2,585,1,1,0
107580,53,Female,East,62500.0,13,Basic,10,42.96,429.6,124,4,0.131,10,8.68,2,206,2,1,1
107581,51,Female,North,81300.0,23,Basic,8,55.53,444.24,7,2,0.666,6,13.32,1,580,0,0,0
107582,48,Female,Central,67800.0,61,Premium,8,164.22,1313.76,139,0,0.685,6,11.32,1,1098,1,1,1
107583,18,Male,West,27000.0,27,Basic,3,47.02,141.06,16,0,0.157,7,2.91,1,205,1,0,1
107584,54,Female,North,50100.0,9,Standard,3,6.53,19.59,13,0,0.7,6,6.49,1,0,1,0,0
107585,33,Non-binary,North,32000.0,16,Standard,9,84.72,762.48,1,1,0.416,10,28.46,1,423,1,1,0
107586,48,Female,Central,69800.0,79,Basic,5,19.91,99.55,31,0,0.591,7,17.48,1,0,0,0,0
107587,26,Female,South,15000.0,59,Standard,10,35.59,355.9,16,0,0.203,12,4.67,0,350,0,1,0
107588,24,Female,West,67300.0,13,Basic,5,43.9,219.5,13,1,0.128,10,,0,180,1,0,1
107589,65,Male,North,72200.0,68,Standard,7,18.26,127.82,19,0,0.769,4,6.6,2,0,1,1,0
107590,27,Male,North,17300.0,45,Basic,5,36.49,182.45,52,0,0.176,8,5.63,1,235,0,1,0
107591,54,Female,West,64700.0,75,Standard,10,59.81,598.1,12,0,0.148,5,10.12,1,0,0,1,0
107592,41,Female,Central,38600.0,6,Premium,7,38.39,268.73,14,0,0.672,8,3.89,1,171,0,1,0
107593,34,Male,East,37300.0,16,Premium,11,90.93,1000.23,129,0,0.445,3,9.42,1,763,3,1,0
107594,38,Female,North,25800.0,47,Premium,10,35.25,352.5,122,1,0.509,1,8.17,2,296,0,1,1
107595,22,Male,South,28500.0,36,Standard,5,34.36,171.8,5,0,0.206,4,15.11,0,115,0,1,0
107596,39,Male,North,18200.0,70,Basic,6,63.16,378.96,43,0,0.518,15,5.41,1,415,1,1,0
107597,25,Female,Central,26300.0,53,Basic,4,16.91,67.64,16,0,0.459,8,7.14,1,398,0,1,0
107598,34,Male,South,31600.0,5,Basic,3,29.66,88.98,5,0,0.771,7,,2,19,1,1,0
107599,51,Male,Central,52300.0,40,Premium,8,23.36,186.88,38,0,0.731,20,8.29,2,253,1,1,0
107600,42,Female,Central,40100.0,55,Standard,7,22.67,158.69,13,1,0.187,2,3.9,1,0,0,1,0
107601,20,Female,South,30400.0,11,Basic,5,38.34,191.7,6,0,0.255,3,19.36,3,0,1,1,1
107602,50,Female,North,70800.0,30,Basic,8,98.15,785.2,0,1,0.648,11,8.17,1,413,0,1,0
107603,39,Male,Central,53000.0,12,Basic,8,27.29,218.32,10,0,0.173,5,22.76,0,0,1,0,0
107604,32,Male,North,59500.0,34,Premium,11,67.39,741.29,23,0,0.496,7,28.19,1,376,0,0,0
107605,49,Female,Central,50500.0,23,Basic,6,41.87,251.22,50,1,0.534,18,10.06,1,340,0,0,1
107606,37,Female,South,50600.0,27,Premium,7,188.0,1316.0,99,1,0.077,6,1.77,0,793,2,1,1
107607,24,Female,South,38800.0,55,Standard,5,64.79,323.95,5,0,0.353,7,0.56,2,300,0,0,0
107608,63,Female,South,86900.0,19,Standard,5,53.27,266.35,1,0,0.424,12,5.84,2,107,1,0,0
107609,39,Female,South,37700.0,21,Standard,11,48.92,538.12,36,2,0.563,6,,1,586,1,1,0
107610,38,Female,West,58000.0,22,Basic,7,19.26,134.82,45,1,0.343,1,10.4,0,190,3,0,1
107611,34,Female,East,31200.0,32,Basic,8,125.98,1007.84,50,0,0.185,4,14.02,4,642,0,1,0
107612,54,Male,South,54200.0,19,Premium,10,43.34,433.4,29,0,0.505,11,14.41,1,190,1,1,0
107613,32,Male,East,36300.0,14,Standard,7,144.96,1014.72,89,0,,7,8.85,1,576,0,0,1
107614,19,Female,South,35300.0,47,Standard,6,43.1,258.6,12,2,0.508,4,20.25,0,19,0,1,0
107615,30,Male,Central,24200.0,21,Standard,6,66.64,399.84,16,0,0.721,1,2.71,0,91,0,0,0
107616,56,Female,Central,50800.0,25,Basic,5,39.06,195.3,43,0,,3,15.81,2,393,1,0,1
107617,50,Female,East,49400.0,42,Standard,8,10.2,81.6,11,2,0.298,5,8.86,4,0,0,1,0
107618,36,Non-binary,Central,45800.0,17,Premium,17,24.89,423.13,41,1,0.705,11,11.66,0,144,0,0,0
107619,57,Male,South,51900.0,8,Basic,4,20.2,80.8,45,1,0.444,5,18.03,0,0,0,1,1
107620,49,Female,North,61100.0,66,Basic,3,20.13,60.39,33,0,0.62,6,7.85,2,74,0,1,1
107621,36,Female,North,40100.0,35,Basic,6,37.78,226.68,20,0,0.227,5,21.14,2,207,0,1,0
107622,37,Male,West,55300.0,27,Premium,9,82.25,740.25,189,0,0.39,5,6.05,2,70,1,1,1
107623,43,Female,South,52600.0,29,Standard,5,82.65,413.25,48,0,0.592,17,6.01,1,500,0,0,1
107624,28,Non-binary,Central,62000.0,75,Standard,7,84.83,593.81,74,0,0.465,3,4.86,0,184,0,0,0
107625,39,Female,South,49600.0,42,Basic,5,24.88,124.4,36,1,0.544,15,36.26,2,0,0,1,0
107626,43,Female,North,34700.0,2,Basic,4,23.91,95.64,74,0,0.034,10,2.14,0,0,1,0,1
107627,18,Male,East,25000.0,26,Basic,7,22.86,160.02,16,0,0.472,3,,1,354,1,1,0
107628,37,Male,East,46300.0,29,Standard,10,114.54,1145.4,16,0,0.645,8,4.97,1,471,1,1,0
107629,35,Female,South,,27,Basic,2,25.15,50.3,14,0,0.608,12,6.73,0,192,0,1,0
107630,52,Male,West,81500.0,4,Premium,12,47.04,564.48,14,1,0.51,11,15.07,3,362,1,0,1
107631,18,Male,East,23700.0,10,Standard,6,44.41,266.46,1,0,0.38,11,2.14,0,184,1,1,0
107632,34,Female,South,34200.0,6,Basic,11,60.39,664.29,133,0,0.245,11,7.29,3,511,1,0,0
107633,33,Female,West,44800.0,83,Basic,3,54.3,162.9,38,0,0.528,6,8.17,1,33,1,0,0
107634,51,Female,South,46700.0,27,Basic,4,11.22,44.88,32,0,0.246,0,2.36,0,218,2,1,1
107635,38,Male,West,60500.0,30,Basic,8,34.35,274.8,4,0,0.522,2,5.63,0,182,2,0,0
107636,62,Male,South,80500.0,23,Premium,11,45.91,505.01,15,1,0.459,15,1.85,0,534,1,1,0
107637,48,Female,West,58300.0,7,Premium,14,74.99,1049.86,100,0,0.639,5,11.18,1,567,0,0,1
107638,34,Male,South,51500.0,13,Basic,2,97.61,195.22,33,1,0.558,7,16.21,1,386,3,1,0
107639,42,Female,North,43800.0,14,Basic,3,8.21,24.63,119,2,0.631,8,11.66,2,167,0,0,1
107640,34,Male,East,22200.0,83,Basic,5,62.47,312.35,16,0,0.639,1,18.15,1,434,0,1,0
107641,50,Male,South,53800.0,24,Standard,7,81.57,570.99,37,0,0.383,14,5.34,3,518,2,1,0
107642,22,Female,East,24800.0,17,Standard,7,92.83,649.81,17,1,0.426,9,14.51,4,209,1,1,1
107643,28,Female,East,15000.0,53,Basic,6,103.62,621.72,78,0,0.205,13,22.1,3,699,0,1,1
107644,45,Female,North,38800.0,21,Basic,4,70.01,280.04,150,0,0.421,4,8.53,1,522,0,1,1
107645,55,Male,North,45900.0,9,Basic,2,89.88,179.76,101,0,0.377,2,1.72,1,113,1,0,1
107646,18,Female,West,15000.0,12,Standard,10,9.95,99.5,42,1,0.366,2,1.95,1,242,0,0,1
107647,57,Male,East,83700.0,53,Basic,10,16.92,169.2,78,0,0.514,16,5.01,1,378,0,1,0
107648,37,Female,East,53200.0,18,Standard,6,67.55,405.3,16,0,0.06,21,15.52,1,494,0,0,0
107649,18,Female,North,41500.0,32,Basic,6,31.81,190.86,23,0,0.331,9,11.57,3,357,0,1,0
107650,18,Male,South,35100.0,23,Basic,2,24.13,48.26,16,0,0.697,4,12.63,1,89,0,0,1
107651,19,Female,West,44100.0,44,Standard,8,89.88,719.04,16,3,0.195,9,7.77,0,414,0,0,1
107652,39,Male,Central,48300.0,21,Standard,2,79.1,158.2,54,1,0.305,1,6.79,1,376,1,1,1
107653,38,Female,East,68200.0,14,Premium,9,217.35,1956.15,37,2,0.47,3,7.21,0,966,1,1,0
107654,47,Female,East,38300.0,12,Basic,7,5.0,35.0,62,0,0.237,1,12.8,1,19,0,1,0
107655,32,Female,East,40400.0,47,Basic,3,92.36,277.08,9,0,0.62,8,6.44,3,127,0,1,0
107656,25,Female,West,,17,Standard,4,77.9,311.6,23,0,0.705,1,13.3,1,304,0,0,1
107657,34,Male,West,60600.0,31,Basic,8,22.76,182.08,10,0,0.616,12,9.27,0,225,1,1,0
107658,39,Female,South,53800.0,58,Basic,4,48.35,193.4,88,0,0.313,11,4.87,1,132,0,0,1
107659,42,Female,West,67400.0,27,Basic,4,111.5,446.0,44,0,0.346,3,7.39,1,54,0,0,1
107660,29,Female,South,18800.0,35,Standard,10,55.14,551.4,12,1,0.748,4,19.61,3,362,2,1,0
107661,51,Male,North,50900.0,17,Basic,2,37.59,75.18,77,1,0.189,8,22.93,0,0,2,1,1
107662,31,Male,North,15400.0,21,Basic,9,23.03,207.27,107,0,0.556,9,23.61,1,373,0,0,1
107663,28,Male,North,42600.0,59,Basic,4,64.9,259.6,20,1,0.423,4,9.45,2,279,1,0,1
107664,32,Non-binary,South,35300.0,44,Standard,6,36.5,219.0,78,0,0.075,11,6.62,1,32,0,0,1
107665,53,Female,North,71800.0,23,Basic,4,34.38,137.52,4,0,0.12,5,20.31,1,146,2,1,0
107666,37,Female,North,46500.0,27,Standard,4,71.62,286.48,27,0,0.934,8,1.04,0,71,0,1,0
107667,30,Male,North,15000.0,22,Premium,9,47.01,423.09,53,1,,14,11.06,0,395,0,1,0
107668,51,Female,North,,40,Basic,4,5.64,22.56,28,0,0.231,2,25.69,1,258,0,1,0
107669,67,Male,South,75700.0,16,Standard,7,68.71,480.97,3,1,0.807,7,13.8,0,37,0,1,0
107670,42,Male,West,57300.0,40,Standard,11,184.15,2025.65,116,3,0.137,8,8.06,0,1235,0,0,1
107671,55,Female,East,32100.0,73,Basic,5,12.72,63.6,16,0,0.202,6,5.82,1,294,0,1,0
107672,52,Male,North,59100.0,29,Standard,10,53.12,531.2,14,1,0.373,18,1.99,1,410,0,0,0
107673,31,Female,South,26100.0,9,Standard,7,92.52,647.64,39,0,0.139,5,11.03,1,306,0,0,1
107674,39,Male,South,32400.0,24,Standard,8,56.58,452.64,42,1,0.165,8,6.34,2,147,1,1,0
107675,22,Female,North,22600.0,69,Basic,6,75.66,453.96,8,0,0.393,4,8.91,1,465,0,1,0
107676,36,Male,South,46800.0,27,Standard,7,34.64,242.48,44,0,0.728,4,19.77,2,158,0,0,0
107677,31,Female,South,30500.0,11,Basic,4,48.67,194.68,60,0,0.346,0,17.78,0,46,2,1,1
107678,34,Male,East,15400.0,23,Basic,7,55.06,385.42,108,0,0.481,7,2.55,1,426,2,0,1
107679,29,Male,West,40100.0,62,Basic,4,12.16,48.64,73,0,0.593,6,3.75,1,0,1,1,0
107680,35,Male,East,39200.0,16,Basic,4,34.14,136.56,33,0,0.596,11,9.5,2,138,0,0,1
107681,46,Male,North,41500.0,63,Basic,4,49.61,198.44,10,0,0.568,4,6.94,2,142,1,1,0
107682,37,Male,North,41700.0,22,Premium,10,35.52,355.2,18,2,0.531,2,10.49,0,330,0,0,0
107683,18,Male,Central,23100.0,106,Premium,12,55.51,666.12,65,0,0.552,7,4.37,1,452,1,0,0
107684,29,Male,West,39100.0,18,Basic,8,33.57,268.56,10,1,0.17,5,12.44,1,26,0,0,1
107685,19,Male,West,25500.0,13,Basic,8,35.35,282.8,77,0,0.449,11,16.69,1,226,1,1,1
107686,42,Male,Central,53100.0,2,Basic,6,84.23,505.38,28,0,0.808,8,6.76,2,441,0,1,0
107687,46,Male,East,53900.0,25,Basic,8,47.09,376.72,1,1,0.439,11,17.42,4,442,1,1,0
107688,42,Female,North,62300.0,22,Basic,8,13.68,109.44,39,1,0.575,3,2.75,3,191,0,0,1
107689,29,Male,West,60600.0,69,Standard,10,113.02,1130.2,10,0,0.467,15,9.12,1,527,0,0,0
107690,42,Female,North,50600.0,48,Basic,9,31.13,280.17,155,0,0.072,2,4.88,1,0,0,1,1
107691,33,Female,West,33500.0,61,Standard,6,52.56,315.36,24,3,0.491,10,8.04,0,388,2,0,1
107692,24,Non-binary,South,15000.0,52,Premium,10,219.18,2191.8,9,0,0.248,6,7.68,2,827,0,0,0
107693,49,Female,North,66500.0,25,Basic,4,27.54,110.16,0,0,0.364,6,7.96,0,0,0,1,0
107694,50,Female,North,45800.0,120,Standard,8,79.25,634.0,105,0,0.29,1,22.37,1,355,1,1,0
107695,51,Male,South,92200.0,24,Basic,10,22.89,228.9,2,2,0.671,7,13.21,2,0,0,1,0
107696,31,Male,East,79300.0,35,Standard,10,109.29,1092.9,31,1,0.398,11,10.11,1,642,1,0,0
107697,54,Female,North,59200.0,84,Basic,5,35.36,176.8,19,0,0.273,9,2.49,2,0,0,1,0
107698,33,Male,North,18900.0,49,Standard,8,47.59,380.72,191,0,0.28,14,9.24,1,443,0,1,1
107699,47,Female,South,64700.0,29,Basic,7,5.21,36.47,6,0,0.62,14,5.03,2,72,2,0,0
107700,32,Female,West,,39,Premium,9,134.47,1210.23,8,0,0.446,11,14.36,1,698,2,1,0
107701,36,Female,West,26700.0,16,Basic,4,22.14,88.56,14,0,0.405,0,3.48,1,0,1,1,0
107702,18,Female,West,54600.0,20,Basic,5,62.73,313.65,9,0,0.691,7,3.89,3,218,1,1,0
107703,35,Male,South,18300.0,35,Basic,4,45.03,180.12,5,0,0.301,5,16.3,0,106,0,1,0
107704,40,Male,South,28500.0,11,Basic,3,48.11,144.33,22,1,0.591,6,20.61,2,186,2,0,1
107705,34,Male,South,47500.0,15,Standard,7,46.38,324.66,12,0,0.477,14,11.28,0,189,1,1,0
107706,62,Male,North,84000.0,5,Premium,9,78.6,707.4,7,1,0.258,3,12.49,0,250,1,1,0
107707,24,Male,North,,26,Standard,5,26.3,131.5,116,0,0.275,6,10.83,1,186,1,1,1
107708,32,Male,Central,47600.0,29,Standard,6,18.83,112.98,19,0,0.579,14,6.08,2,303,1,1,0
107709,27,Female,East,52000.0,54,Standard,12,135.69,1628.28,22,0,0.035,5,10.38,1,943,0,0,0
107710,32,Male,North,58400.0,13,Basic,4,84.99,339.96,46,0,0.165,7,6.83,0,185,1,0,1
107711,52,Male,East,51600.0,20,Premium,17,30.45,517.65,96,0,0.153,13,13.89,3,254,1,1,1
107712,58,Female,South,53900.0,45,Premium,17,38.94,661.98,37,1,0.659,7,22.94,1,599,0,1,0
107713,30,Female,South,54200.0,51,Basic,2,35.84,71.68,107,0,0.448,7,10.7,3,79,0,0,1
107714,30,Female,West,45800.0,49,Basic,6,27.23,163.38,64,0,0.596,7,3.45,2,141,1,0,1
107715,24,Female,West,41900.0,14,Standard,6,57.77,346.62,7,1,0.24,5,2.61,1,88,1,0,1
107716,56,Male,West,54800.0,6,Premium,12,50.98,611.76,134,0,0.565,10,11.83,6,308,0,0,1
107717,54,Female,Central,71100.0,29,Standard,2,52.14,104.28,23,0,0.729,5,12.57,1,0,0,0,0
107718,38,Female,South,31700.0,26,Basic,6,31.04,186.24,60,0,0.323,7,3.53,4,434,1,1,1
107719,21,Female,West,34300.0,30,Basic,6,54.19,325.14,63,1,0.371,4,9.54,0,0,0,0,1
107720,22,Male,Central,33400.0,34,Basic,2,47.24,94.48,14,0,0.233,4,11.44,0,135,2,0,0
107721,41,Female,South,51500.0,38,Premium,10,114.45,1144.5,23,0,0.208,5,12.94,1,765,1,0,0
107722,46,Female,West,65500.0,38,Standard,5,40.27,201.35,12,0,0.476,7,5.8,1,130,0,1,0
107723,18,Male,Central,15000.0,20,Standard,6,18.35,110.1,3,0,0.454,18,6.5,0,33,0,0,0
107724,35,Male,East,53600.0,23,Basic,4,101.73,406.92,20,1,,11,17.16,0,403,1,1,0
107725,60,Male,North,68200.0,18,Basic,10,75.28,752.8,85,0,0.092,2,2.43,1,320,0,1,1
107726,36,Male,South,34000.0,46,Standard,8,50.78,406.24,35,0,0.467,1,15.92,1,535,0,1,0
107727,58,Female,West,47500.0,11,Basic,8,19.53,156.24,23,1,0.252,10,12.75,2,59,0,1,1
107728,47,Male,Central,82000.0,80,Basic,8,63.59,508.72,124,0,0.283,8,10.12,2,603,0,1,1
107729,25,Male,North,33700.0,26,Standard,7,10.45,73.15,2,0,0.223,2,11.17,1,0,1,1,0
107730,35,Male,South,39200.0,26,Standard,6,167.05,1002.3,22,1,0.315,3,4.02,1,467,1,1,0
107731,37,Female,South,30000.0,23,Standard,6,67.93,407.58,10,1,0.703,1,5.92,1,458,0,1,1
107732,27,Male,South,51800.0,47,Basic,2,15.82,31.64,13,0,0.299,1,3.09,2,0,0,0,1
107733,26,Female,West,49800.0,28,Basic,1,20.22,20.22,9,0,0.133,3,10.21,2,131,1,1,1
107734,59,Female,East,78400.0,19,Premium,6,61.67,370.02,22,0,0.146,2,8.73,0,156,1,1,0
107735,26,Male,East,34700.0,45,Basic,2,132.15,264.3,114,0,0.53,6,10.15,2,547,1,1,1
107736,53,Male,East,71800.0,16,Standard,9,45.12,406.08,11,0,0.502,0,4.11,2,148,1,1,0
107737,33,Female,East,30700.0,48,Standard,6,77.96,467.76,13,0,0.081,12,11.18,1,618,2,1,0
107738,39,Male,West,51000.0,8,Standard,11,10.44,114.84,15,1,0.489,1,7.29,0,119,0,1,1
107739,46,Female,North,,62,Standard,10,76.32,763.2,22,0,0.212,1,5.74,0,554,0,0,0
107740,31,Male,North,44100.0,16,Basic,4,72.14,288.56,183,0,0.516,17,21.49,0,241,0,0,1
107741,46,Female,West,29200.0,10,Basic,4,29.22,116.88,12,1,0.131,5,1.15,0,113,0,1,0
107742,18,Female,East,54200.0,21,Standard,9,31.02,279.18,4,0,0.468,10,4.82,0,0,1,1,0
107743,45,Male,South,76300.0,19,Basic,4,27.34,109.36,7,0,0.357,9,3.98,3,105,1,0,0
107744,18,Female,South,15000.0,34,Premium,18,94.81,1706.58,126,1,0.033,10,3.81,3,853,0,0,1
107745,36,Male,West,,9,Basic,2,38.15,76.3,51,0,0.499,11,4.45,3,170,1,1,1
107746,50,Female,North,37600.0,33,Standard,10,56.98,569.8,9,0,0.418,14,5.57,0,468,1,1,0
107747,47,Male,East,56700.0,21,Basic,5,22.0,110.0,12,0,0.804,9,18.48,0,110,1,0,0
107748,22,Female,North,15000.0,28,Standard,6,42.26,253.56,9,0,0.5,9,13.62,2,325,0,1,0
107749,24,Male,Central,29600.0,11,Basic,6,55.05,330.3,23,0,0.662,8,8.35,0,193,0,1,0
107750,30,Male,East,32600.0,26,Basic,3,20.01,60.03,30,0,0.381,6,11.03,1,231,1,1,1
107751,41,Male,West,66000.0,16,Premium,10,47.79,477.9,101,1,0.186,4,12.81,3,254,1,1,1
107752,18,Female,West,51400.0,6,Standard,10,7.25,72.5,4,0,0.286,6,5.19,1,228,2,1,0
107753,39,Male,West,71600.0,40,Standard,6,50.37,302.22,23,1,0.649,8,3.97,1,152,0,1,0
107754,43,Male,South,68000.0,14,Premium,11,267.14,2938.54,20,1,0.57,6,10.01,1,1173,1,1,0
107755,35,Female,North,45300.0,33,Basic,4,71.71,286.84,32,0,0.547,7,15.35,0,220,2,1,0
107756,46,Male,Central,60000.0,14,Basic,4,21.75,87.0,55,0,0.54,9,4.47,0,467,2,1,0
107757,42,Male,Central,56200.0,26,Standard,8,48.77,390.16,44,0,0.328,6,13.6,1,66,1,1,0
107758,32,Male,Central,24800.0,99,Basic,8,18.57,148.56,97,0,0.766,7,8.94,1,49,3,0,1
107759,18,Female,Central,44000.0,53,Standard,5,18.42,92.1,72,0,0.572,8,21.66,1,129,0,1,0
107760,41,Female,East,59500.0,75,Standard,4,140.91,563.64,5,0,0.374,16,28.57,1,354,0,1,0
107761,27,Non-binary,East,46900.0,55,Basic,4,42.41,169.64,61,0,0.111,11,19.04,0,61,0,1,0
107762,31,Male,West,15000.0,25,Standard,9,11.01,99.09,59,2,0.903,2,3.81,0,53,1,1,0
107763,45,Male,North,60000.0,47,Standard,5,46.6,233.0,59,0,0.274,10,4.87,1,379,0,1,0
107764,57,Non-binary,West,79100.0,23,Basic,6,53.56,321.36,5,0,0.186,10,8.99,1,9,3,1,0
107765,39,Female,West,47700.0,9,Standard,9,65.77,591.93,116,0,0.481,5,16.14,0,333,0,0,1
107766,46,Female,East,47600.0,31,Basic,6,156.05,936.3,15,0,0.218,6,9.74,3,578,0,1,0
107767,20,Male,South,15000.0,7,Basic,8,80.28,642.24,11,0,0.71,14,6.7,0,392,0,0,0
107768,42,Male,West,30700.0,22,Standard,4,48.9,195.6,11,0,0.674,4,10.43,1,0,0,0,1
107769,38,Non-binary,Central,49200.0,58,Basic,2,89.37,178.74,4,1,0.65,1,6.52,4,111,1,0,1
107770,55,Male,North,59900.0,51,Basic,4,20.9,83.6,28,1,0.37,9,16.09,2,394,0,1,0
107771,32,Female,South,37800.0,23,Standard,8,34.44,275.52,13,1,0.71,7,3.9,1,99,0,0,0
107772,36,Female,West,66500.0,74,Standard,6,116.07,696.42,38,0,0.458,12,1.44,0,651,0,1,0
107773,53,Female,West,43700.0,37,Basic,5,10.65,53.25,5,1,0.132,16,3.66,2,0,0,1,0
107774,38,Male,West,42200.0,42,Premium,11,217.03,2387.33,19,0,0.112,3,6.85,0,1384,0,1,0
107775,25,Female,East,58400.0,19,Basic,4,48.33,193.32,35,0,,8,6.49,1,126,0,1,0
107776,72,Male,North,74900.0,46,Basic,4,13.32,53.28,33,0,0.506,8,5.75,3,0,1,1,0
107777,25,Female,South,35600.0,24,Basic,2,35.43,70.86,120,0,0.215,8,4.58,2,0,1,1,1
107778,38,Female,Central,44500.0,12,Premium,9,130.1,1170.9,35,2,0.43,7,5.82,2,770,0,1,0
107779,44,Female,South,62600.0,37,Basic,3,26.27,78.81,56,0,0.185,3,3.5,1,224,0,1,1
107780,42,Male,South,22000.0,27,Standard,6,196.0,1176.0,3,0,0.238,6,2.0,0,476,0,0,0
107781,37,Female,South,43200.0,25,Basic,6,29.93,179.58,9,0,0.576,1,12.61,1,16,2,1,0
107782,37,Non-binary,South,46800.0,39,Premium,8,39.0,312.0,126,0,0.569,6,7.06,1,30,1,1,1
107783,36,Male,South,31100.0,7,Premium,15,38.89,583.35,3,1,0.641,4,10.18,0,282,0,1,0
107784,24,Female,West,38500.0,17,Basic,4,13.43,53.72,51,1,0.696,2,16.29,0,134,0,1,1
107785,67,Male,South,85600.0,34,Basic,6,25.12,150.72,99,0,0.367,2,1.79,1,62,1,1,1
107786,36,Female,East,51400.0,11,Basic,2,35.35,70.7,52,0,0.498,7,10.16,2,96,2,1,1
107787,47,Female,South,80500.0,15,Premium,10,191.68,1916.8,144,1,0.089,6,4.06,0,1065,2,0,1
107788,35,Female,Central,38100.0,46,Standard,8,7.16,57.28,66,1,0.617,8,12.49,1,197,1,1,1
107789,34,Male,North,50200.0,9,Premium,6,53.99,323.94,101,1,0.421,19,10.73,1,119,0,1,1
107790,33,Male,North,48900.0,53,Standard,7,60.29,422.03,105,0,0.365,6,3.64,2,251,0,0,1
107791,19,Female,South,25700.0,40,Standard,10,18.28,182.8,51,0,0.69,2,1.78,1,0,0,1,0
107792,37,Male,Central,61900.0,42,Premium,9,43.6,392.4,6,1,0.308,5,2.39,0,118,0,1,0
107793,34,Male,West,47200.0,10,Basic,2,31.79,63.58,3,1,0.568,9,1.84,2,101,1,1,1
107794,54,Male,East,45400.0,54,Basic,6,29.96,179.76,1,1,0.231,6,4.4,1,0,0,1,0
107795,23,Male,South,43300.0,30,Basic,9,30.06,270.54,50,0,0.168,9,5.3,0,56,2,1,1
107796,31,Male,South,33400.0,75,Standard,9,64.3,578.7,79,0,0.297,7,9.9,2,271,1,0,1
107797,27,Male,Central,,40,Standard,7,5.6,39.2,67,0,0.281,6,9.4,2,320,0,1,1
107798,58,Female,South,,25,Premium,8,30.65,245.2,20,0,0.599,9,18.48,0,0,0,1,0
107799,28,Male,West,47800.0,8,Standard,11,64.55,710.05,22,0,0.269,18,11.94,1,566,1,0,0
107800,46,Female,West,69700.0,35,Basic,4,30.55,122.2,65,1,0.357,8,3.73,0,319,1,1,0
107801,52,Male,West,58100.0,50,Premium,8,43.24,345.92,24,0,0.297,7,21.98,2,340,1,1,0
107802,37,Male,South,43000.0,45,Premium,10,72.2,722.0,44,1,0.268,5,4.09,0,308,0,1,0
107803,21,Female,South,15000.0,12,Basic,10,40.43,404.3,8,1,0.245,12,1.51,0,136,1,1,0
107804,21,Female,North,20900.0,73,Premium,14,69.92,978.88,50,1,0.652,6,8.88,0,656,1,1,0
107805,50,Male,Central,45100.0,17,Basic,3,32.15,96.45,19,0,,11,7.55,1,0,0,1,0
107806,23,Male,West,37100.0,52,Standard,5,26.35,131.75,8,0,0.46,10,10.34,1,92,0,1,0
107807,44,Male,South,51200.0,13,Standard,8,45.68,365.44,1,1,0.149,7,12.83,3,386,0,0,0
107808,40,Male,Central,36200.0,13,Basic,3,118.18,354.54,0,2,0.155,1,13.37,1,299,3,1,1
107809,44,Female,North,54800.0,14,Standard,7,67.12,469.84,41,0,0.307,12,2.36,1,163,1,1,0
107810,45,Female,North,52700.0,14,Standard,2,54.9,109.8,39,0,0.322,10,9.69,1,167,1,0,1
107811,27,Male,North,15000.0,9,Standard,9,18.98,170.82,83,0,0.189,4,8.51,1,0,1,1,1
107812,26,Female,Central,51100.0,12,Standard,5,22.57,112.85,185,0,0.36,7,5.38,4,236,1,1,1
107813,48,Male,North,70700.0,3,Basic,3,11.46,34.38,1,0,0.256,11,21.78,0,0,0,0,1
107814,31,Female,North,37000.0,5,Basic,7,5.14,35.98,43,0,0.501,16,14.23,2,331,1,0,1
107815,18,Female,North,32900.0,85,Basic,2,71.6,143.2,24,0,0.876,11,5.01,0,0,2,0,0
107816,47,Male,South,51000.0,33,Basic,3,15.68,47.04,83,0,0.408,8,6.11,1,126,1,1,1
107817,26,Male,East,15000.0,26,Basic,7,44.18,309.26,158,0,0.513,5,13.89,0,241,0,1,1
107818,45,Male,South,83900.0,32,Standard,6,93.56,561.36,10,0,0.365,2,10.86,1,141,0,1,0
107819,57,Female,West,75500.0,19,Basic,5,61.77,308.85,50,0,0.198,5,10.2,0,0,0,1,0
107820,39,Male,Central,61100.0,25,Standard,9,84.68,762.12,39,0,0.562,6,4.87,0,526,1,1,1
107821,52,Female,South,56300.0,20,Premium,16,281.95,4511.2,87,1,0.389,9,3.9,2,2409,1,0,1
107822,41,Male,Central,65600.0,37,Basic,3,5.0,15.0,5,1,0.557,7,7.24,2,0,0,1,1
107823,60,Male,West,48700.0,48,Basic,4,16.14,64.56,56,0,0.284,3,13.98,4,84,0,1,1
107824,25,Female,Central,31200.0,15,Basic,5,13.67,68.35,6,0,0.295,5,9.49,3,284,0,0,1
107825,39,Male,North,58300.0,11,Standard,5,34.95,174.75,97,1,0.578,7,1.88,0,146,2,0,1
107826,48,Male,West,47700.0,17,Basic,7,42.48,297.36,31,1,0.564,8,4.93,0,194,1,0,0
107827,37,Male,East,58800.0,15,Basic,4,54.5,218.0,14,1,0.609,11,7.61,2,51,2,0,1
107828,54,Male,North,66500.0,38,Premium,10,30.79,307.9,125,1,0.361,8,3.04,0,193,0,1,1
107829,33,Female,West,45200.0,26,Standard,6,47.8,286.8,16,0,0.433,2,12.85,1,149,0,1,0
107830,66,Male,South,63500.0,12,Basic,10,26.34,263.4,9,0,0.686,15,13.36,3,619,0,1,0
107831,67,Female,West,80200.0,87,Standard,7,55.78,390.46,7,0,0.38,4,6.16,0,89,2,1,0
107832,43,Female,East,78800.0,5,Basic,2,17.36,34.72,174,0,0.156,9,11.98,1,0,0,1,1
107833,46,Male,East,57100.0,42,Premium,12,90.6,1087.2,26,0,0.296,5,4.25,0,421,2,1,0
107834,54,Female,North,70000.0,15,Premium,9,44.75,402.75,123,1,0.21,12,2.59,0,195,1,0,1
107835,24,Non-binary,Central,43500.0,20,Basic,6,54.99,329.94,8,0,0.447,8,3.44,2,66,0,0,0
107836,22,Female,North,15800.0,34,Premium,5,34.63,173.15,55,0,0.262,2,13.08,1,312,0,1,0
107837,55,Female,West,61300.0,2,Standard,2,23.18,46.36,8,0,0.113,0,1.42,0,0,0,1,1
107838,43,Female,West,49500.0,35,Basic,1,18.69,18.69,6,0,0.5,6,7.11,5,142,2,1,1
107839,36,Female,North,15400.0,46,Standard,6,92.75,556.5,24,0,0.134,1,4.87,1,367,2,1,0
107840,39,Female,East,59000.0,55,Basic,8,39.3,314.4,2,0,0.395,2,11.54,2,205,0,0,0
107841,18,Female,Central,15000.0,14,Basic,6,7.44,44.64,25,0,0.394,8,4.84,1,229,0,1,1
107842,37,Female,Central,55600.0,42,Standard,11,95.87,1054.57,16,0,0.32,11,11.73,4,602,0,1,0
107843,29,Female,North,27800.0,50,Basic,8,24.42,195.36,47,0,0.402,9,22.69,1,25,0,1,0
107844,51,Female,North,87900.0,49,Premium,9,97.0,873.0,14,1,0.381,17,2.3,5,615,2,0,0
107845,52,Female,North,56400.0,30,Basic,6,13.74,82.44,115,0,0.414,3,8.73,2,266,0,0,1
107846,46,Female,West,81500.0,57,Standard,8,87.21,697.68,2,0,0.174,8,9.26,1,776,1,0,0
107847,44,Female,North,50300.0,96,Standard,4,30.75,123.0,180,0,0.441,9,2.03,2,24,0,0,1
107848,20,Female,North,29200.0,25,Premium,12,102.75,1233.0,49,0,0.126,3,1.6,1,883,1,0,1
107849,47,Female,South,77500.0,15,Basic,7,37.46,262.22,34,1,0.657,6,10.44,3,195,0,0,1
107850,47,Female,Central,42700.0,31,Basic,4,21.97,87.88,29,0,0.273,11,6.45,2,213,0,1,0
107851,55,Female,South,63800.0,19,Premium,8,40.64,325.12,25,0,0.358,2,16.57,3,328,3,0,1
107852,67,Male,West,82100.0,17,Basic,9,58.29,524.61,42,0,0.758,3,4.63,2,0,2,0,1
107853,18,Female,North,33700.0,77,Standard,6,56.37,338.22,80,0,0.444,5,2.08,2,308,0,1,0
107854,34,Female,East,43800.0,21,Basic,4,28.24,112.96,18,0,0.355,7,8.6,3,193,0,1,1
107855,29,Male,East,37100.0,20,Standard,5,31.25,156.25,134,0,0.647,12,8.94,1,0,0,1,1
107856,41,Male,Central,61700.0,17,Basic,4,20.4,81.6,70,0,0.671,4,14.93,1,27,0,1,1
107857,39,Female,West,50400.0,34,Standard,4,18.52,74.08,13,0,0.11,7,9.8,1,251,0,0,0
107858,36,Male,North,58600.0,40,Standard,9,32.58,293.22,31,0,0.616,10,7.93,1,145,1,1,0
107859,52,Male,South,65800.0,62,Standard,9,34.36,309.24,16,0,0.399,2,3.06,1,397,0,0,0
107860,25,Non-binary,North,43800.0,11,Basic,4,31.5,126.0,6,0,0.256,10,6.7,0,110,0,0,0
107861,25,Male,South,50500.0,61,Basic,5,30.55,152.75,19,0,0.088,3,14.99,1,214,0,1,0
107862,26,Male,Central,31300.0,13,Basic,6,16.69,100.14,46,1,0.276,11,22.34,1,64,1,1,1
107863,34,Male,South,58700.0,11,Basic,3,36.04,108.12,40,0,0.237,8,18.59,1,259,1,0,1
107864,23,Female,Central,30600.0,23,Basic,3,41.02,123.06,31,1,0.821,4,9.96,2,0,1,0,1
107865,38,Male,North,27400.0,12,Standard,4,42.34,169.36,111,0,0.489,5,5.06,2,262,0,0,1
107866,37,Male,Central,41400.0,34,Premium,10,61.43,614.3,8,2,0.447,3,14.23,0,637,1,1,0
107867,29,Female,Central,,17,Standard,9,52.66,473.94,15,2,0.302,11,10.85,0,195,1,1,0
107868,50,Female,West,63700.0,47,Basic,5,35.79,178.95,79,0,0.053,0,12.08,1,188,0,1,1
107869,38,Male,North,43000.0,38,Premium,11,153.49,1688.39,34,0,0.582,9,2.41,0,671,0,0,0
107870,53,Male,Central,63000.0,40,Basic,3,17.08,51.24,2,0,0.299,5,11.7,0,23,2,0,0
107871,36,Male,Central,59300.0,32,Basic,6,73.87,443.22,13,0,0.587,6,15.28,1,222,1,1,1
107872,39,Female,North,68800.0,31,Basic,7,26.28,183.96,9,0,0.7,3,5.08,3,0,1,1,0
107873,32,Male,Central,45400.0,16,Standard,9,13.27,119.43,39,1,0.654,9,3.22,1,274,2,0,1
107874,39,Female,Central,63100.0,17,Basic,6,29.12,174.72,8,1,0.17,14,13.04,2,355,2,1,0
107875,48,Male,North,54000.0,18,Basic,7,37.54,262.78,47,0,0.34,10,10.94,2,134,1,0,1
107876,34,Female,South,21300.0,45,Basic,4,58.86,235.44,33,0,0.446,8,3.36,1,184,1,1,0
107877,46,Female,South,38100.0,34,Standard,4,28.36,113.44,66,0,0.149,5,6.12,2,0,0,0,1
107878,28,Female,East,34800.0,18,Premium,10,131.06,1310.6,20,1,0.079,3,9.16,1,589,0,1,1
107879,49,Female,Central,68600.0,27,Standard,4,114.88,459.52,86,0,0.435,7,9.79,4,478,0,0,1
107880,31,Female,Central,37600.0,60,Premium,10,105.1,1051.0,6,1,0.423,5,1.59,1,499,2,1,0
107881,50,Male,North,75000.0,1,Basic,3,75.09,225.27,21,0,0.534,3,2.41,1,41,0,1,1
107882,40,Female,East,74500.0,24,Standard,3,90.13,270.39,26,0,,12,5.64,1,206,2,1,1
107883,59,Male,East,54500.0,27,Premium,11,114.18,1255.98,68,0,0.387,11,4.76,3,653,1,1,0
107884,24,Male,South,63400.0,17,Standard,10,17.23,172.3,22,0,0.721,10,17.82,1,432,0,0,0
107885,20,Female,West,15000.0,8,Standard,5,35.73,178.65,41,1,0.273,8,17.44,1,47,2,1,1
107886,31,Male,East,66200.0,16,Basic,6,53.72,322.32,45,1,0.365,4,8.34,0,469,0,1,0
107887,21,Male,South,30400.0,14,Premium,6,150.55,903.3,14,1,0.65,1,2.06,0,518,0,1,0
107888,21,Male,South,27600.0,28,Basic,5,18.93,94.65,31,0,0.36,8,24.46,2,64,1,1,1
107889,47,Male,Central,55400.0,15,Standard,10,32.61,326.1,7,1,0.358,10,3.48,0,200,2,0,0
107890,39,Male,South,36800.0,27,Standard,7,39.49,276.43,14,0,0.282,4,6.84,3,0,0,1,0
107891,33,Non-binary,South,63300.0,69,Standard,10,86.65,866.5,38,1,0.345,11,5.49,1,571,1,1,0
107892,34,Female,Central,33500.0,11,Standard,7,80.94,566.58,146,1,0.616,2,5.27,0,445,0,1,1
107893,31,Female,Central,,50,Premium,14,120.76,1690.64,71,2,0.39,8,5.92,1,1005,0,1,1
107894,60,Male,West,48600.0,23,Premium,9,85.31,767.79,29,1,0.388,5,9.41,1,396,0,0,0
107895,29,Female,South,28200.0,3,Basic,5,36.92,184.6,66,0,0.368,13,6.47,0,3,0,1,0
107896,22,Male,East,,47,Basic,3,32.8,98.4,11,0,0.314,4,17.59,2,0,1,0,1
107897,49,Female,East,46700.0,47,Premium,11,138.5,1523.5,85,1,0.311,9,7.7,0,754,0,0,0
107898,36,Female,South,42600.0,11,Basic,6,25.81,154.86,24,0,0.529,8,1.01,1,98,1,0,0
107899,66,Male,North,58000.0,34,Standard,9,54.97,494.73,18,0,0.477,9,16.45,2,200,1,1,0
107900,32,Female,South,63600.0,22,Standard,2,32.35,64.7,72,0,0.222,5,26.83,1,246,1,0,1
107901,50,Female,East,56300.0,30,Premium,10,10.41,104.1,53,0,0.339,6,4.19,1,0,1,0,0
107902,53,Male,Central,66500.0,16,Basic,3,64.1,192.3,21,0,0.723,15,9.53,0,35,1,0,0
107903,32,Male,West,53400.0,12,Standard,8,41.97,335.76,31,1,0.553,6,3.44,0,105,0,1,0
107904,29,Male,North,66800.0,10,Basic,9,63.01,567.09,131,0,0.245,13,5.41,2,479,1,1,1
107905,49,Female,South,70200.0,56,Basic,4,17.45,69.8,13,1,0.204,5,10.9,3,0,1,0,0
107906,46,Male,East,51100.0,11,Standard,9,12.82,115.38,24,0,0.174,4,8.36,2,0,0,1,0
107907,21,Male,South,15800.0,34,Standard,7,15.6,109.2,67,0,0.666,15,13.64,1,0,0,1,0
107908,24,Male,North,38400.0,12,Basic,4,40.98,163.92,13,0,0.385,6,7.27,1,0,1,0,1
107909,18,Female,Central,42900.0,97,Basic,6,88.35,530.1,111,0,0.544,8,20.61,0,295,0,1,1
107910,47,Female,Central,57500.0,11,Premium,16,60.04,960.64,1,1,0.306,7,18.84,0,366,0,1,0
107911,36,Male,Central,46000.0,11,Standard,4,14.6,58.4,5,1,0.536,3,3.92,0,0,0,0,1
107912,37,Male,South,49000.0,61,Standard,7,81.01,567.07,67,0,0.196,6,4.99,0,232,1,0,1
107913,18,Female,West,15000.0,21,Basic,5,20.52,102.6,20,0,0.353,13,4.28,0,70,0,0,1
107914,25,Male,West,36700.0,9,Standard,4,113.23,452.92,4,0,0.262,13,1.6,0,332,1,1,0
107915,33,Male,East,52500.0,24,Basic,4,18.16,72.64,51,0,0.772,11,9.64,3,0,0,1,0
107916,30,Female,North,38800.0,13,Basic,6,76.29,457.74,9,0,0.527,5,4.18,0,260,1,1,0
107917,41,Male,North,65600.0,108,Premium,10,107.0,1070.0,108,0,0.467,3,17.02,0,705,2,1,0
107918,47,Female,South,71700.0,5,Basic,4,73.14,292.56,18,1,0.292,2,11.46,1,0,1,0,1
107919,69,Male,Central,69400.0,39,Standard,4,56.54,226.16,41,0,0.738,7,22.77,1,256,0,1,0
107920,39,Male,West,54100.0,63,Premium,10,167.81,1678.1,3,0,0.345,6,12.83,0,949,0,0,0
107921,54,Male,Central,62800.0,42,Standard,11,52.75,580.25,6,1,0.795,4,16.13,2,165,0,1,0
107922,28,Male,East,15000.0,15,Basic,3,51.55,154.65,58,0,0.74,8,3.73,1,133,0,1,1
107923,18,Male,North,25400.0,51,Basic,7,13.44,94.08,0,0,0.481,13,21.71,2,38,1,0,1
107924,34,Female,East,28800.0,28,Standard,7,115.1,805.7,4,1,0.26,3,9.58,0,459,0,0,1
107925,18,Male,North,29900.0,38,Standard,4,81.74,326.96,23,1,0.516,8,10.16,0,55,0,1,0
107926,39,Non-binary,Central,57500.0,43,Premium,7,20.17,141.19,12,0,0.362,4,4.0,0,465,1,1,0
107927,29,Female,South,35400.0,11,Standard,4,23.17,92.68,13,0,0.328,13,25.13,1,245,0,1,0
107928,18,Male,North,,36,Standard,3,34.05,102.15,21,0,0.39,8,8.82,0,0,0,1,0
107929,62,Female,East,73100.0,42,Basic,4,6.8,27.2,12,0,0.255,2,12.2,0,0,0,1,0
107930,32,Male,West,75500.0,24,Standard,7,109.0,763.0,45,0,0.382,4,9.12,0,346,1,1,0
107931,18,Male,East,,15,Basic,3,42.43,127.29,16,0,0.222,12,16.41,0,276,0,0,0
107932,51,Male,North,62600.0,23,Standard,10,28.65,286.5,46,0,0.57,5,0.88,2,310,1,1,0
107933,30,Male,West,,75,Standard,7,42.88,300.16,15,1,0.293,6,6.83,1,72,0,0,0
107934,53,Female,North,55300.0,34,Basic,4,117.33,469.32,0,0,0.478,6,8.8,2,458,1,1,0
107935,29,Male,East,37000.0,26,Basic,6,31.47,188.82,6,0,0.485,5,21.37,0,406,0,1,0
107936,32,Male,East,36500.0,11,Standard,11,9.54,104.94,10,1,0.292,2,2.91,1,0,2,0,1
107937,43,Female,North,60200.0,51,Standard,7,159.06,1113.42,81,0,0.103,10,2.72,1,737,1,1,0
107938,47,Female,South,52200.0,36,Standard,4,6.24,24.96,48,0,0.571,6,3.2,1,0,0,0,1
107939,49,Male,North,,18,Premium,10,179.18,1791.8,10,1,0.702,3,8.75,3,875,1,0,0
107940,38,Male,South,64900.0,16,Basic,9,33.56,302.04,115,0,0.418,5,10.68,2,371,0,0,1
107941,46,Female,East,70400.0,10,Standard,9,52.33,470.97,29,1,0.396,7,7.09,1,564,1,0,1
107942,49,Female,South,49000.0,37,Basic,4,28.23,112.92,130,0,0.361,5,2.37,2,305,0,1,1
107943,42,Female,North,51500.0,5,Basic,5,17.76,88.8,13,0,0.375,10,7.18,2,122,0,1,1
107944,37,Male,West,63100.0,38,Standard,7,10.55,73.85,43,0,0.346,2,6.09,0,82,0,1,0
107945,20,Female,West,44400.0,5,Basic,4,16.33,65.32,2,0,0.589,22,9.79,4,217,0,1,0
107946,47,Female,Central,74600.0,22,Basic,6,21.2,127.2,30,1,0.676,6,7.96,1,129,0,1,0
107947,40,Male,Central,54100.0,52,Basic,6,21.65,129.9,15,0,0.493,7,,0,213,1,1,0
107948,34,Female,East,54000.0,4,Standard,10,38.55,385.5,19,0,0.577,6,15.44,1,116,1,0,0
107949,56,Male,South,83800.0,60,Premium,13,232.51,3022.63,39,2,0.358,4,3.66,1,1203,0,0,0
107950,20,Female,East,25100.0,16,Standard,9,42.15,379.35,68,0,0.331,1,4.72,1,96,0,1,1
107951,60,Female,West,74100.0,23,Standard,4,64.79,259.16,31,0,0.306,11,7.08,1,274,2,1,0
107952,39,Male,East,17900.0,16,Basic,2,40.48,80.96,12,0,0.626,3,7.47,1,140,1,1,0
107953,43,Male,Central,29600.0,17,Basic,3,23.47,70.41,7,1,0.531,9,12.7,0,82,0,1,1
107954,34,Male,East,,12,Standard,6,14.87,89.22,22,0,0.434,11,1.97,2,0,2,0,0
107955,18,Female,South,37100.0,48,Basic,0,86.27,0.0,40,0,0.276,9,1.94,1,166,2,1,1
107956,37,Female,West,40600.0,40,Standard,5,72.65,363.25,37,0,0.542,14,5.69,1,304,0,1,0
107957,43,Female,North,43300.0,11,Basic,5,79.12,395.6,29,0,0.229,4,15.77,0,64,1,1,1
107958,48,Male,Central,51500.0,34,Standard,7,57.2,400.4,38,0,0.872,5,4.86,0,231,2,1,0
107959,36,Female,South,47800.0,29,Standard,7,97.01,679.07,224,0,0.515,0,6.24,1,568,0,0,1
107960,18,Male,West,15000.0,19,Basic,1,28.18,28.18,24,0,0.196,10,17.99,0,196,2,0,0
107961,19,Male,East,35500.0,35,Standard,8,39.66,317.28,12,0,0.729,5,16.92,2,372,0,1,0
107962,66,Male,North,74100.0,22,Basic,3,51.21,153.63,122,0,,2,4.5,1,62,1,1,1
107963,25,Female,West,38100.0,44,Basic,3,9.42,28.26,79,0,0.339,7,15.84,2,99,1,1,1
107964,58,Female,South,64300.0,13,Basic,7,50.36,352.52,57,1,0.309,5,10.09,3,344,0,1,1
107965,27,Male,South,17200.0,42,Premium,11,47.67,524.37,36,0,0.15,6,18.12,1,330,0,0,0
107966,37,Male,North,30700.0,5,Basic,4,30.57,122.28,33,0,0.264,5,10.5,1,0,0,1,1
107967,47,Male,West,76900.0,27,Premium,8,83.08,664.64,29,0,0.591,5,2.76,0,167,1,1,0
107968,28,Male,Central,28500.0,25,Basic,4,22.25,89.0,34,0,0.621,7,7.65,2,260,0,0,1
107969,60,Female,North,79200.0,13,Basic,3,23.85,71.55,45,1,0.761,9,6.14,1,0,1,1,1
107970,40,Female,West,33700.0,36,Premium,9,91.64,824.76,129,1,0.263,5,3.06,2,739,1,0,1
107971,45,Female,Central,53400.0,38,Basic,7,52.39,366.73,55,0,0.429,3,3.49,1,35,0,1,1
107972,36,Male,North,38900.0,16,Basic,3,154.3,462.9,46,0,0.346,10,7.28,2,525,1,0,1
107973,48,Male,Central,52500.0,19,Standard,9,84.25,758.25,29,1,0.651,8,5.26,2,337,0,1,1
107974,60,Male,North,63100.0,32,Basic,5,49.72,248.6,9,0,0.778,14,,0,368,0,1,0
107975,37,Male,West,66300.0,6,Standard,10,10.86,108.6,30,0,0.204,4,16.62,0,265,1,0,1
107976,61,Female,East,95800.0,16,Basic,4,110.0,440.0,18,0,0.13,4,1.67,1,107,0,0,0
107977,31,Male,Central,43700.0,17,Premium,12,196.1,2353.2,7,0,0.522,13,2.43,1,1611,2,0,0
107978,49,Male,South,51700.0,20,Standard,5,18.14,90.7,14,0,0.427,9,12.37,2,95,3,0,0
107979,45,Female,South,35000.0,43,Basic,1,54.14,54.14,38,0,0.393,8,3.37,0,31,0,1,0
107980,25,Male,West,15100.0,41,Basic,5,43.06,215.3,15,1,0.662,6,20.42,1,0,0,0,0
107981,42,Male,West,71100.0,12,Basic,4,56.35,225.4,17,0,0.242,3,,1,294,1,0,1
107982,39,Male,East,27400.0,27,Basic,5,37.54,187.7,71,1,0.615,6,4.27,1,182,1,0,1
107983,28,Female,East,31300.0,31,Premium,6,83.99,503.94,49,0,0.191,17,4.33,2,388,0,0,1
107984,44,Male,West,54900.0,35,Basic,8,82.75,662.0,4,0,0.504,1,,0,705,3,1,0
107985,41,Male,North,15000.0,9,Basic,3,89.93,269.79,6,0,0.517,9,2.45,1,360,1,1,1
107986,38,Male,North,29500.0,3,Standard,6,22.98,137.88,11,0,0.639,10,13.49,2,550,0,0,1
107987,38,Female,North,28300.0,82,Basic,5,5.0,25.0,147,2,0.458,3,4.44,1,81,0,0,1
107988,38,Female,North,37700.0,14,Basic,9,9.92,89.28,102,0,0.402,5,7.72,3,501,2,1,1
107989,34,Male,West,46800.0,24,Basic,3,13.71,41.13,14,0,0.437,8,4.88,0,57,0,0,1
107990,41,Female,South,64200.0,31,Basic,5,21.45,107.25,68,0,0.544,11,17.97,1,92,0,1,0
107991,31,Female,East,31100.0,23,Premium,13,42.76,555.88,61,3,0.397,4,1.13,1,228,1,1,0
107992,74,Male,North,74700.0,24,Basic,4,92.08,368.32,28,0,0.754,14,22.22,1,565,0,1,0
107993,21,Female,Central,29200.0,30,Basic,6,41.24,247.44,48,1,0.5,2,7.75,2,278,1,0,1
107994,31,Female,North,29100.0,13,Standard,2,36.41,72.82,52,0,0.369,16,10.34,2,114,0,0,1
107995,32,Male,North,47100.0,14,Standard,7,79.82,558.74,7,0,0.614,8,1.39,3,439,1,1,0
107996,66,Female,West,79900.0,14,Basic,7,37.46,262.22,100,2,0.518,13,14.89,0,42,0,1,1
107997,22,Male,North,15000.0,33,Standard,8,45.73,365.84,21,1,0.229,5,14.9,4,152,0,1,1
107998,45,Female,West,62600.0,39,Standard,8,22.36,178.88,1,0,0.25,4,4.48,0,287,0,1,0
107999,42,Female,South,52600.0,12,Basic,8,20.58,164.64,130,0,0.186,5,2.52,2,203,0,1,1
108000,43,Female,West,55400.0,13,Premium,7,52.29,366.03,4,0,0.513,6,5.13,1,267,1,1,0
108001,55,Female,North,79700.0,36,Premium,11,28.6,314.6,37,1,0.665,12,2.0,0,312,1,1,0
108002,55,Female,South,38100.0,43,Basic,3,45.66,136.98,26,0,0.673,17,14.81,0,273,1,1,0
108003,33,Male,East,24700.0,46,Basic,5,38.16,190.8,27,0,0.477,12,12.77,0,0,1,0,0
108004,42,Male,East,49800.0,15,Standard,5,29.94,149.7,25,0,0.146,8,21.59,1,592,0,1,0
108005,18,Female,West,15000.0,34,Basic,8,35.47,283.76,15,2,0.318,6,12.34,2,298,0,0,1
108006,40,Female,South,45900.0,69,Basic,6,76.65,459.9,97,0,0.278,1,10.03,0,97,0,1,1
108007,29,Male,West,50300.0,17,Basic,1,56.24,56.24,4,0,0.47,8,6.35,0,0,0,1,0
108008,37,Female,North,51600.0,41,Basic,3,43.51,130.53,30,0,0.356,6,4.27,0,0,3,1,0
108009,18,Female,West,29100.0,27,Basic,1,15.49,15.49,32,0,0.296,7,11.85,0,24,0,1,1
108010,44,Female,Central,49400.0,91,Standard,4,136.2,544.8,77,1,0.791,10,11.11,2,380,0,1,0
108011,18,Female,North,22000.0,3,Standard,4,39.36,157.44,49,2,0.453,2,36.12,3,131,0,1,1
108012,41,Male,North,43100.0,30,Standard,13,92.83,1206.79,10,0,0.173,7,7.92,0,624,0,0,0
108013,23,Female,West,36000.0,58,Standard,6,68.29,409.74,170,0,0.333,14,8.86,0,552,2,1,1
108014,28,Male,Central,,11,Basic,7,27.26,190.82,9,0,0.778,7,0.96,1,322,1,0,0
108015,54,Female,East,82700.0,41,Basic,2,14.11,28.22,43,0,0.207,3,5.65,0,249,0,1,1
108016,47,Female,East,45200.0,18,Basic,4,57.87,231.48,22,0,0.22,5,1.28,1,231,0,0,1
108017,54,Male,West,70000.0,5,Standard,7,58.12,406.84,15,1,0.444,8,5.78,1,224,0,1,0
108018,59,Female,South,68100.0,17,Basic,7,8.49,59.43,90,0,0.425,6,11.61,3,225,0,0,1
108019,29,Male,Central,22300.0,12,Basic,4,34.23,136.92,56,0,0.124,14,7.26,3,0,0,0,1
108020,58,Male,West,84100.0,50,Basic,10,21.43,214.3,41,1,0.125,16,11.85,0,503,1,0,1
108021,20,Male,Central,45000.0,92,Standard,8,45.64,365.12,26,0,0.337,12,17.39,1,47,0,1,0
108022,49,Female,Central,35500.0,18,Standard,9,63.21,568.89,12,1,0.432,10,7.53,0,355,0,0,0
108023,33,Female,Central,41200.0,17,Standard,3,21.86,65.58,50,2,0.386,11,19.21,1,203,0,1,1
108024,27,Female,North,39500.0,4,Standard,5,73.91,369.55,56,1,0.442,6,3.17,1,161,0,1,1
108025,47,Male,Central,26600.0,47,Basic,9,11.6,104.4,19,0,0.302,4,18.83,0,0,1,1,0
108026,51,Male,South,29700.0,65,Standard,9,82.07,738.63,1,0,0.409,10,12.82,3,517,0,1,0
108027,51,Female,South,47700.0,36,Basic,4,56.63,226.52,22,0,0.398,8,6.02,0,166,1,0,0
108028,42,Female,South,32400.0,17,Standard,5,75.52,377.6,17,0,0.569,7,4.43,1,281,1,0,0
108029,41,Female,South,35200.0,31,Standard,8,11.08,88.64,25,0,0.244,6,10.11,0,281,1,1,0
108030,46,Female,South,36200.0,46,Basic,4,7.41,29.64,49,0,0.288,8,13.23,2,271,2,1,1
108031,43,Female,East,50000.0,23,Basic,2,6.99,13.98,3,0,0.518,3,11.17,1,43,0,0,1
108032,46,Male,North,42100.0,39,Basic,2,9.13,18.26,36,1,0.211,8,8.52,1,47,1,0,1
108033,42,Male,South,66400.0,19,Standard,5,50.99,254.95,23,0,0.082,3,6.47,1,106,1,0,0
108034,50,Female,South,60900.0,8,Basic,10,47.4,474.0,3,1,0.528,3,8.45,1,232,1,1,1
108035,18,Female,West,39100.0,44,Premium,13,60.84,790.92,43,1,0.248,7,10.72,3,510,0,0,1
108036,37,Female,East,22400.0,28,Standard,7,55.36,387.52,47,0,0.638,2,9.78,0,287,0,1,0
108037,21,Female,West,22100.0,31,Basic,7,36.21,253.47,13,0,0.612,10,12.68,0,249,0,0,0
108038,43,Male,West,53700.0,48,Basic,5,32.95,164.75,6,0,0.42,13,7.11,0,230,0,1,1
108039,60,Female,West,74200.0,13,Basic,5,35.72,178.6,39,0,0.537,6,27.81,1,0,2,1,1
108040,33,Non-binary,South,33200.0,18,Standard,8,60.53,484.24,8,0,0.75,13,8.9,0,510,0,1,1
108041,41,Male,East,42800.0,64,Premium,14,121.66,1703.24,17,3,0.589,5,4.57,2,786,0,1,0
108042,49,Male,East,52000.0,30,Standard,6,114.84,689.04,0,0,0.56,18,11.4,2,544,4,1,0
108043,18,Male,North,23800.0,46,Basic,3,7.58,22.74,102,0,,8,4.55,3,0,0,0,1
108044,32,Male,Central,71600.0,26,Basic,7,53.91,377.37,93,0,0.343,8,4.41,2,378,0,1,1
108045,44,Non-binary,North,57100.0,38,Premium,10,70.04,700.4,11,0,0.456,5,10.06,0,163,0,0,0
108046,18,Female,Central,28600.0,39,Basic,6,78.11,468.66,35,0,0.556,12,7.67,1,289,0,0,0
108047,26,Non-binary,North,18000.0,16,Standard,6,95.96,575.76,18,0,0.136,6,10.49,1,567,1,0,1
108048,53,Female,West,44000.0,96,Basic,5,5.39,26.95,10,0,0.091,3,8.55,1,254,0,1,0
108049,52,Female,South,57300.0,31,Basic,2,16.25,32.5,50,0,0.134,4,15.17,0,0,1,0,1
108050,44,Male,Central,,6,Basic,5,36.45,182.25,36,1,0.845,15,3.73,5,344,0,0,1
108051,50,Female,West,55600.0,8,Basic,2,36.44,72.88,20,0,0.731,5,7.85,0,0,2,1,0
108052,42,Female,North,48600.0,18,Basic,8,15.51,124.08,17,0,0.381,7,3.97,2,0,2,0,1
108053,46,Female,North,44200.0,5,Standard,11,112.12,1233.32,41,1,0.395,3,11.39,2,705,1,1,1
108054,35,Female,East,19800.0,58,Basic,8,23.47,187.76,5,1,0.799,11,1.9,2,162,1,1,1
108055,41,Female,North,56000.0,16,Standard,7,33.55,234.85,120,1,0.756,11,9.02,1,390,1,1,1
108056,31,Female,North,36800.0,10,Basic,7,9.37,65.59,27,0,0.43,5,6.15,2,116,1,1,1
108057,55,Male,Central,69400.0,33,Standard,10,45.95,459.5,13,0,0.432,3,6.21,2,564,1,1,0
108058,59,Male,East,69100.0,39,Basic,7,23.51,164.57,6,0,0.112,8,15.07,0,92,2,1,0
108059,57,Female,North,51600.0,19,Premium,19,135.22,2569.18,33,1,0.352,9,0.56,0,1367,0,1,0
108060,34,Male,East,46400.0,39,Basic,8,21.49,171.92,1,0,0.203,22,1.02,1,387,1,0,0
108061,27,Male,North,18500.0,45,Basic,6,12.61,75.66,168,0,0.497,5,8.71,0,56,1,0,1
108062,56,Male,West,67100.0,19,Standard,8,43.0,344.0,32,0,0.142,10,11.12,1,116,0,1,0
108063,46,Male,North,53700.0,9,Standard,8,30.75,246.0,63,0,0.096,13,5.51,3,473,0,1,1
108064,43,Male,South,73300.0,17,Standard,8,38.43,307.44,16,0,0.121,5,5.71,2,137,0,1,0
108065,31,Female,South,28200.0,22,Basic,7,33.34,233.38,32,0,0.183,0,2.87,1,0,1,0,1
108066,45,Male,Central,35100.0,27,Standard,7,47.66,333.62,30,0,0.621,4,14.74,1,290,0,1,0
108067,25,Male,North,28900.0,46,Basic,4,18.61,74.44,17,1,0.579,14,3.46,1,485,0,1,0
108068,47,Male,West,64100.0,22,Basic,5,38.02,190.1,29,0,0.286,7,14.83,1,68,0,0,0
108069,57,Female,East,25900.0,14,Standard,7,78.91,552.37,98,1,0.052,3,5.05,1,13,0,1,1
108070,60,Male,West,80200.0,17,Standard,7,41.04,287.28,70,1,0.27,4,10.98,1,307,1,1,1
108071,48,Male,North,53600.0,30,Basic,3,45.81,137.43,98,0,0.549,6,1.93,2,178,0,1,1
108072,21,Female,Central,15000.0,32,Standard,5,48.46,242.3,1,1,0.409,7,7.62,4,233,0,1,0
108073,42,Male,Central,45700.0,72,Standard,9,45.19,406.71,64,0,0.514,5,7.39,1,268,0,0,0
108074,67,Male,North,64200.0,22,Standard,8,28.43,227.44,2,0,0.381,3,4.2,1,0,0,0,0
108075,28,Male,South,20300.0,14,Premium,8,54.87,438.96,1,1,0.494,2,6.31,0,364,0,1,0
108076,38,Female,Central,19900.0,4,Basic,4,107.75,431.0,72,1,0.28,4,12.85,4,105,3,1,1
108077,57,Male,South,,5,Basic,5,99.61,498.05,15,1,0.262,8,3.07,0,168,0,1,1
108078,47,Male,West,47700.0,36,Basic,3,84.68,254.04,27,1,0.43,8,,1,244,0,1,0
108079,71,Female,West,72900.0,16,Basic,3,34.46,103.38,53,0,0.549,4,,1,102,0,1,0
108080,29,Male,South,50300.0,54,Standard,10,51.11,511.1,29,0,0.198,3,3.44,1,302,0,1,0
108081,26,Female,North,36400.0,5,Standard,6,133.07,798.42,6,0,0.412,14,11.6,1,374,0,1,0
108082,55,Male,South,41300.0,18,Basic,11,19.5,214.5,56,0,0.401,10,8.62,0,228,2,0,0
108083,23,Male,East,42200.0,45,Standard,7,36.47,255.29,20,0,0.27,6,12.53,2,0,1,1,0
108084,36,Male,East,65900.0,59,Basic,4,48.09,192.36,9,0,0.312,10,13.23,0,142,0,1,0
108085,38,Male,West,54000.0,38,Basic,6,50.44,302.64,74,0,0.247,9,8.12,0,305,1,1,1
108086,52,Female,East,48200.0,48,Premium,9,73.13,658.17,48,0,0.441,8,10.79,1,339,0,1,0
108087,47,Male,West,34900.0,13,Basic,2,5.0,10.0,39,1,0.434,11,4.53,1,91,2,0,1
108088,45,Female,North,41000.0,20,Standard,6,42.13,252.78,31,1,0.394,6,4.74,0,71,0,1,0
108089,34,Male,South,44600.0,61,Basic,9,16.57,149.13,25,0,0.397,8,4.9,0,82,0,0,0
108090,55,Female,North,83100.0,12,Basic,6,35.76,214.56,16,0,0.259,22,5.11,1,160,0,1,0
108091,80,Male,North,76300.0,26,Basic,2,25.0,50.0,7,0,0.653,3,3.51,1,0,1,0,0
108092,48,Male,South,47400.0,40,Premium,11,21.67,238.37,12,2,,17,4.33,0,339,2,0,0
108093,40,Female,Central,63200.0,56,Basic,4,8.42,33.68,11,0,0.343,5,8.41,1,0,0,1,0
108094,22,Female,South,25700.0,24,Basic,6,18.12,108.72,5,0,0.479,12,5.61,1,175,0,1,0
108095,31,Female,South,64300.0,20,Basic,10,65.47,654.7,25,0,0.246,0,5.07,1,247,0,0,1
108096,36,Female,West,43000.0,34,Standard,4,147.42,589.68,20,1,0.76,9,7.21,3,410,1,1,0
108097,32,Female,West,57600.0,75,Basic,4,56.81,227.24,46,0,0.228,4,0.5,1,0,0,0,0
108098,39,Male,East,53300.0,34,Basic,8,69.83,558.64,23,0,0.548,10,4.95,1,542,0,1,0
108099,62,Male,South,79700.0,35,Basic,5,31.27,156.35,18,0,0.416,6,3.0,1,75,0,1,0
108100,55,Male,South,60700.0,24,Standard,8,31.54,252.32,18,0,0.042,4,9.39,1,210,0,0,1
108101,37,Female,North,44500.0,13,Basic,7,5.0,35.0,56,0,0.4,4,9.52,0,0,0,0,1
108102,23,Female,South,38600.0,20,Premium,17,110.54,1879.18,59,1,0.54,12,13.95,0,955,1,0,1
108103,56,Female,North,75300.0,23,Basic,5,43.14,215.7,10,1,0.278,14,12.93,2,255,0,1,0
108104,38,Male,East,54400.0,20,Standard,6,93.38,560.28,40,1,0.179,11,29.06,1,318,1,0,1
108105,18,Male,Central,15000.0,25,Standard,3,43.67,131.01,16,0,0.316,6,4.33,1,0,2,1,0
108106,48,Male,South,60100.0,36,Basic,8,16.37,130.96,65,1,0.543,3,10.1,0,112,0,0,1
108107,52,Male,South,51100.0,16,Standard,5,37.52,187.6,75,0,0.222,1,10.22,0,48,1,1,1
108108,18,Male,Central,20400.0,46,Basic,3,23.83,71.49,144,0,0.358,10,29.6,0,111,0,0,1
108109,28,Non-binary,East,43900.0,34,Premium,12,96.63,1159.56,17,0,0.61,8,3.67,0,713,0,0,1
108110,38,Female,West,70800.0,27,Premium,11,73.91,813.01,34,0,0.277,2,8.57,1,397,0,1,0
108111,49,Male,Central,54200.0,22,Standard,4,68.04,272.16,51,2,0.797,7,5.01,1,100,0,0,1
108112,32,Male,West,68900.0,12,Premium,11,101.19,1113.09,6,1,0.634,12,11.94,2,467,0,1,0
108113,28,Female,West,22100.0,36,Premium,10,276.33,2763.3,68,0,0.182,4,14.72,0,1473,1,1,0
108114,48,Male,South,73700.0,97,Basic,4,17.15,68.6,97,0,0.469,2,10.16,2,54,0,1,0
108115,33,Male,Central,48300.0,58,Premium,14,93.1,1303.4,160,0,0.416,18,10.87,2,688,1,1,0
108116,46,Male,West,57500.0,39,Standard,11,32.4,356.4,35,2,0.205,14,10.07,0,486,0,0,0
108117,25,Female,North,54000.0,62,Basic,5,23.34,116.7,11,0,0.808,9,11.94,1,0,0,1,0
108118,21,Female,East,21900.0,17,Standard,8,79.53,636.24,45,1,0.255,3,9.97,0,193,1,1,0
108119,49,Male,North,75300.0,15,Standard,6,64.16,384.96,2,0,0.589,12,17.84,1,349,0,1,0
108120,42,Female,East,47900.0,25,Standard,9,83.29,749.61,5,1,0.41,6,14.87,2,323,2,1,0
108121,51,Female,North,50400.0,26,Basic,1,53.72,53.72,7,0,0.492,9,11.89,1,191,0,1,0
108122,32,Female,East,22700.0,54,Standard,9,88.85,799.65,69,1,,6,7.81,0,527,0,1,1
108123,29,Female,South,60600.0,45,Standard,8,47.82,382.56,132,1,0.556,2,1.58,1,229,1,0,1
108124,57,Male,East,81000.0,4,Premium,13,77.06,1001.78,11,0,0.579,10,13.21,1,752,1,0,1
108125,19,Male,East,22300.0,46,Standard,8,74.16,593.28,11,0,0.448,3,6.67,2,360,0,0,0
108126,55,Female,South,70800.0,22,Premium,9,52.35,471.15,104,0,0.207,15,7.6,0,348,1,0,1
108127,56,Male,South,65900.0,32,Premium,11,20.48,225.28,40,1,0.404,5,4.63,1,0,1,1,0
108128,50,Female,East,53500.0,24,Standard,8,32.43,259.44,17,1,0.393,2,3.66,0,0,0,0,0
108129,30,Female,East,,16,Basic,7,34.92,244.44,35,0,0.027,10,,1,273,0,1,1
108130,28,Female,Central,,32,Standard,7,61.19,428.33,9,0,0.25,1,6.75,2,550,1,0,0
108131,36,Male,South,15000.0,15,Premium,14,43.43,608.02,30,2,0.318,8,5.43,0,66,0,1,0
108132,22,Female,East,35400.0,23,Basic,3,20.18,60.54,37,0,,3,30.44,3,0,0,1,1
108133,26,Male,Central,36500.0,13,Standard,12,14.91,178.92,10,1,0.399,1,5.93,1,0,0,0,0
108134,47,Female,West,47200.0,10,Premium,7,36.34,254.38,15,1,0.303,3,3.7,3,165,1,0,1
108135,47,Male,South,43100.0,94,Standard,6,69.81,418.86,1,0,0.362,2,3.29,0,279,1,0,0
108136,25,Female,South,15000.0,18,Premium,9,165.27,1487.43,47,1,0.655,7,4.56,0,766,1,1,0
108137,48,Male,Central,51400.0,23,Standard,6,24.04,144.24,1,0,0.473,7,3.35,1,128,1,1,0
108138,45,Male,South,41400.0,57,Premium,17,117.29,1993.93,121,1,0.657,17,7.48,0,1272,0,0,0
108139,59,Female,South,80500.0,28,Premium,8,161.47,1291.76,47,1,0.106,9,13.08,0,672,0,1,0
108140,46,Male,East,61800.0,13,Standard,12,17.32,207.84,19,1,0.05,16,15.92,3,336,1,1,0
108141,53,Male,North,54500.0,13,Standard,7,128.07,896.49,67,0,0.318,2,1.71,0,340,0,0,1
108142,45,Female,East,61000.0,12,Premium,13,108.26,1407.38,28,0,0.444,6,25.2,0,724,0,1,0
108143,52,Male,Central,58800.0,75,Standard,7,40.17,281.19,86,0,0.513,5,49.5,3,92,0,1,0
108144,22,Male,Central,28000.0,4,Standard,9,50.86,457.74,56,1,0.185,19,3.58,2,236,2,0,1
108145,37,Female,East,45300.0,11,Standard,5,39.65,198.25,18,1,0.203,4,14.44,1,301,2,0,1
108146,38,Male,Central,71800.0,18,Basic,4,27.65,110.6,41,0,0.292,11,6.68,0,190,0,1,0
108147,36,Female,West,54100.0,18,Premium,5,57.83,289.15,35,1,0.368,11,2.16,2,181,0,1,1
108148,45,Male,Central,49500.0,17,Basic,5,17.73,88.65,143,0,0.773,22,13.91,1,414,1,0,1
108149,47,Male,Central,68100.0,36,Basic,4,57.21,228.84,108,0,0.312,16,4.93,0,297,0,1,1
108150,44,Non-binary,Central,64700.0,30,Basic,10,15.45,154.5,21,0,0.647,3,2.61,1,0,0,0,0
108151,37,Male,South,49700.0,15,Standard,7,44.11,308.77,4,0,0.553,5,5.62,2,344,0,1,1
108152,29,Male,North,33900.0,18,Premium,12,45.05,540.6,34,1,0.653,7,19.55,0,476,2,1,0
108153,53,Female,North,55700.0,112,Standard,8,15.8,126.4,26,0,0.642,8,19.46,1,383,1,1,0
108154,44,Female,West,37600.0,31,Basic,5,12.57,62.85,11,0,0.161,7,9.73,1,230,0,1,0
108155,26,Male,Central,38100.0,1,Basic,1,58.38,58.38,12,0,0.046,5,12.09,2,0,1,1,1
108156,36,Female,Central,36600.0,13,Basic,4,37.82,151.28,112,0,0.8,1,4.34,0,0,0,0,1
108157,18,Male,Central,21900.0,17,Premium,6,135.89,815.34,62,0,0.436,11,7.91,1,288,1,1,0
108158,39,Female,West,56700.0,92,Basic,3,5.0,15.0,3,1,0.243,8,8.74,1,139,0,0,0
108159,36,Female,East,68700.0,18,Premium,10,52.88,528.8,46,0,0.08,4,8.22,0,85,0,1,0
108160,32,Female,South,,19,Basic,3,28.55,85.65,17,0,0.442,2,2.25,0,145,0,1,0
108161,60,Male,East,66400.0,6,Standard,2,43.42,86.84,27,0,0.577,6,9.49,2,0,0,1,1
108162,24,Female,North,33400.0,26,Premium,9,67.36,606.24,21,1,0.635,6,2.22,1,164,1,1,0
108163,48,Female,West,72400.0,43,Standard,7,120.63,844.41,51,1,0.39,6,1.61,1,418,0,1,0
108164,67,Non-binary,West,80000.0,25,Standard,4,49.44,197.76,13,0,0.25,7,7.39,1,374,1,0,0
108165,53,Male,North,64000.0,18,Basic,7,25.37,177.59,92,0,0.316,3,6.8,0,0,1,0,1
108166,39,Male,East,51700.0,22,Standard,7,54.56,381.92,79,0,0.325,7,,1,160,1,1,0
108167,24,Female,East,15000.0,41,Premium,12,79.23,950.76,9,1,0.296,7,14.21,2,360,0,1,0
108168,21,Female,West,,20,Basic,6,30.46,182.76,19,0,0.368,5,1.24,2,326,0,0,1
108169,34,Male,West,30900.0,21,Premium,11,136.83,1505.13,36,0,0.496,5,13.05,2,781,1,1,0
108170,30,Female,South,44900.0,34,Basic,1,48.0,48.0,31,0,0.393,7,3.48,1,0,0,0,1
108171,30,Female,West,29100.0,16,Standard,7,32.36,226.52,23,1,0.43,4,3.77,0,205,0,1,0
108172,35,Male,North,52400.0,12,Basic,4,61.66,246.64,17,0,0.502,6,12.43,2,0,2,1,1
108173,38,Female,South,44900.0,6,Basic,5,5.52,27.6,185,0,0.107,23,20.14,0,0,0,1,1
108174,45,Male,East,37600.0,23,Standard,5,74.22,371.1,33,0,0.062,8,6.23,0,391,2,1,0
108175,23,Female,West,28700.0,15,Standard,6,73.8,442.8,64,0,0.382,2,13.09,0,309,1,1,0
108176,30,Female,Central,70300.0,46,Standard,5,77.0,385.0,15,0,0.526,9,4.02,3,453,1,0,0
108177,37,Female,North,15000.0,21,Standard,8,53.12,424.96,39,0,0.66,5,3.27,2,51,0,1,0
108178,36,Male,West,47400.0,43,Standard,9,154.64,1391.76,2,1,0.656,5,3.77,1,635,0,0,0
108179,63,Male,Central,56600.0,37,Basic,5,7.61,38.05,86,2,0.337,3,14.96,2,0,0,1,1
108180,42,Male,Central,70100.0,5,Standard,9,31.38,282.42,7,1,0.337,14,6.73,0,18,0,1,0
108181,18,Female,South,39400.0,9,Standard,4,23.79,95.16,26,0,0.309,2,5.38,2,183,0,1,0
108182,44,Male,North,55300.0,79,Standard,6,51.55,309.3,92,0,0.274,2,7.85,1,57,1,0,1
108183,46,Male,East,67400.0,16,Standard,9,98.62,887.58,29,2,0.328,1,11.3,1,424,1,1,1
108184,37,Male,Central,49500.0,32,Standard,9,18.35,165.15,23,1,0.334,4,2.09,0,231,0,1,0
108185,23,Male,South,32800.0,23,Standard,4,34.75,139.0,35,0,0.321,12,8.45,1,151,1,1,0
108186,62,Male,East,61400.0,5,Basic,3,70.16,210.48,24,0,0.575,9,14.06,3,211,1,1,1
108187,25,Male,Central,29600.0,13,Standard,4,6.69,26.76,35,0,0.667,10,6.87,5,9,0,0,1
108188,48,Female,South,50000.0,11,Standard,14,41.13,575.82,29,2,0.393,7,16.87,0,395,0,1,1
108189,42,Male,East,50900.0,40,Standard,6,103.64,621.84,23,0,,6,10.37,2,496,0,0,0
108190,47,Female,Central,29100.0,13,Premium,9,60.3,542.7,162,0,0.338,9,15.01,1,263,0,1,1
108191,61,Non-binary,South,83300.0,34,Standard,7,47.37,331.59,83,0,0.218,13,5.41,3,378,3,0,1
108192,46,Female,South,81900.0,8,Premium,15,60.33,904.95,163,0,0.079,5,4.57,2,401,1,0,1
108193,32,Female,South,35200.0,2,Basic,4,42.09,168.36,104,0,0.682,9,7.84,0,218,1,1,1
108194,53,Female,East,77700.0,27,Premium,15,150.06,2250.9,12,2,0.295,2,4.77,5,715,0,1,0
108195,31,Male,North,38500.0,33,Standard,7,41.1,287.7,59,0,0.831,3,3.92,0,40,0,1,0
108196,41,Female,North,41400.0,18,Standard,8,186.29,1490.32,39,1,0.727,8,5.15,0,621,0,1,0
108197,22,Male,South,26500.0,26,Premium,8,74.5,596.0,32,0,0.339,13,7.75,1,438,2,1,0
108198,26,Male,East,36800.0,7,Premium,17,76.75,1304.75,61,1,0.195,10,13.9,1,915,1,1,1
108199,40,Female,West,38800.0,20,Basic,3,48.48,145.44,5,0,0.264,3,8.41,1,86,0,0,1
108200,44,Male,East,61200.0,46,Basic,7,48.61,340.27,34,0,0.576,14,23.35,2,517,0,0,1
108201,18,Male,West,20700.0,80,Standard,7,28.53,199.71,65,0,0.59,11,19.09,0,363,2,1,0
108202,45,Male,Central,38600.0,23,Basic,4,33.04,132.16,39,0,0.15,7,1.95,0,149,0,1,1
108203,28,Female,West,37200.0,31,Basic,9,13.35,120.15,17,1,0.166,3,16.16,3,5,0,0,1
108204,56,Male,East,54400.0,47,Basic,3,33.18,99.54,71,0,0.184,4,4.48,4,51,0,1,1
108205,34,Female,North,38600.0,27,Basic,4,6.14,24.56,17,0,0.882,10,11.04,2,293,1,0,0
108206,24,Male,South,32900.0,32,Standard,7,39.86,279.02,60,1,0.363,14,9.57,1,470,0,1,1
108207,40,Male,South,30100.0,64,Basic,5,47.33,236.65,45,2,0.363,4,21.12,3,78,0,1,1
108208,27,Female,East,57000.0,31,Standard,6,5.0,30.0,10,0,0.668,16,15.03,1,281,1,1,0
108209,55,Female,Central,74500.0,19,Basic,3,20.05,60.15,3,0,0.795,5,10.49,0,114,1,1,0
108210,39,Male,South,39100.0,64,Standard,6,111.74,670.44,43,1,0.221,5,7.09,0,261,2,1,0
108211,37,Female,North,45800.0,29,Premium,11,25.19,277.09,90,0,0.641,3,7.25,1,405,2,1,0
108212,47,Female,West,64500.0,9,Basic,5,42.3,211.5,21,1,,5,1.45,1,108,0,1,1
108213,26,Female,Central,38500.0,21,Premium,10,35.36,353.6,31,1,0.358,3,21.12,1,408,2,0,0
108214,22,Male,West,58100.0,87,Premium,15,44.4,666.0,44,2,0.344,17,9.26,1,482,1,1,0
108215,44,Female,North,49400.0,50,Basic,7,65.23,456.61,50,1,0.109,9,7.74,0,360,0,1,0
108216,25,Female,East,51300.0,16,Basic,4,52.09,208.36,64,0,0.494,9,11.34,0,87,0,0,1
108217,25,Non-binary,South,,54,Basic,3,18.1,54.3,8,1,0.215,7,5.93,3,57,0,0,0
108218,50,Male,East,41900.0,20,Premium,16,44.6,713.6,35,0,0.15,6,7.11,1,441,0,0,0
108219,46,Male,West,78200.0,13,Basic,4,19.17,76.68,23,0,0.479,6,8.3,1,172,0,0,0
108220,23,Male,West,26700.0,47,Standard,7,41.76,292.32,52,0,0.438,8,12.1,1,272,0,1,0
108221,31,Female,South,24000.0,9,Basic,3,17.24,51.72,7,0,0.203,3,7.55,1,0,1,0,1
108222,27,Female,Central,35900.0,13,Basic,4,71.15,284.6,17,0,0.382,14,22.06,1,151,0,1,1
108223,62,Female,North,87500.0,27,Premium,15,35.32,529.8,50,2,0.389,5,9.09,1,164,0,1,0
108224,51,Female,North,48700.0,30,Premium,7,32.51,227.57,18,0,0.583,9,11.12,1,42,1,1,0
108225,34,Female,West,42600.0,42,Basic,7,38.07,266.49,33,1,0.559,15,6.69,1,392,0,0,0
108226,46,Male,East,28600.0,11,Standard,4,88.06,352.24,124,0,0.377,3,8.12,1,262,0,1,1
108227,21,Female,East,24300.0,27,Standard,9,39.83,358.47,59,1,0.203,2,10.77,1,310,0,0,1
108228,30,Female,South,53400.0,3,Basic,6,38.5,231.0,60,0,0.476,3,8.1,1,0,0,0,1
108229,40,Male,North,,4,Standard,8,56.61,452.88,37,0,0.411,8,9.8,0,249,1,1,0
108230,45,Female,North,35800.0,14,Premium,10,134.89,1348.9,52,0,0.262,3,6.31,1,847,3,0,0
108231,38,Male,West,36100.0,42,Standard,7,60.28,421.96,15,1,0.25,12,32.0,0,649,0,0,0
108232,42,Female,South,42300.0,35,Standard,4,19.7,78.8,2,0,0.159,4,3.75,1,120,0,1,0
108233,40,Male,Central,59600.0,20,Standard,7,15.83,110.81,108,0,0.67,8,5.14,2,0,0,1,1
108234,37,Female,West,51400.0,5,Premium,7,43.68,305.76,19,1,0.311,7,13.54,3,103,1,0,1
108235,35,Female,West,52200.0,30,Standard,11,41.04,451.44,60,0,0.163,3,9.1,1,180,1,0,1
108236,33,Male,Central,42600.0,120,Premium,12,47.9,574.8,5,0,0.242,16,30.93,1,378,1,0,0
108237,42,Female,West,42100.0,24,Premium,6,101.91,611.46,96,2,0.408,9,3.56,0,288,1,1,1
108238,44,Female,East,41800.0,9,Basic,6,34.86,209.16,14,0,0.344,4,11.4,2,231,1,1,1
108239,42,Female,Central,56900.0,23,Standard,5,53.38,266.9,17,0,0.305,7,3.34,1,417,0,0,0
108240,24,Male,South,55900.0,6,Basic,5,9.65,48.25,66,0,0.617,1,9.89,0,0,0,1,1
108241,26,Female,North,22400.0,16,Premium,11,107.82,1186.02,9,0,0.32,1,3.26,1,849,1,1,0
108242,44,Male,East,38400.0,40,Basic,3,12.81,38.43,65,0,0.287,10,7.27,1,0,1,1,1
108243,58,Male,North,50100.0,61,Basic,3,36.43,109.29,74,1,0.323,5,5.86,0,312,0,0,1
108244,41,Male,West,61500.0,19,Basic,8,20.57,164.56,34,0,,11,4.12,2,439,0,1,0
108245,34,Male,Central,42600.0,8,Premium,15,116.14,1742.1,64,0,0.276,2,9.15,4,1115,2,0,1
108246,42,Female,West,58600.0,42,Premium,9,67.63,608.67,51,2,0.63,8,13.94,0,47,0,0,0
108247,24,Male,North,26600.0,29,Standard,8,45.38,363.04,21,0,0.406,4,2.14,1,542,0,0,0
108248,56,Female,North,72800.0,23,Standard,6,119.83,718.98,49,0,0.556,5,22.65,3,445,1,1,1
108249,41,Female,South,45800.0,26,Standard,10,125.39,1253.9,162,1,0.074,10,9.57,1,794,0,0,1
108250,30,Male,North,17800.0,20,Standard,3,22.51,67.53,60,0,0.599,8,1.71,0,351,0,0,1
108251,37,Male,East,59000.0,24,Basic,3,42.49,127.47,21,0,0.288,15,11.24,2,0,1,0,1
108252,32,Female,West,40800.0,28,Basic,4,72.81,291.24,56,0,0.609,6,7.78,1,153,0,1,1
108253,56,Non-binary,West,59800.0,30,Standard,6,42.43,254.58,76,0,0.634,5,3.59,0,204,0,1,1
108254,36,Male,East,49000.0,26,Basic,7,6.44,45.08,9,0,0.552,6,4.31,2,171,0,0,0
108255,41,Female,South,29600.0,12,Standard,13,68.98,896.74,19,1,0.491,6,1.35,2,402,0,1,0
108256,46,Male,North,60600.0,77,Premium,11,31.58,347.38,89,0,,9,9.58,2,307,0,1,0
108257,29,Male,East,30100.0,23,Standard,5,88.78,443.9,12,0,0.279,4,0.72,0,225,0,0,0
108258,42,Male,South,48600.0,5,Standard,6,21.66,129.96,57,0,0.062,5,3.04,1,354,1,1,1
108259,43,Male,South,67700.0,21,Basic,2,27.9,55.8,29,0,0.575,6,2.3,0,0,0,1,1
108260,19,Female,West,37900.0,22,Basic,4,32.26,129.04,58,1,0.54,5,10.76,3,55,0,1,1
108261,42,Male,South,48300.0,13,Basic,9,33.1,297.9,62,0,0.665,2,3.27,1,387,0,0,0
108262,38,Female,North,45600.0,10,Basic,3,28.48,85.44,19,0,0.659,7,23.79,1,0,0,1,0
108263,41,Male,East,15000.0,28,Premium,15,290.2,4353.0,88,2,0.331,3,7.11,1,2247,0,1,0
108264,39,Male,South,36400.0,27,Premium,7,62.95,440.65,31,1,0.549,5,1.57,0,99,1,1,0
108265,42,Male,West,53100.0,9,Standard,7,79.09,553.63,8,0,0.374,7,16.25,0,523,1,1,0
108266,56,Female,North,53400.0,28,Standard,7,115.58,809.06,1,0,0.744,7,6.82,0,532,0,1,0
108267,24,Male,Central,15100.0,33,Basic,6,41.53,249.18,48,1,0.315,14,3.2,2,89,1,1,1
108268,35,Male,East,50900.0,8,Basic,3,14.86,44.58,124,0,0.121,4,8.4,2,221,1,1,1
108269,48,Female,North,74800.0,20,Basic,5,20.96,104.8,26,1,0.49,3,12.92,0,92,1,1,1
108270,45,Female,North,43600.0,77,Premium,7,90.54,633.78,1,0,0.273,12,10.23,1,381,1,0,0
108271,45,Female,Central,65900.0,38,Standard,11,144.43,1588.73,0,0,0.244,12,4.27,0,1070,3,1,0
108272,75,Male,East,92300.0,38,Basic,5,27.06,135.3,65,0,0.435,9,3.96,0,355,1,0,0
108273,47,Female,West,,39,Basic,11,60.82,669.02,35,0,0.245,4,2.45,1,520,0,1,0
108274,54,Male,Central,52000.0,53,Basic,4,10.85,43.4,46,0,0.339,5,3.47,1,90,2,0,0
108275,35,Male,South,69400.0,14,Basic,6,54.83,328.98,67,1,0.421,7,7.35,2,228,0,1,1
108276,26,Male,East,20000.0,5,Basic,6,14.84,89.04,6,1,0.39,8,2.05,1,108,2,1,1
108277,35,Male,West,35600.0,20,Basic,4,16.37,65.48,12,0,0.199,5,4.22,0,93,2,1,0
108278,48,Female,West,84000.0,16,Premium,11,89.77,987.47,2,0,0.169,5,8.7,0,519,0,1,0
108279,44,Female,South,44700.0,18,Basic,4,56.41,225.64,8,1,0.376,13,5.41,1,337,2,1,0
108280,44,Female,Central,71600.0,40,Standard,5,37.21,186.05,5,0,0.556,3,4.58,0,0,1,1,0
108281,36,Male,East,30800.0,14,Basic,10,34.61,346.1,87,0,0.386,6,7.78,1,163,0,1,0
108282,34,Male,Central,45100.0,79,Basic,4,47.14,188.56,32,0,0.558,7,11.54,1,277,0,0,0
108283,37,Male,North,61300.0,4,Basic,9,21.32,191.88,11,0,0.105,9,5.18,2,87,0,1,1
108284,48,Male,East,50000.0,56,Standard,5,76.92,384.6,30,0,0.2,23,1.99,1,513,0,1,0
108285,50,Male,North,59800.0,7,Basic,5,35.19,175.95,71,0,0.403,5,9.56,0,85,3,0,1
108286,26,Non-binary,Central,46000.0,39,Standard,8,89.39,715.12,91,1,0.388,1,2.67,2,465,1,1,1
108287,49,Male,South,44800.0,38,Basic,8,50.31,402.48,14,0,0.651,3,8.59,0,231,1,1,0
108288,31,Female,West,71700.0,20,Premium,12,51.79,621.48,27,2,0.055,13,11.3,0,261,2,0,1
108289,45,Female,North,68200.0,42,Basic,6,58.95,353.7,17,0,0.567,5,7.11,1,88,1,1,0
108290,37,Male,North,41000.0,13,Premium,8,52.87,422.96,104,0,0.229,7,1.99,0,366,1,0,1
108291,59,Male,South,63700.0,11,Standard,7,61.6,431.2,17,0,0.277,2,8.42,0,332,3,1,0
108292,34,Male,West,70000.0,40,Premium,11,32.01,352.11,66,1,0.545,12,1.2,0,202,1,0,0
108293,41,Female,South,44900.0,17,Premium,10,80.46,804.6,15,0,0.453,4,5.41,0,238,0,1,0
108294,47,Male,West,48900.0,73,Standard,4,30.82,123.28,58,1,0.217,4,3.88,1,46,0,1,0
108295,28,Female,West,53500.0,40,Standard,8,106.26,850.08,121,1,0.494,10,14.81,3,571,1,1,1
108296,38,Female,Central,27400.0,31,Standard,4,67.28,269.12,19,0,0.807,1,6.71,2,221,2,0,0
108297,36,Male,West,44000.0,18,Premium,13,92.15,1197.95,31,1,0.437,11,9.85,0,595,0,1,0
108298,32,Male,East,42500.0,9,Standard,3,103.79,311.37,81,2,0.633,4,4.79,1,0,2,1,1
108299,33,Female,East,,49,Premium,9,172.64,1553.76,10,1,0.226,8,14.23,0,766,1,1,0
108300,53,Female,North,39300.0,49,Basic,3,14.58,43.74,14,0,0.313,4,7.46,0,0,0,1,0
108301,31,Male,East,41300.0,14,Basic,3,47.41,142.23,37,0,0.718,2,4.68,2,1,0,1,1
108302,46,Female,Central,64200.0,8,Basic,10,70.23,702.3,23,0,0.383,3,13.71,1,637,0,0,1
108303,43,Female,North,42200.0,26,Standard,9,36.15,325.35,117,0,0.464,16,4.03,0,356,1,0,1
108304,21,Male,North,15000.0,25,Premium,10,87.49,874.9,21,1,0.513,11,16.84,2,536,1,0,0
108305,46,Male,East,72200.0,44,Basic,10,37.91,379.1,41,0,0.656,16,12.36,1,483,0,1,0
108306,21,Female,West,38200.0,20,Standard,6,36.29,217.74,10,0,0.492,11,1.7,1,231,0,1,0
108307,47,Male,South,50500.0,68,Standard,8,99.51,796.08,58,0,0.13,5,6.08,1,230,1,1,0
108308,32,Male,Central,54200.0,35,Standard,10,35.7,357.0,40,0,0.133,14,8.65,0,227,0,0,0
108309,39,Female,South,,75,Basic,2,35.97,71.94,100,1,0.923,9,4.0,1,89,1,1,1
108310,22,Female,East,56800.0,8,Basic,3,42.36,127.08,58,0,0.665,9,7.59,2,81,1,1,1
108311,41,Female,Central,59100.0,28,Standard,5,26.48,132.4,14,0,0.479,6,6.18,3,0,0,1,0
108312,51,Female,South,39900.0,64,Basic,3,41.11,123.33,116,0,0.552,13,2.39,1,181,0,0,1
108313,29,Male,East,29200.0,8,Standard,6,209.46,1256.76,48,1,0.61,6,4.48,3,537,0,1,1
108314,31,Female,Central,31800.0,47,Basic,10,25.72,257.2,6,1,0.556,9,9.68,1,123,0,1,0
108315,45,Non-binary,South,58000.0,5,Basic,4,62.24,248.96,80,1,0.28,4,7.96,0,308,1,0,1
108316,45,Female,North,49400.0,9,Basic,6,19.08,114.48,76,0,0.15,8,0.5,1,225,2,1,1
108317,18,Male,Central,15000.0,8,Basic,7,32.99,230.93,121,1,0.376,3,16.0,1,240,0,1,1
108318,65,Male,East,80900.0,10,Premium,10,44.89,448.9,33,0,0.436,2,14.54,1,152,1,0,0
108319,46,Male,Central,68600.0,42,Standard,3,25.72,77.16,4,0,0.427,8,1.48,0,192,1,1,0
108320,48,Male,Central,55100.0,20,Basic,7,51.39,359.73,19,1,0.529,7,4.43,1,188,1,1,0
108321,37,Male,East,49000.0,24,Standard,3,34.8,104.4,19,0,0.306,8,8.72,1,192,0,0,1
108322,18,Male,East,15000.0,13,Basic,8,36.01,288.08,139,0,0.436,6,6.77,0,144,0,1,1
108323,48,Male,East,49200.0,25,Standard,6,22.49,134.94,66,1,0.145,4,18.68,1,131,1,1,1
108324,32,Male,North,34600.0,62,Standard,5,23.04,115.2,38,0,0.563,5,17.76,1,116,1,1,0
108325,46,Non-binary,South,62400.0,9,Premium,8,69.79,558.32,2,0,0.123,10,5.0,3,204,1,1,0
108326,36,Female,West,48700.0,120,Basic,3,26.41,79.23,2,0,0.401,7,1.26,0,47,1,1,0
108327,42,Female,Central,46200.0,22,Standard,5,12.67,63.35,45,1,,8,10.2,2,57,1,1,0
108328,29,Female,Central,,12,Basic,5,33.54,167.7,55,0,0.511,9,2.67,0,63,1,1,0
108329,50,Male,Central,30900.0,8,Standard,2,41.47,82.94,23,0,0.449,3,22.13,1,235,0,1,1
108330,24,Female,North,56200.0,32,Basic,6,14.4,86.4,5,0,0.599,3,7.19,1,31,0,1,0
108331,68,Female,East,46300.0,29,Standard,8,40.62,324.96,16,0,0.839,7,3.26,0,318,0,1,0
108332,68,Male,North,81400.0,10,Standard,4,46.48,185.92,17,1,0.346,6,5.77,0,190,0,1,1
108333,60,Female,East,68400.0,55,Standard,11,23.67,260.37,64,0,0.487,7,8.01,1,0,0,1,0
108334,56,Male,Central,60400.0,36,Basic,3,20.84,62.52,118,0,0.165,4,1.36,1,0,1,1,1
108335,38,Female,Central,46900.0,53,Basic,7,24.22,169.54,23,0,0.142,6,7.57,2,218,0,1,0
108336,54,Male,Central,52900.0,58,Basic,4,25.07,100.28,4,0,0.327,6,18.69,0,388,0,0,0
108337,38,Female,South,56100.0,8,Basic,8,27.69,221.52,13,0,0.202,3,13.84,0,0,2,0,0
108338,19,Male,East,15000.0,58,Basic,2,36.88,73.76,30,0,,3,3.1,0,0,0,1,0
108339,59,Male,South,71500.0,40,Basic,5,23.5,117.5,25,0,0.872,9,10.72,0,561,1,0,0
108340,54,Female,East,52700.0,36,Basic,2,5.96,11.92,23,0,0.492,11,4.08,4,0,2,1,1
108341,39,Female,South,42000.0,21,Standard,12,14.81,177.72,15,0,0.723,15,5.33,2,355,2,1,0
108342,23,Male,West,27200.0,56,Standard,11,11.35,124.85,9,2,0.315,2,5.41,1,170,3,0,1
108343,31,Male,East,38000.0,62,Standard,3,43.04,129.12,64,0,0.727,3,55.78,0,136,1,1,1
108344,18,Female,West,35000.0,34,Standard,7,63.82,446.74,17,1,0.566,6,12.57,1,217,0,1,0
108345,51,Male,Central,58800.0,36,Basic,2,5.32,10.64,6,1,0.796,6,11.08,1,332,3,1,0
108346,18,Female,South,41100.0,93,Premium,11,59.9,658.9,163,0,0.565,3,8.02,1,205,1,0,1
108347,43,Female,East,66400.0,1,Standard,6,12.49,74.94,19,0,0.782,8,6.26,1,17,1,1,0
108348,28,Female,West,41800.0,66,Standard,4,36.42,145.68,178,0,0.363,3,2.76,0,35,0,0,1
108349,20,Female,Central,39500.0,26,Premium,17,90.73,1542.41,93,0,0.315,7,1.67,0,693,0,0,0
108350,42,Female,North,79100.0,70,Standard,3,35.79,107.37,102,0,0.121,7,15.28,0,187,1,1,0
108351,35,Female,West,24400.0,12,Standard,13,45.35,589.55,9,2,0.118,3,3.93,0,426,1,0,0
108352,50,Female,South,73500.0,33,Standard,9,51.41,462.69,156,1,0.497,5,1.46,0,320,0,1,1
108353,23,Female,South,54400.0,33,Standard,4,96.15,384.6,46,0,0.577,5,5.16,0,282,0,1,0
108354,29,Male,North,44500.0,38,Premium,13,19.86,258.18,122,0,0.483,12,9.86,1,354,0,0,1
108355,18,Male,East,54700.0,22,Basic,4,69.18,276.72,182,0,0.149,3,3.95,0,265,0,0,1
108356,18,Female,South,52800.0,17,Basic,8,20.18,161.44,55,0,0.279,4,7.51,1,48,1,0,1
108357,62,Female,West,65100.0,38,Basic,6,17.93,107.58,29,0,0.374,6,9.55,3,120,0,1,0
108358,66,Male,South,70000.0,42,Basic,4,74.18,296.72,13,0,0.424,11,10.19,3,293,1,1,0
108359,40,Male,North,56300.0,24,Standard,4,25.33,101.32,36,0,0.409,5,5.76,0,0,1,1,1
108360,28,Male,West,28800.0,37,Standard,9,29.52,265.68,97,0,0.498,0,10.22,2,133,0,1,1
108361,35,Female,North,82100.0,78,Basic,5,23.63,118.15,28,0,0.354,4,3.34,0,25,1,0,0
108362,50,Female,South,69400.0,28,Basic,5,14.31,71.55,12,0,0.438,4,8.2,3,309,0,1,1
108363,32,Female,South,42000.0,3,Basic,6,54.97,329.82,4,0,0.081,3,10.11,2,197,0,0,1
108364,42,Male,South,31100.0,34,Standard,12,46.51,558.12,40,1,0.283,4,4.52,1,16,0,1,0
108365,39,Female,East,51500.0,9,Basic,6,5.0,30.0,1,0,0.494,9,2.36,2,0,2,1,0
108366,32,Female,West,24700.0,32,Basic,5,17.64,88.2,6,0,0.569,11,,1,132,0,0,0
108367,32,Female,West,51900.0,49,Basic,5,6.79,33.95,97,0,,10,2.55,2,98,0,1,1
108368,43,Male,North,16700.0,23,Standard,9,23.46,211.14,97,1,0.521,13,4.21,1,300,0,0,1
108369,26,Female,North,55000.0,45,Basic,7,46.3,324.1,90,0,0.665,4,12.1,2,251,1,1,1
108370,45,Male,West,47700.0,46,Standard,5,45.67,228.35,33,0,0.398,12,5.55,0,165,1,1,0
108371,33,Female,South,18600.0,59,Premium,9,72.68,654.12,20,0,0.227,7,6.32,1,748,0,1,0
108372,41,Female,North,49600.0,86,Basic,3,49.92,149.76,84,0,0.682,7,16.37,3,0,1,1,1
108373,57,Female,North,65300.0,70,Standard,7,18.69,130.83,15,1,0.102,4,9.13,1,13,1,1,0
108374,37,Non-binary,West,45100.0,2,Premium,7,35.12,245.84,87,0,0.381,8,11.19,1,274,0,0,1
108375,51,Female,West,78700.0,17,Premium,12,56.01,672.12,48,0,0.785,6,3.38,2,141,0,1,0
108376,18,Female,South,33300.0,12,Standard,8,32.52,260.16,16,0,0.447,7,15.2,3,0,0,0,1
108377,33,Male,North,53400.0,41,Basic,3,8.21,24.63,41,0,0.239,10,12.78,1,173,1,1,1
108378,39,Female,West,44500.0,24,Basic,4,76.38,305.52,66,0,0.259,0,5.69,2,90,0,0,1
108379,64,Female,North,77700.0,14,Premium,11,88.36,971.96,1,2,0.149,3,4.99,0,466,1,0,0
108380,18,Female,East,15000.0,17,Basic,4,49.12,196.48,2,0,0.284,8,1.21,3,243,0,0,0
108381,38,Male,West,50600.0,19,Basic,3,22.64,67.92,40,0,0.301,11,5.85,0,0,0,0,1
108382,58,Female,South,55400.0,45,Basic,3,15.1,45.3,4,0,0.243,8,1.88,0,322,1,0,0
108383,29,Male,South,56900.0,6,Basic,3,11.97,35.91,13,0,0.557,2,13.36,0,137,2,1,0
108384,36,Male,West,46200.0,14,Standard,4,61.37,245.48,53,0,0.31,3,1.52,2,313,5,1,1
108385,43,Male,West,61000.0,2,Standard,8,85.03,680.24,44,0,0.669,15,2.92,0,201,0,0,0
108386,41,Female,East,53500.0,45,Basic,5,128.41,642.05,18,0,0.356,7,6.7,0,636,0,1,0
108387,59,Male,South,92200.0,55,Basic,5,42.35,211.75,125,0,0.648,6,1.57,2,199,2,0,1
108388,45,Male,South,31800.0,37,Standard,7,214.66,1502.62,14,0,0.126,4,5.31,0,751,0,0,0
108389,56,Male,East,62500.0,41,Standard,6,64.76,388.56,4,0,0.668,1,2.49,1,170,0,1,0
108390,34,Female,South,29800.0,30,Standard,9,24.23,218.07,28,0,0.416,9,3.48,1,118,0,1,0
108391,29,Male,South,15000.0,36,Basic,3,28.6,85.8,45,0,0.313,2,13.88,2,154,0,0,1
108392,36,Male,South,30700.0,4,Basic,8,39.42,315.36,3,0,0.309,0,10.69,2,374,2,1,1
108393,24,Male,East,50100.0,35,Premium,8,145.91,1167.28,41,0,,9,7.55,1,486,0,1,0
108394,45,Female,South,53200.0,13,Basic,4,8.07,32.28,10,1,0.145,9,13.02,1,2,0,1,0
108395,34,Male,East,40100.0,41,Basic,1,67.38,67.38,51,0,0.409,8,4.25,0,83,0,1,0
108396,30,Male,East,50200.0,22,Basic,8,23.05,184.4,85,1,0.497,7,5.84,1,0,2,1,1
108397,45,Male,Central,55300.0,65,Basic,3,89.72,269.16,46,0,0.831,5,13.31,0,50,0,0,0
108398,24,Male,East,42300.0,31,Standard,8,43.22,345.76,12,0,0.126,10,12.46,1,263,0,1,0
108399,49,Male,West,,12,Basic,5,13.01,65.05,5,1,0.17,10,6.36,1,0,1,0,1
108400,33,Female,North,49800.0,8,Basic,4,6.18,24.72,48,0,0.354,5,8.5,3,37,1,1,1
108401,54,Female,West,,13,Standard,7,22.3,156.1,33,0,0.535,9,14.03,0,189,0,1,1
108402,34,Female,East,57900.0,25,Basic,9,15.86,142.74,1,0,0.236,12,0.89,2,263,0,1,0
108403,47,Male,Central,38600.0,62,Standard,2,45.44,90.88,19,0,0.524,6,10.39,0,0,1,0,0
108404,41,Female,Central,48600.0,18,Basic,4,38.56,154.24,118,1,0.265,14,8.72,1,45,0,1,1
108405,49,Male,South,72800.0,34,Basic,3,40.03,120.09,5,0,0.343,4,11.16,0,277,1,0,0
108406,40,Non-binary,Central,46700.0,8,Premium,11,115.25,1267.75,11,1,0.738,9,1.23,1,516,1,1,0
108407,18,Male,West,22000.0,40,Basic,6,53.92,323.52,45,0,0.247,6,24.11,0,304,1,1,0
108408,52,Male,West,92300.0,23,Basic,4,35.22,140.88,24,0,0.788,28,9.2,0,318,0,0,1
108409,38,Male,East,66900.0,34,Standard,7,50.89,356.23,79,0,0.335,6,18.42,2,74,1,0,1
108410,49,Female,South,59400.0,69,Basic,3,25.36,76.08,20,0,0.802,10,13.96,2,222,0,1,0
108411,48,Male,West,42900.0,28,Basic,8,46.47,371.76,145,1,0.462,5,1.05,2,216,0,1,1
108412,29,Male,North,15000.0,9,Standard,9,64.04,576.36,135,0,0.061,17,7.47,0,356,0,1,1
108413,27,Male,East,46500.0,30,Standard,3,20.5,61.5,10,0,0.594,6,18.75,1,261,1,1,0
108414,48,Female,North,74200.0,29,Standard,7,82.46,577.22,2,0,0.715,7,2.06,0,678,1,0,0
108415,35,Female,South,49700.0,45,Basic,6,87.2,523.2,16,0,0.201,14,11.08,0,165,1,1,0
108416,51,Male,West,35400.0,28,Standard,8,28.09,224.72,6,0,0.235,6,9.56,3,2,0,1,0
108417,37,Male,West,48300.0,67,Premium,7,146.56,1025.92,7,2,0.224,2,6.46,2,551,0,1,0
108418,52,Male,Central,53500.0,47,Premium,10,21.96,219.6,68,0,0.687,7,0.51,0,0,0,1,0
108419,45,Female,West,55900.0,28,Standard,7,57.67,403.69,23,0,0.416,16,3.0,4,360,1,1,0
108420,43,Male,West,79000.0,26,Standard,6,78.33,469.98,65,0,0.529,10,13.78,0,40,1,1,0
108421,34,Male,Central,54300.0,11,Standard,4,35.72,142.88,66,0,0.574,9,8.87,0,395,0,0,1
108422,42,Male,East,58900.0,20,Premium,14,110.6,1548.4,34,0,0.564,14,26.37,0,1091,1,1,0
108423,55,Male,West,62500.0,6,Basic,6,26.53,159.18,17,0,0.712,3,3.61,1,345,1,0,0
108424,38,Female,Central,52800.0,23,Basic,6,33.46,200.76,36,0,0.267,10,13.11,0,0,0,1,0
108425,46,Female,West,44500.0,5,Basic,5,26.46,132.3,1,0,0.235,8,7.33,2,291,0,1,1
108426,40,Male,West,56700.0,29,Premium,9,108.19,973.71,72,0,0.396,6,6.74,1,357,0,0,1
108427,41,Female,East,47100.0,10,Standard,3,33.5,100.5,10,0,0.782,8,14.42,1,134,1,0,0
108428,61,Male,East,57300.0,35,Basic,10,29.54,295.4,99,1,0.758,3,2.24,1,278,0,1,1
108429,55,Female,East,74600.0,27,Premium,10,50.15,501.5,97,1,0.291,3,17.99,1,297,1,1,1
108430,40,Male,West,17700.0,17,Standard,10,16.38,163.8,6,0,0.294,11,9.51,0,183,0,1,0
108431,42,Female,East,43200.0,7,Premium,12,19.95,239.4,34,1,0.037,0,1.28,1,315,1,1,1
108432,30,Male,North,48000.0,25,Premium,9,61.86,556.74,24,1,0.517,4,6.05,0,69,1,1,0
108433,37,Male,South,63200.0,24,Basic,4,56.5,226.0,62,0,0.33,5,3.93,2,6,0,1,1
108434,43,Female,East,58400.0,83,Basic,7,62.34,436.38,22,0,,5,6.67,0,454,3,1,0
108435,50,Male,North,49000.0,19,Basic,6,33.13,198.78,28,0,0.816,10,17.72,3,160,2,1,0
108436,49,Male,South,56700.0,43,Standard,5,39.11,195.55,77,0,0.449,5,14.65,1,231,1,1,0
108437,25,Male,North,38700.0,15,Standard,6,27.74,166.44,71,0,,9,4.54,0,263,0,1,0
108438,52,Non-binary,North,82100.0,11,Standard,7,50.85,355.95,1,0,0.296,5,10.58,2,66,0,1,0
108439,38,Male,West,59900.0,37,Standard,7,59.47,416.29,23,0,0.264,13,7.91,0,22,0,1,0
108440,26,Male,East,48600.0,18,Standard,11,23.52,258.72,83,0,0.197,4,11.12,0,226,0,1,1
108441,56,Male,West,65000.0,25,Basic,3,36.44,109.32,38,0,0.243,8,12.19,0,27,0,1,0
108442,58,Male,North,51000.0,2,Standard,9,66.83,601.47,10,0,0.288,3,19.68,0,287,1,0,1
108443,42,Male,South,31100.0,15,Standard,9,58.18,523.62,1,0,0.192,10,3.95,0,222,0,1,0
108444,48,Female,North,52300.0,17,Standard,5,22.18,110.9,85,0,0.37,2,2.53,1,0,1,1,1
108445,49,Male,North,,10,Basic,3,68.27,204.81,6,1,,1,14.75,0,0,1,1,1
108446,57,Male,North,58000.0,20,Basic,6,20.64,123.84,74,1,0.71,11,5.82,4,0,1,0,1
108447,48,Female,East,64500.0,5,Basic,10,49.4,494.0,74,1,0.694,7,8.27,4,88,1,0,1
108448,22,Female,North,20700.0,29,Basic,4,105.39,421.56,46,0,0.521,12,7.96,1,529,1,1,0
108449,65,Male,West,63700.0,20,Standard,10,20.83,208.3,47,1,0.059,8,7.84,2,0,0,0,0
108450,53,Male,East,81000.0,19,Standard,0,77.72,0.0,29,0,0.185,4,,2,337,0,0,1
108451,32,Female,South,52000.0,37,Basic,5,8.42,42.1,4,0,0.781,9,11.39,1,98,1,0,0
108452,26,Male,West,31300.0,11,Basic,6,5.27,31.62,24,1,0.218,6,0.74,2,194,0,0,1
108453,46,Male,East,43000.0,68,Standard,7,82.5,577.5,13,0,0.434,4,4.18,1,397,0,0,0
108454,35,Female,South,57400.0,10,Premium,7,83.78,586.46,24,0,0.233,5,14.67,0,469,1,1,0
108455,43,Male,East,64000.0,47,Basic,3,10.63,31.89,136,0,0.532,6,17.84,1,287,1,0,1
108456,49,Female,West,66400.0,62,Standard,6,64.19,385.14,12,0,0.524,7,10.2,1,259,0,1,0
108457,32,Male,East,38800.0,4,Basic,6,17.07,102.42,64,1,0.211,5,11.01,2,0,0,1,1
108458,24,Female,Central,18400.0,14,Standard,10,44.86,448.6,29,1,0.099,7,22.53,2,64,1,1,0
108459,44,Male,South,52500.0,8,Standard,6,19.51,117.06,68,1,0.374,6,6.99,4,71,0,1,1
108460,32,Female,South,61000.0,36,Standard,6,80.79,484.74,81,1,0.289,7,11.57,3,395,1,0,1
108461,41,Male,Central,37100.0,15,Standard,9,45.79,412.11,125,0,0.664,23,2.08,0,254,0,1,1
108462,22,Male,East,32500.0,11,Standard,6,49.51,297.06,58,0,0.293,18,1.32,1,306,1,1,1
108463,36,Female,Central,68000.0,22,Premium,7,103.03,721.21,30,0,0.467,8,11.51,3,566,1,1,0
108464,48,Non-binary,West,52200.0,26,Basic,6,19.59,117.54,32,0,0.188,4,10.4,0,232,1,1,0
108465,47,Male,East,53800.0,56,Basic,7,6.48,45.36,33,1,0.617,11,6.83,0,144,1,0,0
108466,29,Male,East,19500.0,56,Basic,11,5.0,55.0,11,0,0.551,7,7.41,3,0,0,1,0
108467,24,Male,South,42400.0,13,Standard,6,108.14,648.84,29,0,0.52,14,8.42,3,471,1,1,0
108468,39,Male,North,37600.0,6,Basic,5,24.07,120.35,51,0,0.307,16,3.02,1,246,1,0,1
108469,46,Male,South,32800.0,33,Basic,5,36.58,182.9,48,0,0.188,8,2.51,1,41,0,0,1
108470,44,Non-binary,South,39400.0,21,Basic,3,21.63,64.89,43,0,0.33,3,16.79,1,133,1,0,1
108471,32,Female,West,44200.0,59,Basic,4,26.21,104.84,142,1,0.567,14,14.15,2,265,0,0,1
108472,43,Female,West,29600.0,60,Standard,6,125.43,752.58,42,0,0.181,7,8.77,2,755,2,0,1
108473,59,Female,Central,47500.0,34,Standard,7,29.81,208.67,51,0,0.469,5,25.46,3,153,0,1,1
108474,42,Female,North,58600.0,28,Basic,6,32.25,193.5,2,0,0.55,8,5.48,2,419,1,1,0
108475,18,Male,East,27000.0,30,Basic,0,24.51,0.0,24,0,0.868,3,0.82,2,336,0,1,0
108476,42,Female,South,38000.0,28,Premium,10,110.61,1106.1,40,2,0.441,2,3.39,0,613,1,1,0
108477,66,Male,East,69100.0,30,Standard,8,20.39,163.12,40,1,0.241,7,0.89,0,68,0,1,0
108478,22,Female,North,56100.0,17,Premium,16,108.27,1732.32,19,2,0.562,8,6.29,0,980,2,1,0
108479,39,Female,East,65900.0,16,Basic,8,34.9,279.2,30,0,0.668,5,4.98,1,111,1,0,1
108480,36,Male,West,43600.0,18,Standard,14,56.51,791.14,3,0,0.268,3,13.0,2,608,0,0,0
108481,40,Female,South,60300.0,80,Basic,7,50.71,354.97,28,0,0.458,15,2.48,1,8,1,1,0
108482,42,Male,West,52500.0,2,Basic,1,25.37,25.37,9,0,0.348,1,11.5,1,62,1,0,1
108483,54,Male,South,37400.0,16,Basic,9,50.5,454.5,15,0,0.642,3,5.25,0,533,0,1,0
108484,40,Male,South,21600.0,18,Basic,5,24.15,120.75,9,0,0.457,3,6.66,0,0,1,0,0
108485,56,Male,Central,51400.0,33,Premium,7,58.81,411.67,0,0,0.196,12,11.3,2,348,1,0,0
108486,37,Male,North,24000.0,15,Basic,3,56.16,168.48,11,0,0.318,2,5.2,1,98,0,1,1
108487,34,Female,South,47000.0,63,Basic,2,48.72,97.44,1,0,0.442,1,8.24,0,105,0,0,0
108488,30,Male,Central,31700.0,53,Standard,8,88.59,708.72,216,0,,9,,0,283,0,1,1
108489,18,Female,North,34000.0,65,Premium,13,46.47,604.11,99,0,0.571,5,35.72,1,280,1,0,1
108490,43,Female,South,57900.0,28,Premium,8,108.51,868.08,3,1,0.265,7,17.22,1,382,1,1,0
108491,66,Male,South,83300.0,60,Basic,7,10.36,72.52,83,0,0.362,1,13.0,1,208,0,1,0
108492,45,Male,West,40600.0,13,Premium,13,128.35,1668.55,78,0,0.253,9,6.64,1,1035,0,0,1
108493,48,Male,East,63700.0,25,Basic,7,28.45,199.15,32,0,0.409,0,2.77,0,80,1,0,0
108494,34,Male,East,,4,Standard,3,78.03,234.09,1,0,0.788,6,5.73,2,123,0,0,0
108495,36,Male,Central,55100.0,36,Standard,6,75.62,453.72,18,0,0.35,10,11.68,0,406,0,1,0
108496,52,Male,South,77400.0,36,Premium,12,72.8,873.6,33,0,0.154,7,16.96,0,234,1,1,0
108497,65,Female,East,,29,Basic,9,41.79,376.11,37,2,0.385,7,19.68,2,380,1,1,1
108498,58,Female,Central,63500.0,21,Standard,7,45.71,319.97,17,0,0.44,5,6.93,1,228,1,0,0
108499,49,Male,North,65400.0,44,Standard,8,31.34,250.72,43,1,0.287,13,7.47,0,484,0,1,0
108500,39,Male,Central,26500.0,58,Basic,7,24.5,171.5,167,0,0.369,8,35.75,0,249,0,1,1
108501,42,Female,Central,26200.0,82,Standard,5,33.31,166.55,11,0,0.237,9,8.23,0,100,0,1,0
108502,29,Female,Central,45000.0,35,Premium,9,71.32,641.88,9,0,0.251,8,1.32,0,380,1,1,0
108503,20,Female,North,48200.0,24,Standard,11,32.11,353.21,157,0,0.284,3,5.68,2,258,1,0,1
108504,24,Male,East,16500.0,17,Standard,1,35.16,35.16,10,0,0.163,5,14.97,1,0,3,1,0
108505,40,Female,West,49100.0,38,Standard,6,42.14,252.84,70,1,0.397,3,6.54,0,0,2,1,0
108506,35,Female,South,50300.0,13,Standard,9,23.14,208.26,41,0,0.431,4,25.31,1,0,0,1,0
108507,20,Female,East,21300.0,36,Standard,8,116.41,931.28,65,0,0.495,8,7.45,3,614,0,1,0
108508,39,Female,South,43200.0,14,Standard,3,5.46,16.38,10,0,0.473,11,1.94,1,169,1,0,0
108509,35,Male,North,52700.0,25,Basic,5,14.61,73.05,26,0,0.311,1,10.73,1,3,0,0,0
108510,24,Male,Central,35200.0,12,Basic,6,44.79,268.74,33,0,0.091,7,5.68,0,117,0,1,1
108511,34,Female,Central,44800.0,18,Basic,6,63.44,380.64,67,0,0.241,1,6.96,0,259,1,1,1
108512,35,Male,North,30400.0,34,Standard,8,81.16,649.28,10,0,,3,32.61,0,364,0,1,0
108513,31,Male,North,39900.0,48,Basic,7,56.53,395.71,17,0,0.456,8,3.17,0,196,0,0,0
108514,51,Male,East,53800.0,20,Basic,4,15.24,60.96,64,0,0.263,12,0.75,0,19,0,1,1
108515,18,Female,North,23200.0,3,Basic,6,36.49,218.94,215,1,0.444,9,3.97,2,103,0,0,1
108516,18,Female,East,,5,Premium,10,33.53,335.3,4,0,0.372,2,7.78,2,168,1,0,0
108517,39,Male,West,47600.0,5,Premium,12,114.4,1372.8,41,3,0.111,0,8.74,1,797,3,0,1
108518,40,Male,South,36700.0,61,Basic,5,50.97,254.85,8,0,0.115,12,8.25,1,225,2,0,0
108519,44,Female,West,52900.0,113,Standard,6,6.93,41.58,5,0,0.509,8,1.28,1,104,1,0,0
108520,32,Male,North,36200.0,24,Standard,9,9.92,89.28,96,1,0.198,1,1.22,0,0,1,1,1
108521,27,Female,South,23500.0,5,Basic,7,19.24,134.68,29,0,0.382,12,3.94,1,230,1,0,0
108522,39,Female,West,20700.0,11,Basic,5,62.92,314.6,38,0,0.538,4,7.74,1,242,0,0,1
108523,33,Female,North,55500.0,10,Basic,7,12.01,84.07,29,0,0.604,1,19.34,1,2,0,0,1
108524,59,Male,South,77400.0,59,Basic,2,18.16,36.32,61,0,0.321,10,11.94,1,210,1,1,1
108525,35,Female,East,32900.0,18,Basic,8,58.55,468.4,20,2,0.893,8,3.54,3,518,0,0,0
108526,38,Female,South,56500.0,120,Basic,1,35.46,35.46,54,0,0.475,5,8.47,1,434,3,0,0
108527,71,Female,East,64000.0,10,Premium,18,28.32,509.76,81,0,0.432,9,5.58,2,107,1,1,1
108528,36,Female,West,40800.0,11,Standard,8,48.94,391.52,3,2,0.288,8,10.51,1,394,1,1,1
108529,46,Female,South,47200.0,18,Basic,6,50.07,300.42,9,1,0.359,12,1.69,1,205,0,0,0
108530,47,Male,South,51700.0,17,Basic,4,35.48,141.92,5,0,0.439,4,8.83,0,228,1,0,1
108531,49,Male,North,66500.0,53,Basic,5,29.13,145.65,70,2,0.195,2,3.68,1,104,1,0,1
108532,43,Female,West,46100.0,27,Basic,7,13.77,96.39,239,0,0.071,5,16.63,2,150,0,0,1
108533,42,Female,South,46000.0,40,Basic,9,17.1,153.9,63,2,0.197,5,8.28,1,129,0,1,1
108534,40,Male,Central,59300.0,32,Basic,7,75.73,530.11,95,0,0.231,2,8.76,2,470,3,1,1
108535,32,Female,North,42200.0,32,Basic,4,25.43,101.72,77,0,0.614,7,19.18,1,241,0,1,1
108536,43,Female,West,43500.0,22,Standard,9,72.54,652.86,27,1,,14,7.94,1,451,2,0,0
108537,65,Male,West,76000.0,55,Premium,10,186.18,1861.8,95,2,0.343,12,2.94,2,1000,0,1,1
108538,55,Male,West,77000.0,48,Basic,8,81.09,648.72,29,1,,10,4.34,1,540,1,0,1
108539,43,Female,West,66500.0,13,Basic,5,24.57,122.85,104,1,0.234,3,0.5,6,5,0,1,1
108540,50,Female,South,39900.0,19,Basic,3,31.1,93.3,88,0,0.721,1,11.07,0,0,1,1,1
108541,28,Female,South,19700.0,12,Basic,7,43.68,305.76,57,0,0.333,13,0.84,0,369,0,1,0
108542,36,Female,South,59100.0,28,Basic,4,7.18,28.72,40,0,0.187,10,12.34,1,134,0,1,0
108543,51,Male,South,55300.0,34,Basic,2,65.09,130.18,44,0,0.849,1,6.5,2,71,1,1,1
108544,58,Male,East,35200.0,17,Premium,9,45.38,408.42,9,0,0.27,6,28.3,0,140,1,1,0
108545,29,Female,West,28200.0,19,Standard,8,24.6,196.8,35,1,0.615,9,10.43,1,306,1,0,0
108546,33,Female,East,36100.0,13,Premium,14,80.6,1128.4,10,0,0.635,8,1.97,1,202,1,0,0
108547,67,Female,Central,70200.0,11,Standard,5,81.0,405.0,46,0,0.149,5,1.14,1,187,1,0,1
108548,40,Female,West,59600.0,18,Standard,14,41.53,581.42,41,2,0.48,6,26.74,1,280,0,1,0
108549,63,Male,South,57700.0,22,Basic,5,50.33,251.65,37,0,0.582,8,18.62,0,109,1,1,1
108550,42,Female,South,63900.0,13,Basic,8,9.53,76.24,49,2,0.719,6,6.45,0,116,0,1,1
108551,42,Male,East,54800.0,10,Standard,9,87.43,786.87,6,1,0.251,5,,2,587,2,1,1
108552,35,Male,South,26100.0,95,Premium,11,74.07,814.77,10,0,0.117,4,8.78,1,599,0,1,0
108553,51,Male,South,54900.0,18,Premium,8,101.14,809.12,27,2,0.128,6,3.13,3,619,0,1,0
108554,57,Male,East,72000.0,29,Basic,5,18.99,94.95,59,0,0.166,6,1.67,1,7,0,1,1
108555,26,Male,West,36200.0,38,Premium,12,42.7,512.4,92,1,0.411,12,13.37,0,197,0,1,1
108556,34,Non-binary,South,48500.0,32,Standard,9,80.4,723.6,2,0,0.392,11,4.75,1,220,0,1,0
108557,51,Female,South,51100.0,41,Basic,6,27.26,163.56,25,0,0.201,8,0.75,1,258,0,1,0
108558,37,Female,North,53800.0,28,Basic,4,53.33,213.32,42,0,0.116,17,9.81,1,268,0,0,0
108559,33,Female,South,36700.0,7,Standard,4,20.15,80.6,43,0,0.351,6,15.2,3,239,1,0,1
108560,52,Male,South,95900.0,29,Standard,8,47.89,383.12,66,1,0.347,4,0.56,2,339,1,1,1
108561,53,Male,West,42800.0,20,Standard,8,32.24,257.92,238,1,0.463,5,2.99,0,16,0,1,1
108562,33,Female,East,80000.0,12,Premium,11,29.59,325.49,47,0,,12,6.19,0,234,0,1,0
108563,42,Male,South,37500.0,78,Standard,4,26.61,106.44,15,0,0.285,8,1.44,1,311,1,1,0
108564,23,Male,Central,50500.0,5,Basic,5,54.64,273.2,4,1,0.063,8,4.06,1,89,0,0,1
108565,27,Male,East,48100.0,35,Basic,4,48.47,193.88,17,0,0.144,10,19.17,1,209,1,1,0
108566,41,Female,North,37100.0,34,Standard,11,68.88,757.68,16,1,0.133,10,6.83,2,683,0,1,0
108567,39,Female,West,56300.0,66,Basic,4,11.64,46.56,92,0,0.274,7,7.82,1,16,0,1,0
108568,26,Male,West,28700.0,31,Standard,4,10.86,43.44,10,1,0.385,2,5.4,2,0,0,1,1
108569,30,Female,East,43200.0,16,Basic,9,23.09,207.81,27,1,0.117,12,11.19,0,205,0,0,0
108570,25,Male,South,36700.0,4,Basic,3,34.34,103.02,46,0,0.278,11,17.19,3,280,2,1,1
108571,45,Female,West,48800.0,5,Basic,4,46.5,186.0,70,1,0.467,9,3.36,0,8,1,1,1
108572,18,Female,North,21900.0,18,Premium,6,86.09,516.54,90,1,0.497,1,6.62,0,301,2,1,1
108573,26,Female,South,,59,Standard,10,39.0,390.0,62,3,0.189,19,8.78,0,323,0,1,1
108574,18,Male,West,15300.0,6,Basic,6,37.16,222.96,106,1,0.653,5,9.48,4,241,0,0,1
108575,44,Female,West,40600.0,28,Basic,7,77.6,543.2,6,0,0.609,9,2.18,0,391,0,1,0
108576,18,Non-binary,East,41400.0,55,Basic,3,19.64,58.92,45,0,0.358,15,,1,336,0,0,1
108577,39,Female,North,53900.0,74,Premium,9,99.47,895.23,30,0,0.433,3,14.77,1,355,0,0,0
108578,60,Male,South,49600.0,21,Basic,5,32.72,163.6,27,0,0.679,6,10.82,0,265,0,1,0
108579,61,Female,Central,54800.0,3,Basic,5,23.83,119.15,10,0,0.144,9,0.68,0,0,0,1,1
108580,18,Female,West,15000.0,50,Basic,6,37.71,226.26,60,0,0.255,6,14.7,2,164,0,0,1
108581,43,Non-binary,West,64500.0,18,Basic,4,9.81,39.24,32,1,0.393,2,8.05,1,0,1,1,0
108582,26,Male,North,45200.0,36,Basic,3,22.08,66.24,2,0,0.273,3,6.1,1,237,0,0,0
108583,23,Male,Central,17500.0,37,Premium,17,51.87,881.79,122,0,0.098,8,11.6,1,529,1,0,1
108584,38,Male,South,56100.0,12,Standard,8,39.42,315.36,22,0,0.529,1,11.03,2,320,0,1,0
108585,55,Female,South,90900.0,2,Basic,8,65.15,521.2,40,0,0.266,16,15.93,0,443,1,0,1
108586,47,Male,West,34000.0,28,Basic,5,42.18,210.9,1,0,0.778,4,8.24,4,103,1,1,0
108587,30,Female,South,30800.0,45,Basic,6,28.35,170.1,13,0,0.581,4,2.36,0,282,0,1,0
108588,48,Male,East,34600.0,52,Basic,2,45.95,91.9,59,0,0.301,5,2.56,2,99,0,0,1
108589,18,Male,East,41300.0,33,Basic,6,41.98,251.88,31,0,0.477,14,4.46,0,158,0,0,0
108590,29,Male,Central,37100.0,43,Basic,12,29.23,350.76,33,0,0.517,9,3.36,0,35,1,1,0
108591,28,Male,North,31900.0,14,Basic,6,31.4,188.4,18,0,0.575,6,10.15,1,294,1,0,1
108592,40,Male,North,52100.0,55,Basic,8,37.61,300.88,29,1,0.33,9,5.66,0,320,1,1,0
108593,36,Male,East,37300.0,47,Basic,8,41.87,334.96,10,0,0.792,6,9.35,0,279,0,1,0
108594,37,Female,West,40400.0,39,Premium,14,55.36,775.04,6,1,0.198,6,2.97,1,408,0,1,0
108595,37,Male,Central,49900.0,15,Standard,4,59.5,238.0,93,1,0.201,6,20.57,0,382,0,1,1
108596,39,Male,South,39400.0,26,Basic,5,16.54,82.7,89,0,0.391,15,3.73,1,249,0,0,1
108597,46,Female,West,48000.0,20,Standard,10,30.14,301.4,61,0,0.487,5,6.43,1,462,0,1,0
108598,41,Male,South,47700.0,21,Basic,4,20.67,82.68,29,0,0.145,3,3.83,2,0,1,0,1
108599,35,Female,South,45400.0,41,Basic,3,15.73,47.19,3,1,0.183,5,26.98,0,123,1,0,0
108600,44,Male,North,61100.0,39,Standard,7,44.84,313.88,27,0,0.737,8,10.63,3,158,0,1,0
108601,50,Male,South,66600.0,4,Basic,9,57.78,520.02,23,0,0.216,13,15.52,2,298,1,0,1
108602,32,Female,North,20300.0,15,Standard,8,87.99,703.92,51,0,0.113,3,5.37,1,465,1,0,1
108603,38,Female,South,66700.0,34,Basic,10,13.51,135.1,22,0,0.161,18,11.66,1,358,1,1,0
108604,54,Male,South,63000.0,22,Basic,6,67.91,407.46,48,1,0.373,4,18.19,1,240,1,0,1
108605,25,Female,Central,30000.0,9,Standard,7,121.6,851.2,175,0,0.269,7,12.9,1,524,0,0,1
108606,62,Non-binary,North,57200.0,51,Standard,7,49.02,343.14,12,0,0.32,8,19.03,2,0,0,0,0
108607,22,Female,West,59600.0,120,Premium,12,94.23,1130.76,25,1,0.894,6,3.14,1,700,1,0,0
108608,35,Female,Central,77200.0,9,Basic,2,124.24,248.48,104,0,0.45,4,1.84,2,93,1,1,1
108609,27,Female,East,62700.0,4,Premium,10,88.02,880.2,108,1,0.315,10,14.94,2,685,1,1,1
108610,67,Male,West,76200.0,70,Basic,4,45.04,180.16,36,0,0.174,6,14.71,1,123,1,1,0
108611,32,Male,South,46100.0,13,Premium,10,75.21,752.1,8,0,0.174,9,5.15,0,497,3,1,0
108612,32,Male,North,62200.0,43,Basic,5,38.1,190.5,8,0,0.085,0,3.53,0,263,1,1,0
108613,34,Non-binary,West,39800.0,13,Premium,7,51.3,359.1,206,0,0.351,3,19.5,3,352,0,1,1
108614,40,Male,East,56500.0,81,Premium,8,66.14,529.12,9,0,0.717,6,8.57,0,186,1,1,0
108615,35,Female,East,47300.0,45,Basic,6,57.7,346.2,29,1,0.646,4,5.42,0,616,0,1,0
108616,37,Female,Central,72900.0,13,Basic,5,20.79,103.95,60,0,0.515,7,7.74,6,251,2,0,1
108617,18,Male,West,48100.0,11,Standard,11,54.05,594.55,40,1,0.52,7,7.62,0,315,0,0,1
108618,40,Female,South,47000.0,12,Basic,8,66.96,535.68,17,0,0.403,9,9.21,2,119,1,0,0
108619,39,Male,North,69300.0,18,Basic,4,6.05,24.2,17,0,0.554,4,14.83,2,0,0,1,0
108620,53,Male,Central,61200.0,53,Premium,15,159.74,2396.1,6,0,0.161,7,17.39,2,1382,2,1,0
108621,56,Male,Central,56500.0,4,Standard,8,29.73,237.84,5,0,0.368,5,17.83,1,185,0,0,0
108622,37,Male,East,42100.0,15,Standard,11,74.18,815.98,16,1,0.34,4,7.06,2,385,0,1,0
108623,50,Male,West,60500.0,46,Premium,12,170.02,2040.24,12,0,0.156,2,2.24,1,896,0,1,0
108624,25,Male,East,23700.0,47,Standard,4,103.54,414.16,37,0,0.643,10,,1,312,0,1,0
108625,49,Male,South,50200.0,56,Standard,7,36.5,255.5,18,0,0.353,13,4.26,1,210,0,0,0
108626,32,Female,Central,21100.0,7,Standard,10,36.41,364.1,8,0,0.651,4,21.41,0,182,1,1,0
108627,24,Female,West,22200.0,21,Basic,6,74.96,449.76,8,0,0.696,5,5.53,2,405,0,0,0
108628,37,Female,East,49300.0,14,Basic,8,67.07,536.56,33,1,0.274,4,3.33,0,71,1,0,1
108629,57,Male,West,79600.0,75,Standard,5,15.3,76.5,34,0,0.249,14,6.88,2,224,0,1,0
108630,41,Male,East,62600.0,28,Standard,7,31.28,218.96,11,0,0.797,2,5.23,0,276,3,0,0
108631,58,Male,North,72000.0,11,Basic,4,17.32,69.28,92,0,0.281,1,10.64,1,0,0,0,1
108632,29,Female,West,17000.0,72,Basic,6,8.62,51.72,279,0,0.312,8,4.14,0,161,0,1,1
108633,53,Male,North,49200.0,23,Premium,8,139.37,1114.96,16,0,0.702,6,12.97,0,645,0,1,0
108634,31,Female,South,37600.0,27,Basic,6,73.3,439.8,11,1,0.174,21,5.69,0,383,2,1,0
108635,42,Male,North,64300.0,83,Standard,6,7.38,44.28,5,0,0.202,8,31.18,1,138,2,1,0
108636,42,Female,South,,29,Standard,5,12.3,61.5,15,1,0.438,3,6.32,1,181,0,1,0
108637,48,Male,Central,39400.0,60,Basic,4,47.1,188.4,64,1,0.681,12,2.13,2,248,1,0,1
108638,42,Male,North,71100.0,18,Standard,4,104.85,419.4,51,0,0.288,10,13.2,1,254,1,0,0
108639,29,Female,South,28200.0,44,Standard,7,162.15,1135.05,14,0,0.479,15,17.39,1,676,0,1,0
108640,50,Female,West,42600.0,30,Basic,3,28.02,84.06,110,1,0.562,6,3.13,1,0,0,1,1
108641,62,Female,Central,73000.0,50,Basic,8,22.67,181.36,16,1,0.51,3,9.9,0,46,2,1,0
108642,31,Female,West,39600.0,28,Standard,9,39.52,355.68,19,2,0.379,6,9.7,0,0,0,1,0
108643,18,Female,Central,21000.0,27,Standard,7,38.16,267.12,15,0,0.38,5,8.33,3,0,1,1,0
108644,45,Female,West,53700.0,58,Basic,3,57.28,171.84,60,0,0.458,1,15.26,2,0,0,1,1
108645,35,Female,West,31200.0,15,Premium,15,56.18,842.7,70,1,0.159,3,3.52,0,327,0,0,0
108646,37,Female,South,38900.0,16,Premium,9,136.6,1229.4,76,1,0.284,11,2.46,1,773,1,1,1
108647,46,Male,South,54100.0,92,Premium,10,98.07,980.7,19,0,0.844,4,7.34,1,403,0,0,0
108648,33,Female,East,15000.0,14,Standard,4,73.94,295.76,55,1,0.251,5,14.09,1,175,0,0,1
108649,36,Female,West,58500.0,19,Standard,10,53.6,536.0,75,0,0.202,10,12.52,0,407,0,0,1
108650,38,Male,West,27800.0,14,Standard,9,34.51,310.59,62,0,,14,12.17,1,583,1,1,0
108651,58,Female,West,52900.0,17,Premium,6,77.34,464.04,41,0,0.329,8,10.55,2,162,0,1,0
108652,39,Male,East,62000.0,7,Standard,9,16.13,145.17,21,0,0.429,17,6.31,3,31,1,0,0
108653,23,Male,West,40700.0,38,Basic,6,24.6,147.6,60,0,0.314,7,9.65,0,0,0,1,1
108654,23,Male,North,34000.0,43,Basic,9,26.52,238.68,2,0,0.607,4,4.68,1,192,0,0,0
108655,41,Male,South,25900.0,3,Standard,8,88.97,711.76,106,0,0.222,4,7.72,1,373,0,1,1
108656,24,Male,East,25200.0,20,Standard,7,42.47,297.29,8,1,0.572,5,16.9,1,315,0,1,0
108657,19,Male,North,25900.0,19,Premium,10,122.61,1226.1,42,1,0.725,9,2.78,1,775,1,1,0
108658,47,Male,Central,53500.0,10,Basic,4,68.34,273.36,21,1,0.207,10,2.72,1,198,0,1,1
108659,48,Female,South,,9,Basic,5,42.77,213.85,4,0,0.134,8,2.71,1,165,1,1,0
108660,34,Male,North,71100.0,19,Basic,4,39.6,158.4,2,0,0.577,8,1.49,1,39,1,0,0
108661,43,Male,West,60400.0,57,Standard,9,34.06,306.54,122,1,0.234,9,2.67,0,379,0,0,1
108662,41,Male,North,42400.0,31,Standard,4,51.91,207.64,16,1,0.379,5,10.31,0,598,1,0,0
108663,47,Female,East,72600.0,32,Standard,6,106.58,639.48,46,0,0.167,9,3.76,1,413,0,1,0
108664,47,Female,South,47300.0,16,Standard,7,28.51,199.57,2,0,0.12,4,3.84,2,216,1,1,0
108665,18,Male,North,15000.0,10,Standard,10,70.75,707.5,50,0,0.56,4,4.84,1,302,0,1,0
108666,36,Female,West,27600.0,83,Basic,4,20.0,80.0,101,0,0.317,7,4.2,2,109,2,1,1
108667,46,Male,South,21400.0,56,Standard,10,87.03,870.3,28,0,0.544,11,18.58,2,578,0,1,0
108668,34,Female,East,37800.0,53,Basic,5,24.83,124.15,89,0,0.848,11,14.03,2,362,0,1,1
108669,39,Female,North,45500.0,32,Standard,5,67.55,337.75,26,0,0.182,6,13.71,1,258,0,1,0
108670,49,Female,East,35200.0,49,Basic,6,33.06,198.36,26,0,0.585,8,12.9,2,326,0,0,0
108671,40,Male,South,36900.0,41,Basic,6,17.67,106.02,39,0,0.48,7,8.04,0,0,1,0,0
108672,59,Male,North,47000.0,11,Basic,4,42.85,171.4,21,0,0.359,8,13.29,0,124,1,1,0
108673,54,Male,West,60400.0,85,Standard,11,71.22,783.42,73,0,0.211,5,15.71,0,190,0,0,0
108674,37,Male,East,34100.0,50,Premium,13,81.78,1063.14,117,0,0.027,13,3.73,0,726,1,1,0
108675,36,Male,Central,59200.0,23,Standard,16,27.18,434.88,18,0,0.391,16,5.05,0,464,2,0,0
108676,18,Male,West,30400.0,9,Basic,5,21.95,109.75,94,1,,11,7.16,1,78,0,0,1
108677,35,Female,East,66600.0,9,Standard,6,23.98,143.88,14,0,0.411,4,2.23,0,13,0,1,0
108678,21,Male,North,24500.0,32,Basic,6,18.02,108.12,12,0,0.425,18,4.81,0,329,1,1,0
108679,42,Male,West,80800.0,24,Basic,3,17.36,52.08,46,1,0.648,9,0.5,2,0,1,1,1
108680,41,Female,East,49900.0,17,Basic,2,53.88,107.76,13,0,0.581,9,15.26,0,130,0,0,1
108681,48,Non-binary,West,49100.0,32,Standard,4,90.91,363.64,13,0,0.371,11,4.58,1,111,0,1,0
108682,57,Female,East,98800.0,26,Standard,4,62.12,248.48,11,0,,12,0.59,1,0,2,0,0
108683,39,Male,North,22400.0,22,Standard,5,20.57,102.85,19,0,0.733,5,12.66,1,247,0,1,0
108684,69,Male,West,,10,Standard,11,27.19,299.09,103,0,0.381,7,6.55,1,243,0,1,1
108685,42,Female,West,27500.0,26,Basic,4,5.03,20.12,28,0,0.375,13,5.46,2,0,0,1,0
108686,22,Male,North,15000.0,63,Standard,9,30.17,271.53,23,0,0.655,2,4.11,3,120,0,1,0
108687,32,Male,West,15000.0,9,Basic,5,21.69,108.45,13,1,0.248,9,16.74,2,122,1,0,1
108688,34,Male,East,51800.0,60,Standard,8,56.51,452.08,33,0,0.142,4,11.12,0,499,1,0,0
108689,47,Male,East,36900.0,62,Standard,9,71.9,647.1,11,1,0.388,2,18.1,1,441,0,0,0
108690,27,Female,Central,33000.0,30,Standard,5,93.91,469.55,29,1,0.745,0,4.55,0,386,1,1,0
108691,35,Female,South,56600.0,30,Standard,12,27.27,327.24,15,0,0.478,23,1.58,1,339,1,1,0
108692,37,Female,North,52500.0,28,Basic,5,26.63,133.15,47,1,0.497,8,2.61,0,143,0,0,1
108693,33,Female,North,48000.0,35,Basic,7,28.52,199.64,9,0,0.384,13,4.95,1,136,1,0,0
108694,50,Female,Central,75400.0,20,Premium,12,26.77,321.24,36,1,0.691,8,11.95,0,364,1,1,0
108695,47,Male,North,78100.0,40,Basic,8,42.04,336.32,59,0,0.272,5,5.72,1,0,0,0,1
108696,54,Female,West,44700.0,4,Premium,8,28.62,228.96,48,1,0.426,13,1.01,3,220,1,0,1
108697,35,Male,West,50900.0,102,Standard,3,57.87,173.61,213,0,0.17,6,4.58,2,80,0,1,1
108698,55,Female,West,59300.0,45,Premium,16,240.26,3844.16,44,2,0.682,2,2.01,0,1885,1,1,0
108699,21,Female,North,28800.0,32,Basic,7,61.39,429.73,15,1,0.502,3,8.1,0,63,0,1,0
108700,21,Male,North,15000.0,44,Standard,7,81.51,570.57,92,0,0.219,5,4.29,1,554,1,1,1
108701,23,Non-binary,Central,25300.0,28,Standard,5,58.17,290.85,42,0,0.7,9,9.41,2,349,1,1,0
108702,39,Male,East,42000.0,42,Basic,6,36.02,216.12,55,1,0.326,5,14.74,1,249,0,0,1
108703,55,Female,North,83200.0,28,Standard,7,53.45,374.15,19,0,0.139,15,2.31,3,371,0,0,0
108704,31,Male,North,24200.0,20,Premium,13,56.01,728.13,53,1,0.137,13,15.65,0,264,0,0,0
108705,33,Female,West,15000.0,37,Basic,4,24.34,97.36,11,0,,16,6.65,0,59,1,1,0
108706,36,Male,Central,45000.0,32,Basic,3,40.81,122.43,10,0,0.116,7,12.18,2,0,1,1,1
108707,46,Male,East,37000.0,39,Basic,8,9.7,77.6,173,1,,20,8.93,1,191,0,1,1
108708,33,Female,South,40300.0,18,Basic,3,58.56,175.68,11,0,0.496,8,1.28,0,165,0,0,0
108709,32,Male,West,50600.0,5,Basic,6,39.57,237.42,121,0,0.657,10,3.02,2,140,0,1,1
108710,22,Male,North,30400.0,31,Standard,5,14.69,73.45,1,0,0.451,15,14.9,1,343,0,1,0
108711,32,Female,Central,35300.0,44,Basic,3,27.91,83.73,20,0,0.543,5,5.35,2,104,1,1,1
108712,54,Female,South,60000.0,84,Premium,16,103.1,1649.6,24,0,0.235,3,4.23,1,870,0,1,0
108713,40,Male,North,60800.0,36,Standard,9,163.58,1472.22,63,0,0.237,10,5.48,0,959,0,0,0
108714,29,Female,South,22300.0,13,Standard,4,63.08,252.32,207,0,0.048,4,4.62,1,474,0,1,1
108715,55,Female,North,73300.0,58,Basic,4,26.14,104.56,7,0,0.703,13,4.21,1,110,0,1,0
108716,31,Female,South,26300.0,29,Basic,5,10.68,53.4,17,0,0.924,5,10.75,1,0,0,1,0
108717,57,Non-binary,West,73500.0,58,Standard,6,30.86,185.16,7,1,0.288,3,5.33,1,40,4,0,0
108718,57,Female,East,43400.0,17,Basic,5,36.91,184.55,25,0,0.151,7,5.47,1,132,1,1,0
108719,40,Non-binary,West,56500.0,25,Premium,8,218.01,1744.08,63,0,0.728,10,2.66,0,918,0,1,0
108720,20,Male,North,28500.0,46,Standard,7,68.7,480.9,25,0,0.405,4,8.03,1,405,1,1,0
108721,69,Female,South,77800.0,50,Premium,10,99.45,994.5,9,1,0.267,9,5.29,1,88,0,1,1
108722,44,Female,East,66100.0,34,Standard,4,53.02,212.08,2,1,0.542,12,9.29,0,137,1,1,0
108723,35,Male,East,32700.0,39,Basic,4,84.03,336.12,49,1,0.072,6,3.54,0,183,0,1,0
108724,51,Female,North,59000.0,49,Basic,4,29.67,118.68,4,0,0.68,3,22.99,1,234,1,1,0
108725,48,Female,West,60700.0,27,Basic,4,88.01,352.04,60,0,0.586,5,13.85,3,131,1,1,1
108726,56,Female,North,59900.0,29,Basic,5,72.27,361.35,8,2,0.182,8,9.17,0,60,0,0,1
108727,30,Male,North,49400.0,83,Basic,6,13.16,78.96,65,0,0.311,2,5.99,0,400,0,1,0
108728,43,Male,South,56400.0,17,Basic,6,5.77,34.62,107,0,0.391,12,13.0,0,0,0,1,1
108729,24,Male,West,25600.0,8,Basic,5,52.33,261.65,12,0,0.324,15,31.43,2,391,2,0,0
108730,48,Female,North,74200.0,29,Basic,8,70.39,563.12,51,0,0.442,4,1.27,3,94,1,1,0
108731,39,Female,North,55800.0,29,Basic,9,30.39,273.51,25,1,0.202,10,10.84,1,359,1,1,0
108732,43,Male,East,40000.0,10,Basic,7,46.99,328.93,112,0,0.761,2,6.19,0,336,0,1,1
108733,37,Female,South,34100.0,28,Standard,5,86.16,430.8,50,0,0.521,4,7.88,2,187,0,1,1
108734,36,Non-binary,North,42000.0,8,Premium,8,41.17,329.36,16,0,0.58,8,0.71,0,351,2,1,0
108735,28,Male,West,43800.0,16,Standard,7,50.39,352.73,64,1,0.595,11,15.47,0,449,0,1,1
108736,49,Female,East,26500.0,36,Standard,7,34.43,241.01,96,0,0.31,7,14.29,4,313,0,0,1
108737,58,Male,North,54800.0,8,Standard,6,26.96,161.76,24,0,0.702,1,11.32,0,0,0,1,0
108738,32,Male,South,33200.0,22,Basic,3,62.78,188.34,22,0,0.42,10,9.51,0,304,1,1,0
108739,46,Male,South,34500.0,4,Basic,3,50.76,152.28,42,0,0.317,6,4.86,0,87,0,1,1
108740,45,Female,Central,39300.0,18,Basic,6,30.16,180.96,46,0,0.577,1,2.67,1,154,1,1,0
108741,39,Male,West,,58,Basic,5,41.27,206.35,99,0,0.525,7,1.31,3,34,1,1,1
108742,19,Female,South,22100.0,108,Basic,4,38.34,153.36,76,1,0.306,8,6.72,3,289,2,0,0
108743,22,Male,Central,26100.0,24,Premium,8,103.43,827.44,1,0,0.342,7,8.61,0,493,1,0,0
108744,29,Female,South,19100.0,35,Basic,3,32.23,96.69,40,0,0.361,11,0.96,1,10,0,1,0
108745,18,Female,South,25000.0,10,Standard,5,39.11,195.55,80,0,0.287,10,10.16,3,235,0,0,1
108746,57,Non-binary,Central,44000.0,34,Standard,7,55.93,391.51,47,1,0.395,14,8.67,1,509,2,0,1
108747,44,Male,West,73100.0,64,Standard,6,31.41,188.46,75,0,0.406,25,11.99,3,258,0,1,0
108748,39,Female,East,72400.0,28,Basic,4,54.11,216.44,58,0,0.237,11,3.45,1,282,0,1,1
108749,18,Male,East,21400.0,53,Standard,14,58.64,820.96,22,1,0.337,0,5.69,3,476,0,1,0
108750,18,Female,Central,15000.0,16,Basic,3,19.49,58.47,26,1,0.372,1,8.3,0,114,1,0,1
108751,39,Male,North,,5,Standard,10,141.54,1415.4,34,2,0.791,5,1.81,2,753,0,0,1
108752,65,Male,South,80900.0,21,Basic,6,55.9,335.4,39,0,0.699,9,9.13,3,80,0,1,0
108753,30,Female,South,65600.0,16,Premium,7,18.07,126.49,43,0,0.184,5,7.6,3,360,1,0,1
108754,50,Male,Central,88400.0,51,Standard,4,6.3,25.2,1,0,0.171,3,3.02,0,162,0,1,0
108755,33,Non-binary,North,15000.0,51,Standard,8,36.71,293.68,55,1,0.585,7,6.5,1,308,1,1,0
108756,40,Male,North,65100.0,10,Basic,6,7.07,42.42,15,0,0.319,17,3.39,1,385,1,0,0
108757,55,Male,South,60000.0,37,Standard,11,42.03,462.33,15,0,0.064,13,3.48,1,502,0,1,0
108758,35,Male,North,51800.0,45,Basic,3,20.45,61.35,14,0,0.344,9,3.17,0,244,2,1,0
108759,30,Male,West,50300.0,18,Standard,8,135.17,1081.36,10,2,0.232,10,9.33,2,595,1,1,1
108760,57,Female,South,75400.0,29,Basic,2,25.15,50.3,25,1,0.561,9,6.55,0,53,0,0,0
108761,40,Male,West,62900.0,41,Premium,12,84.79,1017.48,59,1,0.492,10,13.64,0,377,1,1,0
108762,53,Female,West,53400.0,55,Basic,2,77.85,155.7,10,0,0.584,7,6.1,1,139,0,1,0
108763,30,Female,East,26100.0,30,Standard,6,78.43,470.58,13,1,0.373,10,15.38,0,507,0,0,0
108764,57,Female,West,81700.0,36,Basic,5,10.01,50.05,26,1,0.28,7,13.45,2,11,1,0,1
108765,43,Male,North,39500.0,44,Standard,8,23.63,189.04,23,1,0.295,5,8.48,0,109,0,1,0
108766,45,Female,East,79700.0,10,Basic,2,17.61,35.22,154,0,0.491,4,21.6,0,0,0,0,1
108767,41,Female,East,39100.0,3,Premium,4,224.91,899.64,31,0,0.512,9,7.02,2,403,2,1,0
108768,32,Female,South,36000.0,40,Basic,7,16.86,118.02,80,0,0.464,5,12.29,2,234,0,1,0
108769,39,Female,North,45300.0,31,Standard,9,26.75,240.75,139,1,0.35,4,11.7,1,326,2,0,1
108770,33,Non-binary,East,20700.0,9,Premium,14,136.37,1909.18,16,1,0.285,8,10.95,0,937,1,1,0
108771,51,Female,East,37800.0,42,Standard,8,19.23,153.84,110,0,0.083,20,10.58,1,294,1,1,1
108772,36,Female,West,57900.0,9,Basic,5,50.64,253.2,64,0,0.369,4,4.78,0,108,1,1,1
108773,20,Non-binary,North,15000.0,29,Premium,6,82.99,497.94,7,0,0.132,19,3.22,2,342,1,1,0
108774,18,Female,North,63300.0,41,Basic,5,19.21,96.05,40,0,0.551,1,11.98,0,185,1,1,0
108775,18,Female,Central,26700.0,51,Standard,7,102.92,720.44,12,2,0.604,14,2.69,3,519,0,0,0
108776,47,Male,North,41100.0,21,Standard,4,82.72,330.88,103,0,0.095,8,,1,508,1,0,1
108777,24,Male,Central,39600.0,49,Basic,6,36.88,221.28,72,0,0.632,11,8.91,1,265,2,0,1
108778,43,Female,West,17300.0,23,Premium,10,53.4,534.0,44,0,0.15,2,4.77,0,164,0,0,0
108779,41,Male,East,45200.0,13,Standard,6,62.9,377.4,5,0,0.507,3,12.78,2,214,0,1,0
108780,38,Male,South,,16,Premium,20,99.56,1991.2,30,0,0.59,9,17.52,2,1169,0,0,0
108781,45,Male,Central,35900.0,19,Basic,6,10.91,65.46,16,0,0.314,7,,0,328,0,1,0
108782,41,Female,Central,41000.0,1,Premium,13,75.79,985.27,66,0,0.529,8,14.08,0,761,0,0,0
108783,18,Male,West,49400.0,44,Standard,2,124.33,248.66,70,0,0.797,11,4.35,0,307,2,1,0
108784,35,Male,West,46700.0,35,Basic,10,29.75,297.5,19,0,0.503,10,6.88,0,525,1,0,0
108785,45,Male,East,59200.0,17,Basic,6,54.86,329.16,61,0,0.355,2,3.4,2,450,0,0,1
108786,60,Male,North,56900.0,37,Basic,6,43.37,260.22,52,0,0.433,14,1.07,1,117,0,0,1
108787,61,Male,Central,50300.0,9,Basic,7,65.65,459.55,72,2,0.021,3,14.16,0,65,0,0,1
108788,21,Male,North,27500.0,38,Basic,0,31.34,0.0,56,0,0.693,10,,0,0,1,0,0
108789,34,Female,East,15000.0,43,Standard,3,21.15,63.45,33,0,0.578,1,7.31,2,0,1,0,1
108790,19,Female,South,,7,Standard,4,60.4,241.6,48,0,0.899,5,4.33,0,242,0,1,0
108791,59,Male,West,49400.0,46,Basic,6,20.6,123.6,11,1,0.649,11,16.1,0,0,0,0,0
108792,52,Female,West,31800.0,23,Premium,12,55.15,661.8,4,0,0.435,3,3.4,2,393,0,0,0
108793,44,Male,East,61800.0,23,Basic,5,18.76,93.8,22,0,0.289,7,11.62,2,68,1,0,0
108794,41,Male,North,48000.0,7,Standard,8,12.44,99.52,89,2,0.78,12,32.39,1,569,0,0,1
108795,57,Male,South,56400.0,52,Standard,7,31.41,219.87,2,1,0.503,5,29.97,2,172,0,1,0
108796,55,Female,North,72500.0,52,Basic,1,63.21,63.21,58,1,0.642,1,6.79,1,63,0,1,1
108797,54,Male,Central,39200.0,70,Basic,5,81.19,405.95,22,0,0.522,7,2.76,1,341,1,0,0
108798,45,Male,North,34800.0,56,Basic,3,43.5,130.5,5,0,0.525,8,2.66,2,130,0,0,0
108799,34,Male,Central,58800.0,30,Basic,6,27.55,165.3,12,1,0.259,6,6.67,0,220,1,1,0
108800,49,Male,North,89400.0,33,Premium,13,44.92,583.96,8,1,,4,2.04,0,483,1,0,0
108801,50,Female,Central,68000.0,3,Basic,6,35.09,210.54,15,0,0.355,2,3.95,2,121,1,1,1
108802,37,Male,East,52700.0,2,Premium,8,64.19,513.52,53,0,0.621,6,14.38,1,377,1,0,1
108803,34,Female,West,35100.0,24,Standard,9,109.12,982.08,9,1,0.58,9,14.36,2,641,0,0,0
108804,54,Male,East,54400.0,24,Premium,12,65.53,786.36,139,4,0.387,4,3.78,2,572,0,1,1
108805,61,Female,West,72000.0,12,Basic,8,15.06,120.48,49,0,0.476,14,8.13,0,280,0,1,0
108806,29,Female,West,57700.0,25,Standard,7,71.64,501.48,66,0,0.733,5,15.66,0,387,0,0,0
108807,36,Female,South,51100.0,14,Basic,4,19.96,79.84,2,0,0.286,10,15.26,0,74,0,0,0
108808,44,Female,Central,66100.0,53,Standard,6,40.62,243.72,56,1,0.586,7,10.06,6,379,1,1,1
108809,45,Male,East,40800.0,28,Standard,2,25.99,51.98,4,0,0.601,5,21.11,0,0,0,1,0
108810,32,Male,North,49900.0,16,Basic,6,64.31,385.86,14,0,0.595,7,1.15,1,308,0,1,0
108811,63,Female,South,61400.0,53,Premium,15,118.55,1778.25,28,1,0.311,6,1.57,2,841,0,1,0
108812,44,Female,East,54700.0,9,Standard,6,5.36,32.16,26,0,0.429,14,4.19,2,186,2,1,0
108813,46,Male,Central,63200.0,90,Basic,7,106.06,742.42,5,0,0.406,2,8.83,0,248,0,0,0
108814,62,Female,West,62400.0,31,Premium,9,71.51,643.59,31,1,0.405,7,5.99,0,412,1,1,0
108815,33,Female,South,28000.0,24,Premium,18,19.55,351.9,9,2,0.132,13,2.67,0,226,0,1,0
108816,38,Female,West,52100.0,6,Premium,10,56.97,569.7,23,0,0.131,4,4.88,0,279,0,1,0
108817,23,Male,North,30900.0,26,Standard,13,98.52,1280.76,42,0,0.383,4,3.86,0,634,1,1,0
108818,37,Non-binary,South,48000.0,22,Standard,6,30.95,185.7,30,0,0.7,9,10.62,3,151,0,0,1
108819,20,Female,West,39100.0,40,Basic,9,90.33,812.97,122,0,0.597,2,11.1,0,448,0,1,1
108820,49,Male,North,75800.0,24,Standard,6,21.6,129.6,34,1,0.441,10,23.33,0,278,2,1,0
108821,44,Male,South,62000.0,9,Standard,6,85.88,515.28,30,2,,5,4.54,2,356,1,0,1
108822,35,Non-binary,North,51600.0,21,Basic,6,15.84,95.04,13,0,,1,11.15,2,0,0,1,0
108823,38,Male,North,40000.0,14,Premium,16,63.47,1015.52,2,1,0.313,7,,1,559,1,1,0
108824,49,Male,North,52600.0,8,Standard,8,16.33,130.64,2,1,0.684,3,1.94,2,39,0,0,0
108825,24,Male,North,40100.0,58,Standard,5,26.95,134.75,74,1,0.086,8,15.24,1,20,0,1,0
108826,42,Male,East,45700.0,5,Standard,4,38.36,153.44,108,0,0.211,8,25.66,3,301,1,0,1
108827,48,Female,Central,62800.0,54,Basic,4,45.87,183.48,3,0,0.588,8,6.02,2,76,1,0,0
108828,18,Male,North,16600.0,27,Standard,4,56.04,224.16,24,0,0.145,6,2.47,0,138,0,1,0
108829,48,Male,Central,83500.0,43,Standard,4,68.29,273.16,2,0,0.37,1,1.05,1,111,1,0,0
108830,18,Female,West,30700.0,61,Premium,10,42.08,420.8,43,0,0.169,15,10.48,2,300,1,0,0
108831,37,Female,North,47800.0,16,Basic,4,61.63,246.52,34,0,0.612,5,6.01,0,244,1,1,0
108832,24,Female,South,26900.0,28,Standard,6,93.15,558.9,19,0,0.608,5,5.83,2,227,0,1,0
108833,58,Female,North,92800.0,17,Basic,7,19.65,137.55,5,0,0.769,14,0.74,1,426,0,1,0
108834,24,Female,West,16200.0,23,Standard,5,27.85,139.25,14,0,0.349,16,7.17,1,27,0,1,0
108835,18,Female,West,18200.0,41,Basic,5,45.67,228.35,34,1,0.68,16,7.01,2,219,3,1,0
108836,41,Female,South,,25,Standard,4,33.22,132.88,12,0,0.699,16,13.53,1,166,0,0,0
108837,34,Male,North,46600.0,28,Basic,6,13.27,79.62,45,0,0.647,1,9.83,0,0,2,1,0
108838,19,Female,North,20900.0,12,Basic,6,12.79,76.74,5,0,0.326,2,16.5,1,0,1,1,1
108839,46,Female,East,46900.0,24,Basic,1,6.77,6.77,7,0,0.737,2,5.84,1,289,0,1,0
108840,18,Female,North,23900.0,18,Basic,3,26.89,80.67,20,0,0.527,9,6.34,0,85,1,0,0
108841,26,Female,East,37000.0,27,Premium,13,66.62,866.06,41,0,0.178,6,4.5,1,725,0,1,0
108842,32,Female,East,63100.0,11,Standard,6,167.57,1005.42,89,0,0.219,8,17.71,1,254,0,1,1
108843,49,Non-binary,West,65900.0,16,Premium,11,69.11,760.21,70,0,0.133,6,14.29,1,577,1,1,1
108844,56,Female,North,78400.0,32,Standard,9,34.18,307.62,44,1,0.398,5,11.95,2,229,0,1,0
108845,53,Female,South,55200.0,39,Standard,8,41.35,330.8,60,0,0.071,5,7.38,1,112,0,1,0
108846,37,Male,East,53300.0,30,Standard,4,31.85,127.4,71,1,0.522,7,11.87,0,323,1,1,1
108847,18,Male,West,15000.0,21,Basic,3,23.15,69.45,72,0,0.461,3,6.7,0,136,0,1,1
108848,44,Female,East,55200.0,15,Basic,7,40.03,280.21,112,0,0.253,3,16.73,1,0,0,1,1
108849,58,Female,South,67700.0,4,Standard,6,62.83,376.98,55,1,0.887,4,18.46,3,286,0,1,1
108850,55,Male,North,88600.0,59,Basic,5,11.73,58.65,81,1,0.301,4,3.64,1,0,0,0,1
108851,45,Female,West,75500.0,51,Standard,4,56.79,227.16,5,1,0.26,2,4.65,0,12,0,1,1
108852,24,Female,East,30100.0,65,Basic,2,75.5,151.0,1,0,0.285,7,0.9,0,354,0,0,0
108853,32,Non-binary,West,29900.0,64,Basic,5,12.76,63.8,35,0,0.447,14,8.47,2,282,0,0,0
108854,64,Non-binary,West,60600.0,33,Standard,6,33.09,198.54,135,0,0.393,5,25.94,0,0,1,0,1
108855,21,Male,Central,26700.0,102,Standard,2,27.14,54.28,27,0,0.449,13,3.49,2,61,0,0,0
108856,24,Female,Central,51900.0,23,Basic,1,63.84,63.84,21,1,0.785,11,21.14,2,0,0,1,1
108857,51,Male,South,65200.0,28,Basic,6,17.31,103.86,23,0,0.378,5,11.55,0,88,1,1,0
108858,33,Male,North,49500.0,16,Standard,8,39.23,313.84,31,1,0.615,7,6.51,1,0,0,1,0
108859,24,Male,Central,45100.0,8,Standard,5,29.74,148.7,79,0,0.662,8,10.61,2,127,2,0,1
108860,59,Female,West,53000.0,18,Basic,10,43.01,430.1,28,0,0.539,7,2.19,1,233,1,0,1
108861,45,Female,Central,43700.0,17,Standard,5,45.57,227.85,164,1,0.592,2,9.99,2,31,0,1,1
108862,34,Female,East,50500.0,43,Standard,9,75.29,677.61,98,0,0.264,8,10.85,1,384,1,1,1
108863,24,Male,Central,22800.0,30,Standard,6,55.34,332.04,25,0,0.829,0,3.51,0,235,0,0,0
108864,66,Male,North,52200.0,36,Basic,3,63.14,189.42,33,0,0.702,11,8.99,2,0,0,1,1
108865,39,Female,East,32800.0,33,Premium,6,128.15,768.9,86,0,0.725,9,6.37,2,238,0,1,1
108866,57,Female,East,79800.0,33,Standard,6,53.5,321.0,30,0,0.596,5,8.26,2,152,1,0,0
108867,51,Female,North,54100.0,16,Basic,7,46.6,326.2,258,0,0.665,7,12.13,1,155,0,1,1
108868,32,Male,North,,32,Premium,13,62.91,817.83,28,3,0.179,9,8.23,2,484,1,1,1
108869,32,Female,North,26800.0,45,Standard,5,51.28,256.4,14,0,0.506,6,10.62,1,0,0,0,0
108870,58,Female,North,71300.0,57,Basic,4,50.15,200.6,55,1,0.717,4,7.56,1,195,1,1,1
108871,58,Male,Central,62200.0,51,Premium,6,117.09,702.54,30,0,0.807,6,9.91,0,537,1,0,0
108872,18,Male,Central,,40,Standard,9,80.93,728.37,99,1,0.643,3,,1,668,1,1,1
108873,46,Male,Central,47900.0,30,Basic,1,21.08,21.08,18,0,0.424,8,18.2,1,0,0,1,0
108874,37,Male,Central,53100.0,19,Standard,9,9.84,88.56,215,0,0.359,10,1.04,0,0,2,1,1
108875,26,Female,West,28200.0,33,Basic,7,32.48,227.36,58,0,0.223,3,2.89,2,223,2,0,1
108876,42,Female,Central,49700.0,67,Basic,3,17.27,51.81,95,0,0.501,4,6.57,3,78,0,1,1
108877,21,Female,North,27000.0,22,Standard,8,41.23,329.84,78,1,0.064,11,15.01,1,217,0,1,1
108878,33,Male,South,42600.0,77,Basic,5,78.91,394.55,29,0,0.634,7,16.1,0,169,2,1,0
108879,29,Male,Central,42400.0,34,Basic,7,89.86,629.02,10,0,0.387,3,2.81,1,354,0,0,0
108880,33,Female,East,35300.0,59,Basic,4,16.34,65.36,27,0,0.267,0,2.35,0,107,0,0,0
108881,38,Male,West,45300.0,17,Basic,6,84.75,508.5,23,0,0.269,10,31.58,1,430,0,1,0
108882,26,Male,East,38200.0,16,Standard,4,16.04,64.16,3,0,0.385,12,3.41,0,218,1,1,0
108883,59,Non-binary,South,74100.0,9,Basic,3,40.94,122.82,17,2,0.196,5,24.82,1,128,0,1,1
108884,45,Female,South,52600.0,66,Basic,7,29.45,206.15,51,2,0.319,11,5.45,0,64,0,1,0
108885,62,Female,West,57400.0,34,Basic,4,17.91,71.64,62,2,0.224,7,5.08,0,9,1,1,1
108886,37,Male,East,47300.0,45,Standard,8,47.64,381.12,61,1,0.346,12,18.25,1,298,1,1,0
108887,32,Male,South,50700.0,28,Basic,4,15.77,63.08,3,1,0.221,26,14.15,3,135,1,0,1
108888,62,Male,East,51100.0,30,Standard,10,22.2,222.0,10,2,0.357,10,7.4,0,0,1,0,0
108889,31,Male,South,21800.0,8,Basic,7,24.23,169.61,32,0,0.071,7,10.58,1,389,1,0,1
108890,37,Female,East,36800.0,35,Standard,4,119.16,476.64,1,1,0.308,18,11.16,1,344,0,0,0
108891,48,Male,West,53800.0,48,Premium,18,133.97,2411.46,29,2,0.452,6,9.7,1,1483,1,1,0
108892,23,Female,South,15000.0,4,Standard,5,91.32,456.6,34,0,0.673,9,2.46,0,117,0,1,0
108893,48,Female,Central,64500.0,20,Standard,5,17.8,89.0,53,1,0.69,3,9.98,1,0,0,0,1
108894,47,Female,East,53000.0,14,Basic,9,20.76,186.84,0,1,0.418,8,5.11,0,416,2,1,0
108895,56,Female,Central,31200.0,40,Basic,5,40.35,201.75,10,0,0.334,10,5.49,0,256,0,0,0
108896,51,Female,West,43800.0,38,Basic,5,28.02,140.1,37,0,0.48,1,14.43,1,0,0,1,0
108897,56,Male,Central,59900.0,44,Standard,6,103.8,622.8,92,0,0.594,6,6.96,0,311,0,1,0
108898,38,Male,West,22200.0,1,Standard,5,21.31,106.55,2,0,0.545,9,4.56,0,0,2,1,0
108899,28,Female,East,51100.0,29,Basic,11,49.1,540.1,19,1,0.68,5,16.97,0,323,0,1,0
108900,66,Female,East,76200.0,5,Standard,7,11.73,82.11,4,0,0.212,7,8.74,0,0,0,1,0
108901,19,Female,East,38400.0,33,Standard,4,13.45,53.8,67,0,0.798,13,5.99,1,51,0,0,1
108902,20,Female,North,15500.0,8,Premium,9,97.28,875.52,69,0,0.742,6,4.24,4,303,0,0,1
108903,46,Female,North,60400.0,38,Premium,9,155.58,1400.22,173,0,0.546,8,3.33,1,1134,2,1,1
108904,60,Male,North,58700.0,8,Basic,6,23.34,140.04,6,0,0.134,6,17.47,0,78,0,1,0
108905,41,Male,West,47200.0,12,Premium,10,48.34,483.4,65,0,0.657,5,10.14,0,186,2,1,0
108906,52,Male,North,65200.0,55,Basic,10,41.59,415.9,69,1,0.433,7,15.65,0,552,0,0,1
108907,18,Male,East,27000.0,25,Standard,6,63.83,382.98,19,0,0.037,14,4.01,1,589,1,1,0
108908,33,Male,North,53600.0,25,Standard,3,24.99,74.97,42,0,0.611,4,10.46,0,135,0,0,1
108909,18,Female,North,29900.0,11,Basic,6,14.47,86.82,24,0,0.391,4,12.39,2,130,1,1,0
108910,49,Female,East,51000.0,51,Standard,11,45.65,502.15,36,0,0.458,19,3.78,0,343,0,1,0
108911,19,Female,Central,40800.0,34,Standard,6,19.24,115.44,37,0,0.822,2,1.98,0,233,0,1,0
108912,22,Female,South,46600.0,33,Standard,4,91.87,367.48,91,0,0.308,4,7.76,1,686,0,0,1
108913,46,Male,Central,55800.0,10,Standard,6,70.81,424.86,89,0,0.296,5,9.45,4,512,1,1,1
108914,53,Female,North,80000.0,29,Basic,4,55.85,223.4,12,0,0.412,11,7.65,0,200,2,0,0
108915,37,Female,East,42800.0,113,Basic,5,55.13,275.65,3,0,0.2,15,7.5,3,195,0,1,0
108916,46,Female,North,52800.0,15,Basic,5,102.84,514.2,48,0,0.202,3,5.98,0,220,0,0,1
108917,46,Female,South,54700.0,54,Basic,7,11.47,80.29,66,1,0.665,9,2.39,1,0,0,0,0
108918,36,Male,North,43300.0,3,Standard,9,65.27,587.43,31,0,0.345,2,,1,605,0,1,1
108919,25,Female,North,30300.0,44,Basic,7,15.18,106.26,149,0,0.053,9,30.41,2,199,1,0,1
108920,46,Male,West,44600.0,36,Basic,6,37.84,227.04,93,0,,5,8.94,2,140,1,1,1
108921,47,Female,West,41600.0,23,Basic,3,20.14,60.42,178,1,0.472,7,6.6,2,180,1,0,1
108922,51,Female,North,60900.0,34,Premium,15,120.8,1812.0,35,0,0.384,8,1.16,1,941,0,0,0
108923,43,Female,Central,68500.0,35,Premium,8,38.9,311.2,7,0,0.539,3,14.25,1,138,0,1,0
108924,24,Male,West,45100.0,35,Basic,7,5.0,35.0,3,0,0.455,1,3.82,1,103,0,0,0
108925,48,Female,South,61900.0,20,Basic,5,6.55,32.75,6,1,0.125,6,2.03,1,0,1,0,1
108926,39,Male,South,65400.0,18,Basic,6,48.91,293.46,46,2,0.624,1,2.62,2,184,0,1,1
108927,33,Female,South,42500.0,14,Premium,11,72.93,802.23,58,1,0.622,5,15.97,2,755,0,0,1
108928,35,Male,West,30300.0,7,Standard,10,70.16,701.6,101,1,0.382,11,6.37,1,379,0,1,1
108929,30,Male,East,34500.0,25,Basic,6,28.14,168.84,20,1,0.161,7,13.71,1,144,0,1,1
108930,51,Male,North,58500.0,49,Basic,7,9.1,63.7,12,0,0.075,8,20.72,1,0,0,1,0
108931,21,Female,North,23700.0,17,Premium,11,45.73,503.03,18,1,0.651,6,15.72,4,327,1,0,1
108932,26,Female,South,44100.0,10,Basic,5,60.51,302.55,90,0,0.738,7,4.55,2,0,1,0,1
108933,35,Male,South,57200.0,14,Premium,6,15.32,91.92,59,2,0.344,16,4.67,0,30,0,1,1
108934,60,Male,East,43700.0,28,Standard,6,26.91,161.46,16,0,0.598,4,5.5,0,354,1,0,0
108935,53,Female,Central,59200.0,28,Standard,7,156.05,1092.35,58,0,0.657,5,17.7,1,739,0,0,1
108936,18,Female,South,15000.0,13,Standard,3,40.45,121.35,35,0,0.309,8,12.88,1,228,0,1,1
108937,57,Female,South,63800.0,25,Standard,6,100.2,601.2,90,1,0.177,6,24.24,1,428,0,1,1
108938,57,Female,North,63600.0,22,Standard,10,105.08,1050.8,35,0,,6,14.53,0,507,2,0,0
108939,24,Female,South,58600.0,38,Basic,3,19.52,58.56,76,0,0.101,1,17.91,1,0,0,0,1
108940,18,Female,West,48700.0,63,Standard,6,30.55,183.3,144,0,0.649,10,4.17,0,215,1,1,1
108941,38,Female,Central,60100.0,17,Premium,14,40.75,570.5,71,1,0.622,3,15.91,2,179,1,0,1
108942,54,Male,West,48800.0,15,Premium,11,36.61,402.71,118,1,0.686,3,7.04,2,149,0,1,1
108943,60,Male,North,53700.0,28,Basic,3,7.29,21.87,20,0,0.774,9,1.27,0,176,1,1,0
108944,28,Male,Central,,32,Premium,11,86.97,956.67,110,0,0.37,3,9.08,1,383,1,1,1
108945,62,Male,West,91200.0,39,Basic,4,28.56,114.24,78,0,0.357,3,7.03,0,0,0,0,1
108946,18,Male,North,15300.0,6,Basic,2,58.6,117.2,109,0,0.346,12,5.39,1,290,1,0,1
108947,34,Female,Central,37800.0,87,Standard,9,28.2,253.8,43,0,0.238,9,11.16,0,205,0,1,0
108948,34,Male,West,30600.0,21,Standard,9,71.51,643.59,85,1,0.159,1,1.5,1,412,0,1,1
108949,54,Female,West,,16,Basic,6,30.66,183.96,38,0,0.43,4,4.97,1,229,1,1,1
108950,56,Female,South,68800.0,10,Basic,8,18.2,145.6,0,0,0.467,7,16.84,2,0,2,0,1
108951,51,Male,North,61500.0,18,Standard,8,75.59,604.72,2,0,0.454,10,28.47,1,220,1,1,1
108952,21,Female,West,15000.0,7,Premium,11,71.3,784.3,32,0,0.489,6,10.12,1,495,2,0,0
108953,50,Male,East,40200.0,54,Basic,8,58.61,468.88,26,0,0.264,4,19.66,2,348,1,1,0
108954,46,Male,Central,58200.0,23,Standard,8,65.02,520.16,42,2,0.598,7,4.19,1,127,0,1,1
108955,18,Female,North,27000.0,15,Premium,12,118.34,1420.08,11,0,0.54,10,7.12,2,871,0,0,1
108956,18,Female,South,22400.0,47,Premium,10,92.56,925.6,18,1,0.195,5,20.84,1,319,0,1,0
108957,52,Male,West,68800.0,22,Basic,6,82.58,495.48,73,0,0.029,4,11.52,1,93,1,0,1
108958,37,Male,East,25800.0,15,Standard,5,18.24,91.2,58,0,0.215,3,8.92,0,32,0,0,1
108959,22,Male,South,23500.0,71,Standard,6,71.73,430.38,57,0,0.18,13,3.34,1,264,1,0,0
108960,36,Female,West,52400.0,18,Standard,9,5.27,47.43,112,1,0.41,11,8.94,0,94,1,1,1
108961,44,Male,West,43600.0,4,Standard,5,50.07,250.35,17,1,0.3,8,4.59,0,91,0,1,1
108962,38,Female,East,51400.0,25,Premium,9,28.64,257.76,40,0,0.426,5,23.24,2,364,1,0,1
108963,19,Female,South,15000.0,23,Standard,6,28.48,170.88,91,0,0.664,2,5.29,2,170,0,0,1
108964,64,Male,East,60200.0,15,Standard,6,110.33,661.98,18,2,0.178,4,9.75,2,127,0,1,1
108965,52,Female,East,35300.0,14,Premium,12,129.37,1552.44,1,0,0.421,8,4.4,1,1008,0,1,0
108966,35,Female,West,15400.0,27,Premium,7,142.73,999.11,20,2,0.338,10,5.64,2,399,0,1,0
108967,35,Female,West,37500.0,18,Basic,6,44.26,265.56,27,0,0.344,4,4.61,0,246,0,0,0
108968,44,Male,East,59000.0,21,Standard,9,61.68,555.12,2,2,0.571,6,2.32,1,280,0,1,0
108969,24,Male,North,32100.0,31,Premium,13,53.99,701.87,27,1,0.591,8,8.92,1,381,0,0,0
108970,43,Non-binary,North,68000.0,20,Premium,13,146.19,1900.47,6,1,0.247,6,7.44,1,1055,0,0,0
108971,22,Female,South,26300.0,16,Premium,13,152.64,1984.32,20,1,0.254,9,4.99,0,723,2,1,0
108972,38,Female,East,17300.0,39,Standard,13,102.1,1327.3,6,0,0.641,3,5.5,2,444,1,0,0
108973,24,Male,West,38500.0,18,Basic,6,17.11,102.66,15,0,0.617,13,22.99,1,262,0,1,0
108974,24,Female,Central,18600.0,15,Basic,4,28.72,114.88,33,0,0.356,11,6.07,0,58,0,1,1
108975,60,Female,East,69700.0,8,Basic,5,9.68,48.4,5,1,0.29,5,8.34,0,0,1,1,1
108976,40,Female,West,16900.0,13,Standard,4,28.24,112.96,20,0,0.402,6,20.3,0,140,1,1,0
108977,42,Male,East,46900.0,10,Premium,13,37.42,486.46,78,0,0.344,3,9.9,1,509,2,0,1
108978,18,Male,South,37800.0,8,Basic,6,21.18,127.08,75,0,0.283,3,6.21,3,0,0,1,1
108979,31,Female,East,48500.0,14,Standard,4,54.68,218.72,36,0,0.498,22,6.3,1,344,1,1,0
108980,45,Female,South,50100.0,32,Standard,8,16.05,128.4,14,0,0.368,13,5.41,1,119,0,1,0
108981,42,Male,South,50100.0,25,Basic,5,45.13,225.65,13,0,0.598,5,8.01,2,281,0,1,1
108982,18,Male,Central,21000.0,20,Basic,8,5.01,40.08,8,0,0.118,8,16.48,4,0,0,0,1
108983,42,Female,East,46600.0,34,Basic,6,15.68,94.08,83,0,0.251,5,4.67,0,0,1,1,1
108984,44,Female,North,61500.0,16,Standard,2,47.5,95.0,27,0,0.543,7,20.49,2,1,0,1,1
108985,56,Male,East,53600.0,30,Standard,6,81.95,491.7,62,0,0.356,7,19.49,0,183,2,1,0
108986,30,Male,Central,30300.0,38,Standard,9,12.26,110.34,7,0,0.521,7,12.19,1,88,0,1,0
108987,18,Male,North,15000.0,4,Premium,9,68.77,618.93,123,0,0.337,4,6.14,2,229,1,0,1
108988,26,Male,Central,44700.0,24,Basic,6,24.68,148.08,12,1,0.319,2,1.63,1,0,0,1,0
108989,25,Male,Central,30200.0,33,Standard,5,23.43,117.15,96,1,0.584,7,11.51,1,0,0,1,1
108990,49,Female,East,39800.0,31,Basic,7,12.87,90.09,12,2,0.733,9,2.2,0,186,2,0,0
108991,18,Female,South,39500.0,25,Standard,10,36.84,368.4,53,0,0.6,8,6.91,1,20,1,0,1
108992,33,Female,North,40800.0,17,Standard,10,39.4,394.0,60,2,0.592,12,11.66,1,169,1,0,1
108993,58,Male,North,54800.0,21,Standard,4,27.37,109.48,6,0,0.232,8,13.31,1,0,1,1,0
108994,39,Female,South,59700.0,56,Standard,8,54.54,436.32,15,1,0.26,9,11.04,0,348,1,0,0
108995,51,Female,West,53800.0,5,Standard,4,58.5,234.0,70,0,0.447,13,7.72,0,112,0,1,1
108996,18,Female,Central,15000.0,14,Basic,4,21.5,86.0,126,0,0.501,9,7.15,0,0,0,0,1
108997,18,Male,North,40700.0,25,Premium,11,170.04,1870.44,54,0,0.466,7,12.81,2,1174,1,0,0
108998,58,Male,East,53500.0,8,Standard,8,46.03,368.24,12,0,0.583,9,12.55,0,0,0,0,0
108999,40,Female,East,90400.0,20,Standard,10,26.1,261.0,87,0,0.556,3,6.15,1,363,0,0,1
109000,40,Female,South,41900.0,40,Premium,10,24.82,248.2,77,0,0.702,2,0.5,0,334,1,1,0
109001,24,Male,East,15000.0,36,Standard,3,28.75,86.25,27,0,0.585,12,18.12,1,111,1,0,0
109002,40,Female,Central,72700.0,24,Basic,2,23.44,46.88,12,1,0.079,7,8.18,1,59,1,0,1
109003,24,Male,South,32100.0,28,Standard,7,49.54,346.78,47,0,0.599,15,13.31,0,525,2,0,0
109004,54,Female,North,65000.0,2,Standard,7,51.6,361.2,32,0,0.222,2,10.94,1,417,1,1,1
109005,74,Male,West,85800.0,10,Basic,2,61.49,122.98,41,0,0.289,9,6.38,5,0,1,1,1
109006,45,Female,North,33800.0,15,Standard,6,36.34,218.04,14,0,0.412,11,1.86,0,364,1,0,0
109007,31,Male,Central,15000.0,19,Standard,5,38.85,194.25,31,0,0.237,4,6.01,1,194,0,0,1
109008,18,Female,Central,54600.0,41,Standard,11,92.69,1019.59,21,2,0.367,15,11.47,1,588,0,1,0
109009,18,Female,North,15000.0,73,Basic,4,42.46,169.84,42,0,0.414,7,1.89,0,23,2,0,0
109010,59,Male,East,89100.0,21,Standard,5,31.64,158.2,3,0,0.343,11,6.84,0,136,0,1,0
109011,26,Male,West,42200.0,20,Basic,3,32.53,97.59,73,1,0.571,4,1.81,0,358,1,1,1
109012,34,Male,East,44900.0,24,Basic,6,25.23,151.38,44,1,0.664,10,2.75,1,133,2,0,1
109013,48,Male,East,49200.0,13,Standard,9,69.88,628.92,3,0,0.405,11,10.78,1,753,0,1,0
109014,58,Male,Central,97600.0,61,Standard,10,34.79,347.9,12,1,0.64,1,7.19,2,132,0,0,0
109015,36,Male,South,34600.0,12,Standard,6,18.08,108.48,8,0,0.743,5,7.14,1,138,0,1,0
109016,34,Female,East,33100.0,13,Basic,7,16.34,114.38,13,0,0.589,3,6.07,2,39,0,1,0
109017,40,Male,North,57600.0,16,Standard,2,87.1,174.2,76,0,0.327,9,11.43,0,335,0,1,1
109018,31,Female,South,30200.0,66,Basic,4,26.19,104.76,34,0,0.487,10,4.61,2,131,1,0,0
109019,32,Female,Central,26400.0,33,Basic,3,7.14,21.42,213,1,0.43,16,9.86,2,204,0,0,1
109020,44,Male,West,51100.0,24,Premium,11,43.8,481.8,53,2,0.569,4,17.45,0,368,0,1,1
109021,41,Female,East,58700.0,20,Basic,2,56.92,113.84,21,0,0.66,4,7.22,0,25,0,0,1
109022,67,Female,North,100100.0,23,Standard,5,13.06,65.3,49,0,0.478,0,16.62,0,0,0,1,0
109023,45,Female,Central,82100.0,10,Standard,7,75.9,531.3,11,0,0.181,11,11.28,1,175,0,0,0
109024,54,Male,South,36400.0,3,Basic,11,19.27,211.97,43,0,0.237,11,7.24,1,23,0,0,1
109025,25,Male,East,48500.0,43,Basic,5,15.67,78.35,99,0,0.547,3,1.99,3,213,2,1,1
109026,46,Female,South,40100.0,9,Basic,5,28.9,144.5,1,0,0.827,1,3.47,1,0,0,1,0
109027,30,Female,East,25600.0,59,Standard,4,27.3,109.2,144,1,0.579,5,10.2,1,300,0,0,1
109028,44,Female,East,44400.0,33,Basic,5,87.91,439.55,17,0,0.531,8,8.66,2,222,1,0,0
109029,48,Female,South,47300.0,21,Premium,12,69.98,839.76,6,0,0.501,3,16.17,2,422,1,1,0
109030,40,Female,East,33200.0,31,Basic,5,30.62,153.1,12,1,0.195,16,5.42,0,185,0,1,0
109031,70,Female,South,44100.0,26,Basic,6,49.85,299.1,12,1,0.18,28,9.07,3,453,0,0,1
109032,58,Male,West,85500.0,23,Basic,1,31.72,31.72,67,0,0.707,12,8.0,1,0,1,1,1
109033,54,Male,East,74100.0,24,Standard,3,84.85,254.55,7,0,0.345,12,14.63,2,265,1,0,0
109034,49,Female,Central,56500.0,44,Basic,2,29.48,58.96,76,0,0.357,5,6.05,1,32,1,1,1
109035,62,Female,North,55500.0,32,Standard,7,80.78,565.46,20,0,0.26,9,11.61,2,0,0,1,0
109036,20,Female,North,46500.0,22,Standard,9,67.45,607.05,6,0,0.477,9,2.62,0,407,0,1,0
109037,57,Female,North,63400.0,39,Premium,11,53.29,586.19,3,0,0.062,11,5.97,0,460,2,1,0
109038,26,Female,North,26800.0,64,Basic,8,16.73,133.84,15,1,0.047,9,9.8,0,75,0,0,0
109039,32,Male,East,17600.0,22,Standard,8,22.69,181.52,1,0,0.36,8,5.17,0,68,0,1,0
109040,46,Male,North,61400.0,14,Basic,6,21.84,131.04,0,0,0.584,3,3.44,1,17,1,1,0
109041,55,Female,North,57800.0,41,Basic,3,26.77,80.31,8,0,0.235,6,12.53,0,0,0,1,0
109042,24,Female,South,36600.0,22,Premium,13,32.69,424.97,10,1,0.307,7,15.38,2,484,1,1,0
109043,32,Male,East,42900.0,49,Premium,15,82.69,1240.35,58,0,0.6,7,4.45,1,849,1,1,0
109044,40,Male,West,57100.0,10,Basic,6,29.41,176.46,31,0,0.568,13,5.83,1,21,1,0,0
109045,37,Female,South,,17,Standard,7,21.72,152.04,61,0,0.743,8,2.2,0,282,2,1,0
109046,50,Male,Central,53400.0,77,Standard,9,43.59,392.31,165,0,0.326,3,4.61,0,446,0,1,1
109047,80,Female,North,94000.0,17,Basic,3,15.95,47.85,21,1,0.421,9,1.66,0,262,2,1,0
109048,44,Male,East,65300.0,50,Basic,7,28.74,201.18,13,0,0.208,12,0.87,0,146,0,1,0
109049,29,Female,South,59400.0,14,Standard,6,81.67,490.02,1,0,0.241,7,4.69,0,557,0,0,0
109050,22,Male,West,15400.0,39,Standard,5,53.98,269.9,18,0,0.556,5,2.65,1,211,1,1,0
109051,35,Female,North,59000.0,12,Basic,7,49.95,349.65,11,0,0.144,1,17.01,2,331,1,1,1
109052,27,Male,Central,15000.0,42,Basic,5,12.59,62.95,70,1,0.365,9,30.63,2,283,1,0,1
109053,45,Male,West,67200.0,20,Premium,16,19.63,314.08,81,2,0.67,3,3.67,1,71,0,0,1
109054,45,Male,East,44700.0,17,Basic,4,31.55,126.2,15,0,0.269,2,11.53,2,0,0,1,0
109055,33,Male,East,53300.0,20,Standard,3,55.43,166.29,28,1,0.359,13,21.31,3,250,0,1,1
109056,65,Female,South,92800.0,25,Basic,7,113.8,796.6,70,1,0.748,3,6.38,2,658,0,1,1
109057,29,Male,North,41000.0,28,Basic,5,15.96,79.8,2,0,,12,15.93,0,76,1,1,0
109058,37,Female,Central,45400.0,9,Basic,7,93.19,652.33,10,0,0.575,6,2.88,2,647,0,1,0
109059,47,Male,West,54200.0,30,Basic,6,59.37,356.22,78,0,0.497,6,4.7,0,172,0,1,1
109060,51,Female,North,52800.0,8,Basic,4,29.43,117.72,18,0,0.164,4,4.75,1,150,0,1,0
109061,56,Female,North,79800.0,46,Basic,4,40.36,161.44,11,0,0.188,7,1.15,3,332,2,1,0
109062,45,Female,South,52100.0,32,Standard,11,75.25,827.75,13,1,0.169,2,7.51,0,405,0,1,0
109063,53,Non-binary,West,30800.0,32,Basic,2,50.91,101.82,65,0,0.024,10,4.5,3,127,0,1,1
109064,30,Male,East,51800.0,41,Premium,7,103.25,722.75,36,1,0.285,2,4.34,0,489,0,0,0
109065,51,Female,West,71000.0,32,Premium,9,95.61,860.49,112,1,0.702,5,25.19,1,210,1,1,1
109066,51,Male,North,60000.0,65,Basic,2,20.29,40.58,9,0,0.306,11,1.82,0,113,2,1,0
109067,59,Female,Central,55900.0,12,Standard,5,65.7,328.5,3,0,0.439,2,1.72,2,422,1,1,0
109068,18,Female,North,15000.0,9,Basic,6,59.49,356.94,27,0,0.709,7,10.11,2,193,0,1,0
109069,27,Female,South,25600.0,67,Standard,5,13.32,66.6,4,0,0.756,8,15.99,0,0,0,1,0
109070,50,Male,Central,61200.0,32,Basic,3,57.74,173.22,42,0,0.093,3,14.35,0,195,1,1,0
109071,18,Male,West,15000.0,35,Premium,12,92.73,1112.76,3,0,0.586,9,6.94,0,582,0,1,0
109072,45,Male,East,59600.0,11,Basic,7,50.36,352.52,30,0,0.545,5,17.27,0,292,1,0,1
109073,53,Female,Central,62300.0,34,Basic,5,66.72,333.6,36,0,0.19,10,13.56,1,0,0,0,0
109074,32,Female,North,59300.0,23,Standard,10,50.4,504.0,3,1,0.632,8,3.79,0,306,0,1,0
109075,33,Male,North,52100.0,38,Standard,14,9.85,137.9,119,2,0.36,5,4.67,2,93,0,0,1
109076,25,Female,North,24500.0,26,Basic,6,29.4,176.4,13,0,0.283,14,17.74,1,322,1,0,0
109077,32,Male,South,17600.0,23,Standard,8,37.56,300.48,78,0,0.207,9,0.5,0,354,0,1,1
109078,33,Non-binary,West,30800.0,26,Standard,9,48.57,437.13,1,0,0.484,11,14.83,0,230,0,0,0
109079,30,Female,East,58700.0,16,Basic,5,20.9,104.5,124,1,0.486,9,21.6,0,0,0,1,1
109080,29,Female,South,42600.0,18,Basic,6,64.93,389.58,6,0,0.563,2,5.68,3,267,0,0,0
109081,35,Male,West,52500.0,52,Standard,6,61.18,367.08,80,1,0.326,13,21.34,4,243,3,1,0
109082,35,Male,South,35300.0,34,Standard,0,34.13,0.0,34,0,0.282,19,5.11,0,237,0,1,0
109083,63,Male,North,77500.0,22,Basic,8,38.45,307.6,5,0,0.468,4,2.43,0,151,0,1,0
109084,34,Male,South,21900.0,34,Basic,4,12.4,49.6,66,0,0.337,6,19.96,3,38,0,1,1
109085,43,Female,West,64800.0,31,Basic,5,40.09,200.45,53,0,0.427,4,4.55,2,216,0,1,1
109086,32,Male,East,25100.0,19,Premium,13,133.9,1740.7,34,1,0.332,7,7.64,0,665,0,1,0
109087,31,Male,Central,15000.0,16,Standard,7,31.59,221.13,26,0,0.319,6,8.54,0,158,0,1,0
109088,18,Male,Central,59700.0,18,Standard,6,22.41,134.46,25,1,0.39,7,10.68,1,184,1,0,0
109089,19,Female,West,30800.0,47,Basic,11,51.31,564.41,79,1,0.339,12,4.23,2,212,0,1,1
109090,23,Male,West,34300.0,22,Standard,10,79.56,795.6,19,1,0.477,1,13.39,0,184,3,1,0
109091,41,Female,East,23700.0,51,Premium,11,156.77,1724.47,54,1,0.495,0,2.11,2,740,1,1,1
109092,53,Female,Central,70000.0,17,Premium,7,56.94,398.58,12,0,0.254,7,12.22,2,242,1,1,0
109093,18,Non-binary,East,40400.0,14,Standard,2,17.53,35.06,40,0,0.22,12,1.5,1,220,1,1,0
109094,32,Non-binary,South,38500.0,22,Premium,8,29.25,234.0,22,0,0.256,3,7.62,1,68,1,0,1
109095,21,Male,North,43300.0,29,Basic,9,117.42,1056.78,27,0,0.148,7,4.82,0,725,0,1,0
109096,36,Male,West,61500.0,26,Standard,9,49.63,446.67,9,0,0.287,7,4.36,2,201,0,1,0
109097,53,Female,South,68600.0,32,Basic,6,12.46,74.76,15,1,0.351,9,4.29,0,0,1,0,0
109098,33,Male,West,15000.0,32,Standard,13,78.74,1023.62,5,0,0.512,8,10.29,0,485,0,1,0
109099,38,Male,Central,30900.0,37,Standard,4,87.51,350.04,9,0,0.607,4,,0,91,1,1,0
109100,58,Male,South,89600.0,11,Basic,4,25.31,101.24,72,0,0.551,9,7.37,0,259,1,0,1
109101,45,Male,South,54800.0,16,Premium,7,20.53,143.71,117,1,0.225,1,32.64,0,65,1,0,1
109102,29,Male,North,39700.0,27,Basic,5,21.95,109.75,31,0,0.342,8,6.88,1,317,1,0,0
109103,41,Male,East,38200.0,19,Standard,8,100.03,800.24,27,0,0.35,5,10.28,0,387,3,1,0
109104,28,Female,West,28600.0,23,Premium,9,70.85,637.65,22,0,0.662,5,10.7,2,414,0,1,0
109105,44,Male,South,69400.0,25,Basic,2,38.85,77.7,67,0,0.602,5,21.59,0,12,0,0,1
109106,46,Female,East,75600.0,21,Premium,7,99.69,697.83,70,0,0.477,17,6.05,0,599,0,0,1
109107,21,Female,East,42000.0,18,Standard,13,49.53,643.89,28,0,0.11,3,8.87,2,658,1,1,1
109108,41,Male,South,57600.0,13,Standard,4,50.07,200.28,44,0,0.078,4,6.87,0,0,2,0,0
109109,37,Male,North,54800.0,21,Basic,3,30.21,90.63,71,0,0.325,2,4.92,1,257,1,1,1
109110,46,Male,North,53600.0,18,Standard,10,34.89,348.9,100,1,0.177,10,12.93,1,258,0,1,1
109111,50,Female,West,41500.0,40,Standard,8,43.18,345.44,59,0,0.369,6,7.13,1,353,1,0,0
109112,45,Female,South,33800.0,35,Premium,11,43.06,473.66,7,1,0.522,7,35.38,0,144,2,1,0
109113,35,Male,North,62600.0,11,Standard,2,27.85,55.7,93,0,0.576,8,5.18,1,0,0,0,1
109114,51,Male,South,58900.0,60,Basic,2,48.52,97.04,9,0,0.551,7,1.94,0,193,0,0,1
109115,28,Non-binary,West,44200.0,18,Basic,2,19.31,38.62,19,0,0.333,7,27.94,0,114,1,1,0
109116,22,Male,West,34800.0,9,Premium,15,103.11,1546.65,0,0,0.132,1,7.37,0,457,0,1,0
109117,18,Female,South,31700.0,17,Standard,8,67.15,537.2,1,0,0.309,7,5.11,2,25,0,1,0
109118,38,Male,East,51800.0,8,Standard,5,33.99,169.95,34,0,0.543,5,32.96,0,316,0,0,1
109119,28,Female,West,47300.0,9,Standard,11,72.17,793.87,55,0,0.6,2,3.95,1,499,0,0,0
109120,44,Male,Central,42000.0,103,Basic,5,21.61,108.05,34,0,0.402,6,3.1,1,0,1,1,0
109121,18,Male,East,44600.0,39,Premium,9,130.95,1178.55,5,0,0.5,9,1.81,0,608,0,1,0
109122,31,Female,West,,10,Standard,6,61.77,370.62,24,0,0.551,4,10.81,2,113,1,0,0
109123,45,Male,North,57000.0,6,Basic,2,17.31,34.62,85,0,0.231,4,15.34,0,91,0,1,1
109124,26,Male,South,19000.0,23,Basic,5,39.24,196.2,173,3,0.799,3,8.02,2,224,1,0,1
109125,44,Female,Central,50400.0,5,Standard,13,75.46,980.98,50,2,0.349,3,3.3,2,693,0,0,1
109126,32,Female,North,32100.0,22,Standard,7,37.83,264.81,5,0,0.438,9,3.5,2,239,0,0,1
109127,39,Male,South,48300.0,31,Basic,2,45.38,90.76,2,0,0.24,17,5.2,1,212,0,0,0
109128,47,Male,West,65800.0,32,Premium,13,100.89,1311.57,73,0,0.287,6,7.0,2,830,0,1,1
109129,51,Male,Central,60400.0,10,Standard,9,57.04,513.36,7,1,0.497,18,1.7,0,360,0,1,0
109130,40,Female,North,76400.0,28,Premium,10,69.53,695.3,0,0,0.424,12,11.22,1,300,1,1,0
109131,28,Male,Central,48600.0,46,Basic,5,10.88,54.4,14,0,,4,6.17,4,2,1,1,0
109132,33,Female,South,39100.0,19,Standard,9,24.03,216.27,110,0,0.48,2,4.46,3,172,0,0,1
109133,47,Female,Central,54300.0,10,Premium,14,75.34,1054.76,52,3,0.612,3,0.5,4,572,0,1,1
109134,26,Female,Central,40900.0,18,Basic,13,10.75,139.75,184,0,0.188,3,2.75,0,476,0,1,1
109135,37,Female,West,55900.0,11,Standard,13,56.96,740.48,2,0,0.292,11,7.71,1,345,0,1,0
109136,34,Female,Central,25900.0,120,Standard,5,122.89,614.45,81,0,0.481,6,9.43,0,152,0,0,0
109137,38,Female,Central,55900.0,41,Basic,3,40.1,120.3,3,0,0.595,7,2.64,0,270,0,1,0
109138,26,Female,Central,18700.0,35,Premium,10,192.86,1928.6,6,0,0.301,9,5.94,2,1010,0,1,0
109139,18,Male,East,35600.0,6,Basic,3,23.67,71.01,20,0,0.639,6,8.72,2,0,1,1,0
109140,46,Female,East,70000.0,20,Basic,10,66.07,660.7,1,0,0.418,13,14.33,0,630,0,0,0
109141,52,Female,North,64500.0,17,Standard,6,56.76,340.56,27,0,0.493,4,9.38,1,58,0,1,0
109142,18,Male,North,15000.0,15,Basic,7,50.58,354.06,69,3,0.325,8,8.54,0,204,0,1,1
109143,44,Male,West,27700.0,50,Premium,9,29.23,263.07,154,0,0.566,9,15.57,2,237,0,1,1
109144,53,Male,North,69100.0,89,Basic,2,65.97,131.94,46,0,0.652,11,10.71,2,182,0,1,1
109145,47,Female,Central,21200.0,15,Premium,12,165.77,1989.24,22,2,0.233,3,2.81,2,1178,1,0,1
109146,34,Male,South,51700.0,4,Standard,4,113.91,455.64,32,0,0.263,6,13.39,0,193,1,0,1
109147,27,Male,North,50300.0,16,Standard,8,33.38,267.04,27,0,0.471,5,35.77,0,242,0,0,0
109148,40,Male,South,64800.0,48,Premium,8,140.09,1120.72,49,1,0.342,10,10.63,0,508,0,1,0
109149,42,Male,North,47400.0,41,Premium,12,75.61,907.32,24,0,0.696,4,19.19,0,617,1,1,0
109150,40,Female,North,55000.0,24,Premium,8,163.28,1306.24,36,0,0.312,5,13.15,0,860,0,1,1
109151,37,Female,East,49000.0,35,Standard,8,83.59,668.72,117,0,0.455,10,0.83,0,567,0,0,1
109152,25,Female,South,15000.0,19,Standard,5,49.0,245.0,0,0,0.048,9,10.03,2,118,0,1,0
109153,44,Female,West,63100.0,14,Basic,4,27.49,109.96,2,1,0.527,3,7.03,1,0,1,1,0
109154,45,Male,South,73100.0,12,Basic,5,131.89,659.45,52,0,0.665,14,5.14,1,602,0,0,1
109155,42,Female,West,60500.0,24,Standard,1,67.09,67.09,32,0,0.21,7,10.59,3,65,0,1,1
109156,40,Male,West,41900.0,16,Basic,7,65.94,461.58,36,0,,9,4.96,2,25,0,1,0
109157,61,Non-binary,North,79200.0,11,Standard,6,12.26,73.56,24,0,0.35,8,21.8,1,30,0,1,0
109158,31,Male,North,,27,Standard,6,67.08,402.48,149,0,0.654,5,21.47,1,165,1,0,1
109159,56,Female,West,80400.0,17,Standard,10,37.74,377.4,23,1,0.241,6,9.54,0,338,1,0,0
109160,29,Non-binary,West,52800.0,49,Standard,6,54.22,325.32,1,0,0.431,4,11.4,1,269,2,1,0
109161,53,Female,North,39000.0,30,Premium,10,100.36,1003.6,2,2,0.33,9,15.41,0,645,1,0,0
109162,55,Female,West,68700.0,73,Basic,5,57.09,285.45,32,0,0.523,1,7.79,1,0,0,1,0
109163,35,Female,South,53200.0,33,Standard,8,88.1,704.8,25,0,0.225,9,15.25,0,349,0,0,0
109164,61,Female,North,83400.0,22,Standard,6,34.6,207.6,36,0,0.096,4,0.91,1,71,0,1,0
109165,45,Male,South,,44,Basic,4,9.18,36.72,1,0,0.179,9,11.41,2,165,1,1,0
109166,28,Female,West,59200.0,68,Standard,5,41.74,208.7,15,0,0.092,5,6.96,1,114,0,1,0
109167,34,Male,South,17600.0,5,Basic,10,41.34,413.4,10,0,0.497,9,8.93,1,620,0,1,0
109168,54,Female,East,70000.0,44,Standard,6,31.39,188.34,17,0,0.604,6,5.73,0,91,0,1,0
109169,51,Male,North,66100.0,24,Premium,16,184.85,2957.6,52,1,0.602,10,6.83,1,1387,0,1,0
109170,25,Female,North,47300.0,33,Basic,5,77.04,385.2,46,0,0.218,4,4.47,1,85,0,1,1
109171,37,Male,South,67600.0,71,Standard,6,52.3,313.8,22,0,0.595,4,2.6,0,188,0,1,0
109172,42,Female,East,38400.0,25,Premium,13,101.58,1320.54,27,2,0.594,11,16.92,1,703,0,1,0
109173,32,Male,West,62400.0,10,Standard,5,20.61,103.05,68,0,0.705,10,13.36,1,51,2,1,0
109174,70,Male,West,88800.0,7,Basic,7,53.88,377.16,53,0,0.478,3,11.26,1,305,0,0,1
109175,42,Male,North,48200.0,70,Standard,11,101.48,1116.28,10,1,0.629,11,27.72,0,548,1,1,0
109176,38,Female,North,34300.0,30,Basic,5,58.01,290.05,12,0,0.266,2,13.69,2,306,0,0,0
109177,54,Male,South,64900.0,25,Standard,6,87.41,524.46,72,1,0.416,7,9.46,2,176,0,1,1
109178,34,Male,Central,47200.0,65,Premium,16,93.21,1491.36,57,0,0.716,7,2.17,0,778,0,1,0
109179,52,Male,East,65100.0,14,Basic,2,58.36,116.72,45,0,0.074,18,1.78,0,248,2,1,0
109180,18,Male,West,19200.0,14,Premium,13,69.37,901.81,75,2,0.46,12,4.55,0,332,1,1,1
109181,33,Non-binary,South,50800.0,79,Standard,6,74.33,445.98,12,1,0.287,11,8.51,0,419,1,1,0
109182,53,Non-binary,East,55600.0,12,Basic,5,47.74,238.7,53,0,0.128,24,1.87,2,121,0,1,0
109183,59,Male,East,84000.0,9,Premium,11,164.14,1805.54,30,0,0.124,9,2.61,0,876,0,1,0
109184,29,Female,East,62400.0,78,Basic,4,34.94,139.76,46,0,0.352,8,2.44,0,0,2,1,0
109185,27,Female,East,25200.0,43,Premium,12,12.6,151.2,13,0,0.764,0,8.32,4,137,0,0,0
109186,46,Male,South,55400.0,23,Standard,10,77.19,771.9,14,1,0.184,2,1.53,1,406,1,1,0
109187,31,Non-binary,South,54000.0,103,Standard,10,69.05,690.5,62,1,0.485,7,4.52,1,421,0,1,0
109188,36,Female,Central,49000.0,17,Basic,6,11.65,69.9,5,0,0.029,10,4.18,0,52,0,1,0
109189,50,Female,South,39500.0,37,Premium,11,69.87,768.57,112,0,0.248,5,3.91,5,247,1,0,1
109190,32,Female,West,53400.0,34,Standard,9,70.65,635.85,2,1,0.85,7,18.28,1,153,1,0,1
109191,18,Female,Central,,66,Standard,6,30.89,185.34,187,0,0.253,4,6.86,4,391,0,1,0
109192,22,Non-binary,East,34600.0,14,Standard,5,32.96,164.8,28,1,0.298,13,2.03,1,113,1,1,0
109193,39,Male,East,34000.0,78,Standard,8,53.53,428.24,70,1,0.521,9,3.54,0,224,1,1,0
109194,18,Female,North,39100.0,96,Standard,7,50.63,354.41,47,1,0.529,11,8.71,0,195,0,0,0
109195,35,Female,West,38300.0,58,Standard,3,36.58,109.74,34,0,0.495,3,5.47,1,29,0,0,0
109196,21,Female,Central,43500.0,15,Basic,3,42.26,126.78,92,1,0.246,5,0.5,3,83,1,1,1
109197,60,Male,Central,64900.0,29,Basic,2,67.52,135.04,106,0,0.291,12,1.38,1,157,1,1,1
109198,67,Male,North,67800.0,34,Standard,12,88.16,1057.92,4,0,0.217,12,11.55,0,642,0,1,0
109199,25,Female,Central,40400.0,33,Basic,6,41.53,249.18,10,1,0.721,10,0.65,0,481,0,0,0
109200,42,Female,South,35800.0,7,Premium,4,54.2,216.8,43,1,0.298,6,0.67,1,220,1,0,1
109201,27,Male,East,61700.0,41,Standard,6,27.29,163.74,7,0,0.327,7,9.71,2,30,0,1,0
109202,35,Male,South,46700.0,31,Basic,6,40.68,244.08,42,0,0.085,10,5.45,1,243,1,1,0
109203,62,Male,South,61900.0,23,Standard,2,47.67,95.34,12,0,0.348,5,10.39,1,171,0,1,0
109204,33,Female,East,36700.0,24,Standard,8,21.06,168.48,39,1,0.611,18,9.52,2,326,0,1,0
109205,35,Non-binary,East,44400.0,106,Standard,4,73.39,293.56,3,0,0.347,1,2.55,1,0,2,1,0
109206,27,Male,Central,50500.0,59,Premium,5,81.84,409.2,158,0,0.27,3,1.11,2,364,0,1,1
109207,54,Male,South,49700.0,6,Standard,8,39.41,315.28,147,2,0.502,18,11.77,0,505,1,1,1
109208,18,Female,Central,22800.0,23,Standard,12,100.85,1210.2,18,0,0.402,11,9.29,1,700,1,0,0
109209,33,Female,East,41600.0,52,Standard,4,49.86,199.44,24,0,0.359,4,2.26,2,0,1,0,0
109210,38,Female,North,68600.0,60,Standard,6,39.33,235.98,95,1,0.107,5,16.07,0,361,1,1,1
109211,30,Male,South,53400.0,33,Basic,2,30.05,60.1,33,0,0.664,6,9.05,0,0,3,1,0
109212,50,Male,West,80700.0,11,Basic,5,29.46,147.3,118,1,0.383,9,1.7,2,97,1,1,1
109213,55,Female,West,63600.0,10,Standard,4,43.27,173.08,20,0,0.669,5,1.52,0,184,0,0,0
109214,21,Non-binary,North,50900.0,40,Standard,10,100.4,1004.0,54,0,0.314,2,7.94,0,595,0,1,0
109215,66,Male,South,91300.0,19,Basic,3,25.52,76.56,181,0,0.308,8,9.7,0,43,0,1,1
109216,20,Female,East,39700.0,12,Standard,6,113.63,681.78,61,0,0.405,0,2.08,0,242,0,1,1
109217,56,Male,East,,2,Basic,6,68.0,408.0,10,0,0.642,14,7.84,2,288,3,0,0
109218,41,Male,West,41500.0,8,Standard,7,70.77,495.39,11,0,,8,5.45,1,282,2,0,0
109219,32,Female,West,66900.0,30,Basic,2,74.13,148.26,13,0,0.566,9,2.19,2,261,1,1,0
109220,34,Male,South,39800.0,22,Basic,3,27.27,81.81,17,0,0.796,8,24.87,0,189,0,0,0
109221,39,Female,North,55800.0,64,Basic,3,53.88,161.64,104,0,0.539,6,1.87,1,385,1,0,1
109222,42,Male,North,,9,Basic,7,81.71,571.97,20,0,0.439,15,4.56,3,377,0,0,0
109223,27,Male,Central,17400.0,15,Premium,7,116.81,817.67,21,0,0.369,2,,2,482,0,1,1
109224,36,Male,East,44400.0,17,Basic,5,5.0,25.0,53,0,0.099,11,5.75,2,10,1,1,1
109225,29,Male,North,41300.0,28,Basic,3,61.71,185.13,60,0,0.372,5,17.38,3,0,0,1,1
109226,23,Female,West,31200.0,17,Basic,2,120.3,240.6,54,0,0.385,9,11.99,3,359,0,1,1
109227,28,Female,East,37000.0,14,Standard,2,42.66,85.32,36,0,0.575,4,13.63,0,0,0,0,1
109228,24,Male,South,54600.0,33,Premium,7,115.16,806.12,15,0,0.279,16,6.03,0,372,0,1,0
109229,34,Female,North,,27,Premium,12,72.28,867.36,2,1,0.532,5,13.25,1,525,1,0,0
109230,45,Male,West,35900.0,44,Basic,3,58.27,174.81,29,0,0.699,10,15.61,1,0,1,0,0
109231,41,Female,West,41600.0,21,Standard,3,69.25,207.75,4,0,0.43,8,11.83,0,95,1,1,0
109232,65,Female,South,83100.0,56,Premium,20,10.71,214.2,23,1,0.261,15,10.48,0,15,0,1,0
109233,18,Male,South,39800.0,12,Basic,9,17.32,155.88,4,0,0.653,5,2.21,1,138,0,0,0
109234,45,Male,South,62100.0,40,Premium,15,97.51,1462.65,15,0,0.421,7,4.69,2,913,3,1,0
109235,39,Male,West,60700.0,47,Premium,9,96.29,866.61,13,0,0.089,5,4.05,0,541,0,1,0
109236,50,Male,South,62000.0,3,Premium,15,48.78,731.7,20,1,0.359,22,2.24,0,515,3,0,1
109237,48,Female,South,49200.0,41,Premium,11,152.87,1681.57,10,0,0.174,9,11.02,1,747,2,1,0
109238,37,Male,South,32800.0,23,Basic,3,23.48,70.44,17,1,0.516,9,3.84,0,115,0,0,0
109239,41,Male,Central,32200.0,29,Standard,6,123.1,738.6,7,1,0.511,8,3.6,1,311,1,0,0
109240,29,Male,East,35300.0,63,Basic,7,106.05,742.35,102,2,0.355,25,9.55,3,482,2,1,1
109241,47,Female,South,66600.0,25,Basic,3,72.26,216.78,16,1,0.534,2,10.72,1,282,0,0,1
109242,18,Male,East,31300.0,12,Standard,3,42.82,128.46,65,0,0.245,9,7.66,1,0,0,1,0
109243,49,Female,West,57800.0,39,Premium,10,135.3,1353.0,2,0,0.563,4,4.23,2,532,0,1,0
109244,39,Male,Central,33200.0,22,Standard,3,51.93,155.79,175,0,0.437,6,10.13,1,139,0,1,1
109245,33,Female,Central,78400.0,25,Standard,5,74.24,371.2,36,0,0.546,10,15.02,0,264,1,0,0
109246,36,Male,East,33500.0,24,Basic,6,13.11,78.66,38,1,0.659,3,11.96,2,92,0,0,1
109247,37,Male,East,47700.0,43,Standard,7,26.99,188.93,4,1,0.345,7,8.87,1,18,0,0,1
109248,56,Male,South,78100.0,33,Basic,5,5.41,27.05,53,0,0.502,5,0.75,2,0,0,0,1
109249,80,Male,West,87500.0,26,Standard,2,113.24,226.48,40,0,0.201,14,8.7,1,239,1,0,0
109250,55,Male,West,51900.0,32,Basic,3,49.48,148.44,44,1,0.458,4,8.15,1,14,0,1,1
109251,32,Female,South,52600.0,12,Basic,5,14.86,74.3,37,0,0.215,14,16.78,1,348,1,1,0
109252,47,Male,East,36800.0,41,Basic,5,96.2,481.0,31,0,0.27,4,3.36,2,574,0,1,1
109253,48,Non-binary,North,80900.0,34,Basic,6,79.17,475.02,122,0,0.465,9,9.4,2,280,0,1,1
109254,27,Female,West,40500.0,68,Standard,8,85.21,681.68,102,0,0.404,6,6.58,0,513,1,0,1
109255,23,Female,South,29200.0,16,Basic,7,22.61,158.27,78,1,0.387,5,6.12,0,0,1,1,1
109256,38,Male,South,27200.0,17,Basic,7,55.05,385.35,164,0,0.327,16,2.9,1,227,0,0,1
109257,50,Female,North,42300.0,30,Basic,9,10.74,96.66,19,1,0.468,10,7.35,0,0,1,0,0
109258,18,Male,North,27300.0,25,Standard,4,14.28,57.12,45,0,0.604,6,7.43,0,163,2,1,0
109259,30,Male,North,65900.0,12,Basic,5,96.97,484.85,20,0,0.153,7,14.18,3,396,0,1,0
109260,46,Male,West,57900.0,10,Basic,3,38.02,114.06,34,1,0.186,11,6.72,0,12,1,1,1
109261,40,Female,West,53800.0,54,Basic,3,35.52,106.56,36,0,0.734,4,10.78,1,71,1,1,0
109262,57,Female,East,70500.0,15,Premium,9,53.5,481.5,38,0,0.298,11,8.72,2,435,0,1,0
109263,21,Male,South,63900.0,21,Standard,11,53.05,583.55,8,0,0.409,3,4.71,0,262,0,0,0
109264,70,Female,Central,71200.0,9,Basic,1,76.57,76.57,40,0,0.638,4,14.68,3,28,2,0,1
109265,19,Male,Central,50900.0,97,Standard,5,80.68,403.4,25,0,0.342,1,8.05,2,107,0,1,0
109266,18,Female,East,22400.0,16,Premium,10,83.83,838.3,28,0,,1,5.2,0,510,1,1,0
109267,38,Female,West,37100.0,23,Standard,11,48.34,531.74,86,0,0.535,9,5.89,0,285,0,1,0
109268,24,Female,West,32600.0,7,Standard,5,65.57,327.85,47,1,0.223,11,12.9,2,240,1,0,1
109269,38,Female,West,45800.0,29,Basic,5,15.95,79.75,112,0,0.185,9,5.0,3,41,0,1,1
109270,38,Male,South,54900.0,80,Standard,5,23.62,118.1,67,0,0.259,3,21.87,2,0,0,1,0
109271,36,Male,East,15000.0,10,Basic,6,19.77,118.62,48,0,0.387,2,22.04,0,34,0,1,1
109272,28,Male,North,39600.0,30,Basic,4,33.18,132.72,41,0,0.128,3,3.16,1,0,3,0,1
109273,45,Male,West,45300.0,19,Premium,15,36.62,549.3,96,0,0.155,5,25.8,2,219,0,0,1
109274,35,Female,West,34000.0,26,Standard,4,117.29,469.16,6,0,0.156,0,4.48,1,112,0,1,0
109275,53,Female,Central,43100.0,20,Basic,12,14.34,172.08,7,0,0.364,4,12.09,2,72,1,1,0
109276,37,Male,North,40900.0,9,Standard,7,15.57,108.99,82,1,0.319,3,10.8,0,0,0,1,1
109277,26,Female,East,28400.0,32,Premium,6,149.72,898.32,132,1,0.062,2,12.39,1,382,0,1,1
109278,18,Female,West,22000.0,45,Standard,12,99.12,1189.44,24,1,0.312,10,5.1,1,702,0,1,0
109279,37,Female,Central,,19,Standard,8,85.6,684.8,28,0,0.365,3,21.96,0,104,0,0,0
109280,23,Male,Central,34100.0,54,Standard,8,62.25,498.0,114,0,0.522,6,11.3,1,105,0,1,1
109281,21,Female,North,19800.0,54,Standard,4,14.31,57.24,6,1,0.593,6,6.66,0,0,1,1,0
109282,46,Female,Central,31700.0,45,Premium,14,343.87,4814.18,24,1,0.408,19,18.6,0,2758,1,0,0
109283,18,Male,Central,20300.0,11,Basic,6,17.94,107.64,136,1,0.429,6,14.85,1,139,2,1,1
109284,57,Male,Central,54200.0,38,Standard,8,49.18,393.44,22,1,0.384,30,1.48,1,521,0,0,0
109285,41,Female,East,50400.0,35,Standard,4,49.72,198.88,52,0,0.189,4,8.54,1,144,0,0,1
109286,38,Male,West,39100.0,13,Basic,6,50.35,302.1,14,0,0.102,6,8.47,1,84,0,1,0
109287,26,Female,North,15300.0,18,Basic,5,37.88,189.4,22,0,0.145,20,2.58,0,204,1,0,0
109288,49,Female,South,45000.0,26,Premium,12,57.33,687.96,9,2,0.596,13,6.6,4,119,1,1,0
109289,39,Female,North,23800.0,17,Basic,6,20.53,123.18,31,0,0.064,6,3.82,2,176,0,1,1
109290,30,Female,East,55300.0,23,Basic,4,22.07,88.28,54,1,0.466,12,7.88,3,318,0,1,1
109291,42,Female,Central,69000.0,70,Basic,2,74.72,149.44,74,0,0.512,4,21.43,1,82,0,0,1
109292,18,Male,East,47900.0,14,Standard,7,75.53,528.71,111,0,0.223,11,16.77,2,92,0,1,1
109293,18,Female,East,,14,Basic,12,17.77,213.24,17,0,0.126,0,5.7,3,0,0,0,1
109294,24,Male,West,51900.0,51,Basic,5,86.38,431.9,12,1,0.614,9,15.64,0,494,1,1,0
109295,44,Female,East,58400.0,27,Standard,6,27.68,166.08,7,0,0.259,5,13.71,0,0,0,1,0
109296,39,Female,South,36400.0,29,Standard,7,10.96,76.72,11,0,0.418,5,10.22,0,0,1,0,0
109297,53,Male,East,52500.0,21,Basic,6,11.57,69.42,21,1,0.468,7,21.01,0,0,0,1,0
109298,27,Male,East,34100.0,22,Basic,2,5.0,10.0,57,0,0.259,13,1.96,1,0,0,1,1
109299,46,Female,East,56000.0,24,Standard,6,62.33,373.98,16,0,0.392,4,9.26,0,182,1,1,0
109300,38,Female,West,52100.0,30,Standard,7,65.4,457.8,41,0,0.338,5,2.99,1,149,0,1,0
109301,27,Male,East,36500.0,45,Standard,10,96.68,966.8,11,0,0.556,9,24.23,0,386,0,1,0
109302,44,Female,South,47800.0,12,Basic,5,19.31,96.55,39,0,0.742,2,14.46,1,0,0,0,1
109303,38,Male,East,65900.0,15,Basic,4,53.26,213.04,208,0,0.229,4,13.64,0,50,1,1,1
109304,31,Male,Central,38800.0,52,Basic,4,37.2,148.8,68,0,0.433,6,13.73,3,365,0,1,1
109305,40,Female,South,46500.0,28,Basic,4,26.53,106.12,85,0,0.26,10,,0,127,0,1,0
109306,37,Male,West,43000.0,20,Basic,6,55.47,332.82,64,0,0.106,5,2.89,3,214,1,0,1
109307,37,Female,East,44500.0,32,Standard,9,53.64,482.76,4,1,0.252,6,7.67,0,118,0,1,0
109308,34,Male,North,24100.0,17,Standard,7,41.54,290.78,29,0,0.495,4,2.73,1,0,0,1,0
109309,22,Non-binary,East,17800.0,50,Premium,8,166.91,1335.28,12,1,0.267,11,7.0,2,485,0,1,0
109310,40,Male,North,83100.0,15,Basic,3,40.04,120.12,45,0,0.352,11,15.3,1,63,1,0,1
109311,29,Non-binary,North,15300.0,17,Basic,4,39.62,158.48,42,0,0.691,7,12.97,1,227,1,1,0
109312,26,Male,South,39400.0,19,Standard,4,24.77,99.08,9,1,0.585,10,5.1,1,33,0,1,0
109313,36,Female,West,49900.0,35,Standard,11,99.87,1098.57,28,0,0.188,3,15.52,2,400,0,0,1
109314,49,Female,East,71600.0,54,Standard,10,76.13,761.3,29,1,0.164,3,7.11,0,575,0,1,0
109315,41,Female,East,55000.0,38,Standard,7,37.02,259.14,28,1,0.316,5,2.57,2,113,1,1,0
109316,32,Female,East,67800.0,45,Basic,5,17.55,87.75,41,1,,5,1.62,1,222,1,0,1
109317,32,Male,South,44700.0,7,Basic,5,25.33,126.65,19,1,0.238,2,7.32,1,74,0,0,1
109318,47,Female,Central,74400.0,7,Standard,6,53.56,321.36,61,1,0.363,10,32.33,1,71,0,1,1
109319,18,Male,Central,42600.0,9,Standard,8,64.48,515.84,193,1,0.332,7,2.15,1,140,1,1,1
109320,49,Female,West,79000.0,25,Basic,4,89.22,356.88,47,0,0.762,3,2.18,2,40,0,1,0
109321,18,Female,South,28300.0,18,Basic,6,37.94,227.64,29,0,0.299,16,6.44,4,102,3,1,0
109322,21,Female,Central,36400.0,9,Premium,19,208.91,3969.29,27,5,0.199,4,5.38,0,2068,0,0,1
109323,32,Non-binary,West,36100.0,1,Standard,7,32.4,226.8,17,0,0.443,6,1.59,0,226,0,0,0
109324,67,Female,North,76800.0,37,Standard,9,124.43,1119.87,46,2,0.333,3,12.6,2,591,3,1,1
109325,61,Female,South,71900.0,60,Basic,7,25.51,178.57,62,0,0.227,6,12.82,1,75,0,0,0
109326,48,Female,South,27400.0,46,Premium,17,8.35,141.95,20,1,0.196,15,30.72,0,154,0,1,0
109327,44,Non-binary,West,50700.0,24,Standard,5,17.42,87.1,105,1,0.492,1,12.13,1,120,0,0,1
109328,18,Female,East,40500.0,30,Basic,11,10.5,115.5,19,0,0.427,4,9.32,0,163,0,0,0
109329,41,Male,South,30900.0,16,Basic,6,18.39,110.34,40,0,0.283,8,7.77,1,5,2,1,0
109330,32,Female,South,27500.0,26,Basic,5,33.32,166.6,16,0,0.469,6,2.04,0,222,2,1,0
109331,28,Female,South,53700.0,24,Basic,2,44.07,88.14,19,0,0.357,6,11.62,1,262,0,0,0
109332,41,Male,West,68700.0,34,Basic,8,26.51,212.08,1,2,0.517,7,1.93,2,127,1,1,0
109333,33,Male,East,33600.0,15,Basic,4,20.91,83.64,65,0,0.248,6,7.86,1,79,1,1,1
109334,50,Male,South,60800.0,95,Standard,5,51.49,257.45,11,0,0.414,7,11.79,2,247,2,1,0
109335,18,Female,East,26900.0,10,Standard,5,37.48,187.4,17,0,0.146,0,10.48,1,0,1,1,0
109336,40,Non-binary,Central,65400.0,30,Basic,5,64.8,324.0,16,0,0.223,8,9.21,0,103,0,0,0
109337,28,Male,North,30000.0,41,Basic,3,49.38,148.14,44,0,0.466,9,2.13,0,0,0,0,0
109338,34,Non-binary,East,37900.0,11,Premium,8,11.07,88.56,147,0,0.786,3,10.67,3,0,1,1,1
109339,43,Female,South,70500.0,6,Basic,4,55.44,221.76,19,0,0.406,16,16.78,0,259,1,1,0
109340,24,Female,North,19700.0,41,Basic,6,27.84,167.04,85,0,0.814,3,7.46,3,127,0,1,1
109341,41,Female,Central,42900.0,96,Standard,9,63.03,567.27,27,0,0.412,4,4.32,2,482,1,0,0
109342,36,Male,Central,47000.0,5,Premium,11,84.09,924.99,6,0,0.403,5,15.05,0,493,0,1,0
109343,30,Male,South,60700.0,96,Standard,5,56.06,280.3,92,0,0.517,7,5.86,1,218,1,1,0
109344,33,Female,South,25500.0,42,Basic,5,21.75,108.75,2,0,0.073,6,16.02,3,344,0,1,0
109345,37,Female,North,36100.0,25,Standard,5,70.05,350.25,31,0,0.435,3,7.89,1,357,0,1,1
109346,29,Female,East,46700.0,46,Basic,3,24.79,74.37,122,0,0.213,10,16.73,0,88,0,1,1
109347,39,Female,North,58400.0,55,Standard,10,21.27,212.7,36,1,0.325,6,4.89,1,46,0,1,0
109348,35,Male,East,47100.0,22,Basic,6,40.35,242.1,6,0,0.684,7,2.8,0,62,1,1,0
109349,31,Female,North,38700.0,114,Basic,1,62.15,62.15,105,0,0.365,11,17.63,1,0,0,1,1
109350,60,Female,West,69700.0,94,Standard,4,39.96,159.84,2,0,0.128,2,1.91,1,204,0,0,0
109351,44,Female,Central,31600.0,16,Basic,4,14.37,57.48,55,0,0.559,10,4.61,0,0,2,0,0
109352,34,Female,North,44600.0,32,Standard,11,30.53,335.83,27,1,0.533,7,5.39,1,421,0,0,0
109353,41,Non-binary,West,70600.0,10,Basic,5,37.69,188.45,30,0,0.31,10,25.08,0,381,1,1,1
109354,26,Female,West,17100.0,8,Premium,17,48.01,816.17,56,1,0.423,20,14.3,1,579,0,1,0
109355,33,Male,North,31300.0,20,Standard,14,98.77,1382.78,101,1,0.283,4,1.85,0,712,0,0,1
109356,35,Male,Central,38600.0,31,Basic,6,16.66,99.96,158,1,0.141,6,5.24,1,0,0,1,1
109357,23,Male,East,28100.0,13,Standard,9,82.89,746.01,35,0,0.567,8,9.54,1,457,0,0,1
109358,44,Female,East,78500.0,45,Premium,15,68.02,1020.3,119,0,0.303,4,21.25,1,911,1,0,1
109359,32,Male,West,28300.0,33,Basic,7,87.75,614.25,40,0,0.799,11,1.9,1,515,0,1,0
109360,34,Male,South,27400.0,27,Standard,12,18.25,219.0,10,0,0.326,12,13.52,3,0,0,1,0
109361,32,Female,North,52100.0,14,Standard,11,26.09,286.99,47,0,0.484,10,6.85,1,82,1,0,1
109362,77,Male,South,75000.0,16,Standard,9,35.84,322.56,31,1,0.201,4,4.25,3,316,2,1,0
109363,30,Female,West,50400.0,21,Standard,4,56.92,227.68,23,0,0.343,3,0.5,2,124,1,1,1
109364,18,Female,Central,25200.0,17,Standard,5,20.76,103.8,44,0,0.435,8,6.21,1,193,0,1,0
109365,18,Female,South,34400.0,19,Standard,5,51.19,255.95,153,0,0.243,12,6.42,0,0,0,1,1
109366,49,Male,South,35500.0,15,Basic,2,12.85,25.7,63,0,0.627,6,4.17,1,0,0,0,1
109367,56,Female,North,70500.0,35,Basic,5,52.39,261.95,80,1,0.099,1,7.03,0,222,0,1,1
109368,30,Female,Central,42400.0,9,Standard,2,35.46,70.92,32,0,0.238,4,9.35,1,282,1,1,1
109369,56,Female,South,60500.0,49,Standard,10,105.4,1054.0,25,2,0.363,7,28.43,1,828,0,1,0
109370,49,Female,Central,40200.0,17,Basic,5,16.45,82.25,18,1,0.435,16,12.88,1,74,0,1,0
109371,37,Female,North,49100.0,36,Basic,6,19.83,118.98,9,0,0.403,1,8.4,3,0,0,0,1
109372,36,Male,North,55200.0,26,Basic,8,45.11,360.88,25,1,0.185,9,18.35,3,295,0,0,1
109373,41,Female,South,,8,Basic,4,48.92,195.68,84,0,0.402,2,3.52,1,49,0,1,1
109374,50,Non-binary,East,51200.0,47,Standard,9,67.03,603.27,90,0,0.538,8,10.25,0,572,0,1,1
109375,44,Male,South,63800.0,74,Standard,6,66.78,400.68,139,1,0.544,7,4.81,1,341,0,1,1
109376,30,Male,Central,63300.0,23,Basic,3,33.57,100.71,60,0,0.121,6,2.68,2,0,0,0,1
109377,37,Male,East,59200.0,5,Standard,15,46.82,702.3,27,0,0.677,12,21.72,0,432,2,1,0
109378,65,Female,North,75900.0,34,Standard,8,216.84,1734.72,65,0,0.389,3,13.75,1,831,0,0,0
109379,42,Male,East,47400.0,27,Standard,6,41.29,247.74,1,0,0.147,1,18.56,0,193,0,1,0
109380,50,Female,South,58000.0,13,Basic,5,111.29,556.45,12,0,0.377,10,1.79,3,489,0,1,0
109381,46,Female,West,36000.0,28,Basic,2,70.93,141.86,31,0,0.227,3,10.16,3,182,0,0,1
109382,43,Female,West,49600.0,61,Basic,7,46.08,322.56,25,0,0.486,8,4.25,0,130,1,0,0
109383,40,Male,Central,64600.0,53,Basic,5,78.15,390.75,1,0,0.25,6,6.13,1,36,0,1,0
109384,51,Male,East,59900.0,20,Standard,8,37.53,300.24,59,0,0.259,1,7.1,0,97,0,0,1
109385,48,Female,South,47700.0,20,Basic,3,8.09,24.27,10,0,0.413,4,13.1,2,116,2,0,0
109386,42,Male,South,40700.0,12,Standard,7,39.35,275.45,18,1,0.78,16,1.65,0,416,0,0,0
109387,30,Female,South,39000.0,21,Premium,9,66.36,597.24,16,0,0.436,4,5.89,2,441,0,0,1
109388,44,Female,South,35400.0,30,Basic,4,39.06,156.24,2,0,0.582,9,21.44,2,81,1,1,0
109389,38,Female,North,34300.0,29,Premium,5,56.24,281.2,22,0,0.771,8,10.58,0,98,1,1,0
109390,35,Male,South,65600.0,32,Basic,2,12.0,24.0,127,1,,6,8.91,2,0,0,0,1
109391,74,Male,Central,,32,Standard,8,24.99,199.92,5,1,0.267,2,20.56,1,283,1,1,0
109392,19,Female,Central,17700.0,15,Standard,6,55.78,334.68,15,1,0.64,3,8.51,0,50,2,0,0
109393,51,Female,North,63400.0,47,Standard,5,73.68,368.4,41,0,0.637,8,27.23,0,585,2,0,0
109394,28,Male,Central,31300.0,52,Standard,3,56.72,170.16,14,0,0.446,5,3.79,0,270,1,1,0
109395,41,Male,West,51100.0,27,Standard,8,62.75,502.0,124,1,0.054,9,8.98,1,229,1,1,1
109396,72,Female,North,91400.0,116,Basic,6,23.37,140.22,1,0,0.558,3,3.48,0,136,0,0,0
109397,26,Male,Central,15000.0,35,Standard,6,36.85,221.1,6,0,0.715,6,3.71,1,275,0,0,0
109398,30,Male,Central,50000.0,10,Basic,4,33.54,134.16,28,0,0.15,3,26.75,4,299,2,1,1
109399,39,Female,East,39800.0,21,Premium,9,42.29,380.61,14,0,0.488,8,12.85,2,305,0,0,0
109400,28,Female,West,33500.0,20,Premium,12,137.36,1648.32,43,0,0.804,17,22.34,1,849,2,0,0
109401,50,Male,South,85300.0,5,Basic,7,14.17,99.19,52,0,0.46,8,15.33,1,91,0,0,1
109402,32,Female,East,21700.0,22,Standard,8,104.95,839.6,45,0,0.517,8,8.96,0,584,2,0,0
109403,48,Female,West,64800.0,46,Basic,6,25.3,151.8,55,0,0.19,10,4.89,4,53,1,1,1
109404,22,Male,East,,51,Standard,11,45.37,499.07,185,3,0.29,7,19.71,3,405,1,1,1
109405,18,Male,South,18400.0,78,Basic,4,19.51,78.04,103,0,0.019,11,13.83,0,141,1,0,1
109406,36,Male,East,35800.0,37,Standard,1,29.56,29.56,8,0,0.333,7,15.13,0,127,1,0,0
109407,19,Male,West,23800.0,43,Basic,3,98.79,296.37,39,0,0.657,12,3.63,4,66,0,1,1
109408,59,Female,West,57300.0,17,Standard,6,59.95,359.7,162,0,0.383,11,7.63,0,237,1,0,1
109409,19,Male,North,29900.0,40,Basic,4,31.92,127.68,23,0,0.172,12,2.57,4,538,1,1,0
109410,26,Female,South,48100.0,34,Standard,5,62.28,311.4,23,2,0.465,4,17.13,0,444,0,0,0
109411,44,Male,North,47600.0,21,Basic,6,23.78,142.68,48,0,0.06,6,15.79,1,132,1,0,0
109412,31,Female,East,53300.0,80,Premium,9,41.95,377.55,91,0,0.513,10,4.75,1,298,1,1,0
109413,19,Female,South,48600.0,9,Standard,11,60.64,667.04,263,1,0.446,23,,0,636,0,1,1
109414,66,Female,Central,79600.0,28,Basic,5,36.56,182.8,23,0,0.598,8,6.57,1,256,0,1,0
109415,26,Male,East,43000.0,61,Basic,4,41.44,165.76,11,0,0.22,7,16.77,0,238,0,1,0
109416,36,Male,South,36800.0,13,Basic,7,55.81,390.67,122,1,0.352,4,8.02,1,125,1,0,1
109417,36,Male,West,15000.0,18,Standard,9,29.42,264.78,115,2,0.441,6,24.22,0,96,0,0,1
109418,48,Female,North,64700.0,44,Basic,4,36.0,144.0,32,0,0.162,3,7.09,1,239,0,1,0
109419,45,Female,North,64800.0,44,Standard,5,58.15,290.75,76,0,0.068,12,7.91,2,168,0,1,1
109420,28,Male,North,40900.0,24,Standard,8,19.3,154.4,33,1,0.607,4,7.91,3,90,0,1,1
109421,35,Female,East,56900.0,32,Basic,4,41.05,164.2,52,0,0.639,20,2.78,2,433,0,1,1
109422,36,Male,Central,37400.0,28,Basic,5,47.93,239.65,12,0,0.134,3,5.59,2,86,0,1,1
109423,49,Non-binary,South,64700.0,48,Premium,12,98.07,1176.84,30,0,0.698,0,10.29,1,400,0,1,0
109424,24,Male,West,54300.0,49,Standard,8,42.08,336.64,0,1,0.512,11,1.82,1,428,1,1,0
109425,65,Female,North,82000.0,65,Standard,7,27.31,191.17,19,0,0.464,8,7.91,0,0,0,1,0
109426,29,Male,South,57200.0,65,Standard,5,45.71,228.55,101,0,0.415,7,12.03,1,282,1,1,1
109427,39,Male,West,66800.0,33,Basic,7,42.58,298.06,7,2,0.46,8,9.51,0,0,0,0,0
109428,24,Male,West,16600.0,11,Standard,10,148.56,1485.6,31,0,0.592,9,25.96,0,962,0,1,0
109429,22,Male,Central,41900.0,15,Standard,6,94.89,569.34,16,1,0.602,2,8.66,1,273,0,1,0
109430,28,Female,East,28700.0,17,Basic,6,79.43,476.58,98,1,0.198,11,10.93,0,361,0,1,1
109431,26,Male,East,20100.0,25,Standard,9,77.9,701.1,64,0,0.386,4,14.3,3,647,1,1,0
109432,34,Female,North,39200.0,29,Premium,8,37.02,296.16,76,0,0.6,10,11.29,2,589,0,0,1
109433,26,Male,South,60200.0,13,Standard,8,66.16,529.28,61,1,0.691,2,1.95,0,565,0,1,1
109434,48,Male,Central,48900.0,5,Standard,4,42.65,170.6,51,0,0.126,16,0.6,2,0,0,1,1
109435,29,Male,East,15000.0,38,Basic,5,35.38,176.9,45,1,0.452,4,2.75,2,0,2,0,1
109436,27,Female,South,16300.0,26,Basic,2,5.0,10.0,8,0,0.057,6,15.34,0,0,2,0,1
109437,34,Male,South,49900.0,83,Premium,11,51.01,561.11,32,1,0.234,7,12.14,0,283,1,0,0
109438,52,Female,North,49700.0,17,Standard,8,125.71,1005.68,1,0,0.499,5,8.73,0,278,0,1,0
109439,42,Female,West,22200.0,75,Premium,4,145.88,583.52,57,0,0.647,7,26.76,2,140,0,1,0
109440,38,Male,South,27300.0,14,Premium,10,126.17,1261.7,5,0,0.158,6,7.89,1,749,2,1,0
109441,20,Female,Central,32200.0,25,Basic,3,56.41,169.23,15,0,0.645,10,14.38,0,0,1,1,0
109442,24,Female,South,44600.0,27,Standard,5,18.38,91.9,33,0,0.125,6,8.77,0,0,1,0,0
109443,22,Male,West,25600.0,7,Standard,8,29.69,237.52,10,2,0.261,12,14.0,2,64,1,0,1
109444,56,Male,North,73200.0,32,Basic,7,27.91,195.37,2,1,0.391,3,10.91,0,92,0,1,0
109445,46,Male,North,67400.0,15,Standard,5,24.05,120.25,22,0,0.4,6,8.74,2,133,1,1,0
109446,28,Male,South,26500.0,56,Premium,17,75.29,1279.93,4,4,0.303,3,0.5,1,626,1,0,0
109447,32,Male,North,39600.0,44,Premium,12,75.71,908.52,23,0,0.123,4,4.5,1,360,0,1,0
109448,28,Female,Central,29100.0,35,Standard,6,20.81,124.86,4,1,0.326,8,3.76,1,152,0,1,0
109449,27,Female,West,44100.0,18,Basic,6,16.55,99.3,56,0,0.499,12,1.64,0,270,2,0,1
109450,45,Male,South,45100.0,10,Premium,6,53.54,321.24,96,1,0.154,16,4.2,1,597,1,1,1
109451,35,Male,East,27200.0,72,Premium,10,78.33,783.3,37,1,0.462,8,9.27,1,711,0,1,0
109452,66,Female,East,74300.0,68,Standard,10,99.57,995.7,47,2,0.393,10,13.91,2,927,0,1,0
109453,55,Female,East,78700.0,18,Standard,6,121.24,727.44,5,0,0.488,5,16.84,1,262,2,1,0
109454,56,Male,North,71200.0,49,Basic,5,30.74,153.7,75,0,0.452,10,8.46,1,185,1,1,1
109455,48,Male,South,70600.0,13,Basic,4,8.7,34.8,89,0,0.228,0,13.64,0,297,2,0,1
109456,34,Male,North,,15,Basic,4,31.48,125.92,40,0,0.501,7,2.53,0,0,1,1,0
109457,47,Male,Central,56100.0,26,Basic,3,15.01,45.03,37,0,0.522,8,0.92,0,16,0,0,0
109458,34,Non-binary,South,34800.0,36,Basic,8,54.33,434.64,53,0,0.243,12,11.72,1,336,0,1,1
109459,60,Male,West,55700.0,10,Standard,7,50.47,353.29,20,0,0.388,15,7.24,3,252,0,0,0
109460,44,Female,Central,30500.0,5,Basic,3,34.58,103.74,152,0,0.777,1,6.07,0,322,0,1,1
109461,42,Male,South,67500.0,15,Premium,9,49.01,441.09,37,0,0.53,6,15.35,1,165,1,0,1
109462,41,Male,North,45200.0,24,Basic,6,32.31,193.86,82,0,0.314,4,8.97,0,333,0,1,1
109463,62,Male,South,45900.0,9,Basic,6,22.94,137.64,2,0,0.438,5,6.23,2,85,1,1,0
109464,20,Female,West,47200.0,19,Basic,3,28.17,84.51,58,0,0.39,8,6.49,1,49,0,1,1
109465,63,Male,East,72100.0,20,Standard,8,38.09,304.72,56,0,0.302,4,0.99,0,214,1,1,0
109466,37,Male,North,59600.0,94,Basic,6,8.59,51.54,86,0,0.38,2,11.56,1,9,0,0,1
109467,21,Female,North,27200.0,37,Basic,4,65.62,262.48,22,0,0.296,7,6.67,1,257,0,0,0
109468,29,Non-binary,West,27300.0,31,Standard,11,26.85,295.35,86,0,0.213,14,3.41,1,153,0,1,1
109469,18,Male,West,34200.0,21,Standard,3,27.56,82.68,65,0,0.629,1,6.15,1,0,0,1,1
109470,47,Male,North,63000.0,65,Basic,4,19.93,79.72,75,0,0.34,5,12.45,0,0,1,0,1
109471,26,Male,West,31700.0,10,Premium,11,84.15,925.65,17,1,0.279,0,18.2,2,581,0,1,1
109472,41,Female,South,68200.0,41,Standard,7,59.13,413.91,44,0,0.551,13,4.43,1,311,1,0,0
109473,54,Male,North,75400.0,67,Standard,8,37.39,299.12,152,1,0.45,6,1.68,2,417,0,1,1
109474,30,Female,South,47300.0,46,Premium,6,17.86,107.16,21,1,0.614,8,8.69,2,234,1,1,0
109475,36,Male,West,29600.0,16,Standard,9,27.59,248.31,1,0,0.806,5,4.23,3,97,0,1,0
109476,22,Male,West,15000.0,9,Standard,5,20.91,104.55,28,0,0.586,8,14.6,0,46,0,1,0
109477,34,Male,East,60000.0,48,Premium,14,92.0,1288.0,83,0,0.694,3,4.4,3,498,1,0,0
109478,72,Male,South,,42,Standard,5,28.78,143.9,168,0,0.426,2,20.02,0,40,3,0,1
109479,49,Male,South,56200.0,54,Basic,5,5.65,28.25,55,1,0.299,9,12.19,1,154,0,1,0
109480,36,Female,South,47200.0,44,Basic,5,56.84,284.2,71,1,0.301,13,,0,235,0,1,1
109481,31,Female,South,33500.0,57,Basic,8,51.1,408.8,10,1,0.372,7,18.92,4,427,2,0,0
109482,38,Female,East,46500.0,21,Basic,5,8.48,42.4,8,1,0.575,1,8.35,2,184,0,1,0
109483,41,Male,South,55700.0,28,Basic,7,42.8,299.6,49,0,0.208,3,9.65,2,302,0,1,1
109484,34,Male,North,35000.0,11,Standard,8,24.62,196.96,48,0,0.322,10,10.41,0,237,0,1,0
109485,46,Male,South,66900.0,9,Basic,5,69.64,348.2,13,0,0.427,4,3.94,0,126,1,0,0
109486,27,Female,North,44700.0,35,Basic,6,30.25,181.5,20,0,0.385,16,5.32,3,277,1,0,0
109487,27,Male,East,34000.0,17,Basic,6,18.15,108.9,2,2,0.32,16,5.8,1,300,0,1,0
109488,44,Female,South,41100.0,69,Basic,12,29.18,350.16,82,2,0.56,9,9.25,2,216,1,1,1
109489,24,Non-binary,West,32400.0,41,Premium,10,128.03,1280.3,57,1,0.576,15,4.28,1,1186,0,1,0
109490,48,Male,North,86000.0,30,Basic,10,13.48,134.8,75,1,0.374,14,5.37,1,96,1,0,1
109491,39,Male,South,37300.0,7,Premium,13,84.33,1096.29,130,1,0.299,7,20.98,1,531,0,0,1
109492,18,Male,North,49400.0,13,Premium,12,42.57,510.84,110,0,,9,14.28,0,65,0,0,1
109493,40,Female,North,24300.0,16,Basic,2,35.57,71.14,34,0,0.144,1,3.06,1,0,0,1,1
109494,18,Female,West,,20,Basic,6,29.29,175.74,23,1,0.872,2,8.47,1,310,0,1,0
109495,48,Male,North,48900.0,50,Premium,7,97.17,680.19,41,0,0.8,0,3.72,0,368,1,1,0
109496,36,Male,North,58400.0,9,Basic,3,50.47,151.41,81,0,0.587,14,18.12,0,298,2,1,1
109497,63,Female,South,71500.0,93,Basic,6,64.29,385.74,20,0,0.314,11,1.94,0,362,0,1,0
109498,53,Female,South,79600.0,45,Premium,12,45.73,548.76,23,0,0.307,3,4.07,1,350,1,0,0
109499,25,Male,Central,30000.0,11,Standard,8,99.65,797.2,3,0,0.156,3,7.94,2,330,0,0,0
109500,18,Female,Central,27200.0,66,Basic,6,58.06,348.36,78,0,0.501,6,8.07,2,189,0,0,1
109501,29,Female,South,33800.0,41,Basic,6,25.93,155.58,17,1,0.501,8,14.82,0,141,2,1,0
109502,23,Female,North,61100.0,17,Standard,4,29.91,119.64,72,1,0.463,10,11.22,1,0,0,1,1
109503,63,Male,East,55100.0,46,Basic,5,23.74,118.7,56,0,0.167,2,4.76,2,105,2,0,1
109504,39,Female,East,40800.0,12,Standard,8,29.77,238.16,86,0,0.45,6,6.22,1,303,0,1,0
109505,51,Female,East,45700.0,28,Standard,6,47.82,286.92,1,0,0.835,4,2.93,2,82,0,1,1
109506,35,Female,North,52200.0,38,Premium,13,26.18,340.34,12,0,0.065,6,6.19,3,219,0,0,0
109507,37,Female,North,30100.0,12,Standard,6,10.93,65.58,42,1,0.361,12,15.61,1,95,1,0,1
109508,39,Male,North,73500.0,31,Premium,10,22.05,220.5,23,0,0.216,2,3.99,2,0,0,0,0
109509,53,Female,South,62400.0,36,Premium,10,85.96,859.6,4,0,0.433,10,13.12,5,646,0,1,0
109510,43,Female,East,57500.0,20,Basic,3,69.19,207.57,44,1,0.252,5,2.51,0,253,1,1,1
109511,25,Male,Central,41100.0,16,Standard,3,66.39,199.17,5,0,0.071,7,1.31,0,199,0,0,0
109512,60,Male,South,67600.0,29,Premium,12,155.44,1865.28,105,2,0.286,4,4.86,2,848,0,1,1
109513,35,Female,West,45900.0,22,Basic,5,17.05,85.25,13,0,0.115,4,,1,373,0,1,0
109514,33,Female,South,43400.0,72,Basic,7,49.78,348.46,30,1,,11,7.79,0,320,1,1,0
109515,18,Male,North,35300.0,39,Standard,12,72.07,864.84,48,1,0.199,19,7.32,2,530,0,0,0
109516,47,Male,East,44000.0,23,Basic,5,98.98,494.9,123,0,0.709,5,9.58,1,335,2,1,1
109517,40,Male,North,35000.0,27,Basic,11,48.2,530.2,63,2,0.463,15,0.95,1,154,0,0,1
109518,40,Female,Central,60400.0,17,Basic,1,36.13,36.13,82,0,0.443,6,5.53,0,0,1,0,1
109519,34,Male,Central,43200.0,55,Basic,6,43.87,263.22,31,0,0.573,13,7.17,1,315,0,1,0
109520,32,Female,North,15000.0,41,Premium,11,121.06,1331.66,59,3,0.028,7,7.46,0,663,1,0,1
109521,34,Female,North,36500.0,76,Standard,10,9.86,98.6,6,0,0.535,15,5.11,1,364,0,1,0
109522,45,Male,North,75100.0,31,Basic,5,17.47,87.35,6,0,0.452,7,2.47,1,0,1,1,0
109523,47,Male,Central,53300.0,24,Basic,3,46.14,138.42,33,1,0.763,3,10.01,1,355,0,0,1
109524,36,Female,North,37700.0,31,Standard,6,34.84,209.04,127,0,0.218,9,3.87,0,0,1,0,1
109525,51,Female,West,38400.0,74,Basic,3,34.04,102.12,65,0,0.268,6,3.41,2,107,1,1,1
109526,38,Male,South,39100.0,20,Basic,5,11.16,55.8,147,0,0.628,1,5.76,0,0,1,1,1
109527,32,Female,East,25000.0,18,Basic,6,44.82,268.92,200,1,0.469,3,10.15,2,151,0,0,1
109528,42,Female,North,56800.0,22,Standard,8,5.0,40.0,43,1,0.3,6,7.11,1,0,0,1,0
109529,21,Female,West,31500.0,16,Premium,14,200.08,2801.12,7,0,0.231,6,14.68,2,1558,0,1,0
109530,42,Female,West,45700.0,33,Standard,11,45.25,497.75,20,1,0.5,9,11.72,0,186,1,1,1
109531,19,Male,North,18300.0,20,Basic,6,58.3,349.8,74,0,0.178,2,9.09,3,290,0,1,1
109532,26,Female,South,57000.0,63,Basic,6,7.02,42.12,12,0,0.596,2,16.94,2,317,0,0,0
109533,18,Male,East,18100.0,11,Basic,2,33.06,66.12,7,0,0.435,6,2.01,1,0,0,1,1
109534,37,Male,East,36200.0,42,Basic,4,31.53,126.12,93,0,0.889,6,0.5,1,194,1,0,1
109535,60,Female,West,64500.0,58,Standard,5,70.55,352.75,18,0,0.406,9,6.37,3,321,1,1,0
109536,37,Male,South,44600.0,11,Premium,10,78.94,789.4,70,1,0.365,21,3.45,2,445,0,0,1
109537,47,Female,Central,62300.0,38,Basic,5,39.42,197.1,24,0,0.771,13,2.45,3,0,0,0,0
109538,70,Male,North,90400.0,51,Basic,7,37.21,260.47,120,0,0.515,3,7.83,1,212,1,1,0
109539,44,Male,Central,64700.0,7,Standard,10,26.08,260.8,40,0,0.519,9,9.22,0,141,0,0,1
109540,29,Male,Central,72500.0,14,Basic,7,44.08,308.56,90,0,0.683,6,15.63,3,59,1,1,1
109541,31,Female,East,16600.0,55,Basic,2,58.24,116.48,30,0,0.42,5,4.5,3,231,0,1,1
109542,39,Male,Central,51200.0,56,Basic,6,42.76,256.56,52,0,0.651,5,5.82,2,45,0,0,0
109543,31,Male,South,33100.0,26,Standard,3,62.2,186.6,9,0,0.273,4,11.69,1,112,1,1,0
109544,32,Female,West,69400.0,31,Standard,4,49.88,199.52,124,0,0.818,20,1.46,1,415,0,0,1
109545,52,Female,North,62800.0,41,Standard,9,20.51,184.59,12,1,0.214,4,14.82,3,170,0,1,0
109546,52,Female,South,31900.0,50,Standard,1,26.09,26.09,48,0,0.514,5,14.53,1,121,0,1,1
109547,18,Female,East,34100.0,30,Basic,9,22.77,204.93,37,2,0.392,11,18.11,1,219,2,1,1
109548,28,Female,Central,41200.0,50,Standard,11,143.49,1578.39,100,2,0.201,4,17.74,0,890,1,1,1
109549,33,Male,Central,52900.0,5,Standard,10,31.88,318.8,69,2,0.326,4,10.05,0,321,2,1,1
109550,47,Non-binary,East,45400.0,23,Basic,2,51.66,103.32,28,0,0.724,4,3.82,1,0,1,0,1
109551,54,Female,Central,66800.0,40,Standard,5,105.98,529.9,111,0,0.384,7,8.96,1,578,1,0,1
109552,74,Male,West,77400.0,34,Basic,3,92.62,277.86,24,1,0.214,10,10.71,0,0,1,0,0
109553,33,Male,West,32900.0,67,Standard,3,96.85,290.55,88,0,0.472,4,4.9,1,110,0,1,1
109554,34,Male,North,48000.0,14,Basic,8,32.15,257.2,101,1,0.529,1,10.27,0,67,0,1,1
109555,47,Male,East,57700.0,13,Basic,6,38.95,233.7,5,0,0.591,9,8.37,0,179,0,1,0
109556,30,Male,East,54100.0,72,Basic,5,78.78,393.9,136,1,0.709,3,7.02,1,183,1,0,1
109557,37,Male,West,46400.0,8,Standard,7,13.46,94.22,41,0,0.66,8,8.78,2,265,1,0,1
109558,34,Female,East,51700.0,45,Basic,5,143.96,719.8,15,0,0.542,1,14.08,1,656,0,1,0
109559,18,Female,West,15000.0,42,Standard,11,85.72,942.92,48,2,0.801,12,20.54,2,561,0,1,1
109560,41,Male,Central,69400.0,19,Standard,5,24.06,120.3,26,0,0.531,12,3.96,0,164,0,1,0
109561,37,Female,East,35200.0,71,Standard,6,49.15,294.9,130,0,0.506,7,4.89,0,352,0,0,1
109562,56,Female,West,76700.0,27,Basic,8,36.22,289.76,54,1,0.204,15,10.28,3,193,0,1,1
109563,39,Female,East,51600.0,29,Premium,7,22.62,158.34,90,0,0.237,1,1.97,1,201,0,0,1
109564,23,Female,East,34700.0,14,Standard,5,113.56,567.8,34,0,0.13,7,19.01,2,376,0,1,0
109565,36,Female,East,55700.0,16,Standard,10,29.34,293.4,17,0,0.472,13,9.31,1,246,0,1,0
109566,18,Male,Central,15000.0,13,Premium,10,40.54,405.4,173,1,0.743,8,5.23,1,247,0,1,1
109567,23,Female,West,24700.0,38,Standard,11,79.89,878.79,40,0,0.4,7,5.94,3,156,1,0,0
109568,47,Male,West,66000.0,37,Premium,8,50.18,401.44,6,0,0.507,3,4.26,3,353,0,0,0
109569,36,Male,South,72000.0,4,Basic,5,43.8,219.0,2,1,0.265,13,,0,238,1,0,1
109570,51,Male,East,59000.0,53,Premium,8,99.66,797.28,3,0,0.159,7,2.71,0,419,1,0,0
109571,18,Female,Central,15000.0,25,Premium,19,51.22,973.18,21,1,0.624,5,9.66,3,786,0,1,0
109572,36,Female,Central,40700.0,8,Basic,7,69.43,486.01,45,0,0.328,12,2.0,1,214,1,0,0
109573,33,Male,Central,41400.0,68,Standard,7,73.2,512.4,26,0,0.502,4,9.88,2,409,1,0,0
109574,51,Male,West,74900.0,21,Premium,14,36.52,511.28,14,0,0.218,4,13.65,1,182,1,0,0
109575,48,Female,West,57200.0,21,Basic,4,61.6,246.4,34,0,0.414,2,5.53,1,29,0,0,0
109576,47,Male,North,37700.0,26,Standard,6,36.99,221.94,5,2,0.432,9,,2,174,1,0,1
109577,59,Male,West,80400.0,50,Basic,4,18.43,73.72,14,0,0.221,7,2.7,2,3,1,0,1
109578,34,Female,South,51200.0,19,Basic,12,37.1,445.2,1,1,0.348,15,15.44,0,475,0,0,0
109579,56,Male,Central,54300.0,60,Standard,9,111.44,1002.96,5,0,0.829,3,8.97,3,492,0,1,0
109580,25,Male,North,44700.0,13,Basic,8,55.48,443.84,46,0,0.402,6,5.66,1,0,1,1,0
109581,25,Male,Central,27000.0,20,Standard,17,53.34,906.78,26,1,0.177,3,12.38,0,626,1,1,0
109582,49,Female,East,53300.0,3,Standard,6,27.59,165.54,5,0,0.365,3,7.28,0,25,0,0,1
109583,19,Female,North,21500.0,22,Premium,15,166.72,2500.8,102,2,0.37,7,3.98,0,1228,1,0,1
109584,46,Female,East,50300.0,9,Basic,5,9.46,47.3,6,0,0.371,4,20.2,1,0,0,0,1
109585,40,Female,West,61600.0,11,Standard,5,21.77,108.85,3,1,0.16,11,11.03,2,488,1,1,0
109586,53,Female,West,,9,Standard,10,60.63,606.3,125,1,0.278,12,11.33,0,187,0,1,1
109587,38,Male,West,62500.0,27,Premium,16,74.21,1187.36,84,1,0.25,6,11.61,2,528,1,1,1
109588,40,Male,East,51400.0,26,Premium,14,98.31,1376.34,69,1,0.695,17,2.83,2,934,1,1,0
109589,46,Female,North,49100.0,44,Basic,3,53.82,161.46,32,0,0.068,6,7.18,1,311,0,1,0
109590,30,Male,Central,39700.0,21,Premium,14,112.44,1574.16,45,2,0.514,6,7.58,0,616,1,1,1
109591,30,Female,Central,26700.0,39,Standard,6,104.46,626.76,130,0,0.259,6,0.82,2,484,0,0,1
109592,45,Female,West,30800.0,29,Basic,4,32.12,128.48,11,0,0.566,7,6.22,1,253,1,0,0
109593,39,Male,North,35600.0,17,Basic,5,26.32,131.6,21,1,0.331,8,24.99,0,98,0,1,0
109594,34,Male,West,16700.0,52,Basic,2,102.66,205.32,9,0,0.48,7,14.29,3,70,1,0,1
109595,38,Female,South,28100.0,15,Standard,5,92.8,464.0,29,0,0.431,17,7.27,0,751,1,0,0
109596,60,Male,Central,45200.0,7,Standard,9,109.05,981.45,2,1,0.558,7,11.43,2,793,0,1,1
109597,33,Male,North,59400.0,4,Basic,4,23.67,94.68,21,0,0.19,6,5.73,2,140,3,0,1
109598,33,Male,North,24300.0,18,Premium,7,88.73,621.11,16,0,0.781,9,23.67,0,245,0,1,0
109599,18,Non-binary,North,27400.0,23,Standard,6,36.08,216.48,22,0,0.574,6,17.15,1,125,1,1,0
109600,38,Female,West,62600.0,24,Premium,13,108.34,1408.42,92,1,0.239,3,9.77,0,613,2,1,1
109601,48,Female,West,68400.0,3,Basic,4,56.47,225.88,48,0,0.524,11,12.42,0,73,1,1,1
109602,50,Male,West,54300.0,34,Basic,3,41.65,124.95,10,0,0.477,12,8.24,0,199,0,1,0
109603,40,Male,South,44800.0,21,Premium,5,89.21,446.05,33,1,0.303,2,1.04,2,514,0,1,0
109604,51,Female,Central,61900.0,42,Standard,7,96.61,676.27,35,0,0.569,8,4.36,0,437,0,1,0
109605,49,Female,South,87000.0,27,Basic,10,30.95,309.5,89,1,0.371,6,5.2,1,192,1,1,1
109606,53,Female,North,67000.0,38,Basic,3,68.06,204.18,13,0,0.765,7,11.86,1,202,0,1,0
109607,52,Female,West,,8,Basic,6,67.08,402.48,75,0,0.671,3,10.27,1,246,0,1,1
109608,59,Female,East,,43,Standard,6,43.75,262.5,36,0,0.659,3,15.31,0,0,1,1,0
109609,37,Non-binary,East,49900.0,32,Basic,1,27.07,27.07,4,0,0.157,8,7.5,1,0,1,1,0
109610,22,Female,South,47900.0,16,Basic,5,42.68,213.4,24,1,0.212,15,6.47,3,110,0,0,1
109611,48,Male,West,63200.0,67,Standard,6,12.07,72.42,193,0,0.412,14,14.73,1,351,0,1,1
109612,49,Female,North,63900.0,97,Basic,4,39.71,158.84,60,0,0.554,5,2.85,1,0,1,1,0
109613,59,Female,East,53500.0,16,Standard,6,85.83,514.98,2,0,0.286,14,4.13,2,187,0,0,0
109614,56,Male,South,48300.0,45,Basic,5,76.4,382.0,54,0,0.208,4,11.89,3,425,0,1,1
109615,64,Female,West,64500.0,25,Basic,7,26.43,185.01,9,1,0.685,7,7.11,1,0,1,1,0
109616,47,Female,South,67900.0,37,Basic,3,32.85,98.55,86,0,0.547,1,4.43,2,0,2,1,1
109617,42,Male,South,62500.0,30,Basic,7,37.58,263.06,38,0,0.657,14,4.33,1,168,0,0,0
109618,21,Female,South,49500.0,44,Standard,6,46.83,280.98,6,1,0.131,8,9.65,3,268,1,1,0
109619,43,Female,East,51600.0,4,Basic,1,40.61,40.61,1,0,0.209,9,1.78,2,48,0,1,1
109620,32,Non-binary,North,48800.0,36,Standard,6,97.24,583.44,18,0,0.148,7,5.78,0,145,1,1,0
109621,42,Female,West,58400.0,32,Basic,11,8.66,95.26,56,0,0.621,9,5.08,0,262,1,1,0
109622,40,Male,South,47400.0,27,Premium,6,39.6,237.6,39,0,0.5,7,12.17,0,240,1,0,0
109623,45,Female,South,49100.0,56,Standard,6,8.38,50.28,59,0,0.659,2,9.57,0,127,0,0,0
109624,38,Female,East,26200.0,11,Basic,2,51.17,102.34,69,0,0.608,20,5.59,1,107,1,1,1
109625,51,Female,South,57200.0,42,Premium,7,103.82,726.74,3,1,0.922,12,4.9,1,204,1,1,0
109626,18,Male,West,26500.0,15,Basic,8,40.7,325.6,4,0,0.509,1,12.48,2,154,0,0,0
109627,41,Female,West,65700.0,18,Basic,5,20.74,103.7,32,2,,8,3.26,1,342,0,1,0
109628,55,Male,West,80400.0,16,Standard,7,153.82,1076.74,72,0,0.692,5,9.06,0,651,0,1,1
109629,63,Male,East,72800.0,27,Basic,4,50.82,203.28,25,0,0.368,21,3.78,1,0,1,1,0
109630,49,Male,South,86300.0,43,Basic,7,45.3,317.1,28,0,0.252,8,9.14,0,453,0,0,0
109631,61,Female,North,71500.0,25,Basic,6,25.93,155.58,14,2,0.501,6,7.3,2,138,0,1,0
109632,41,Male,South,64300.0,47,Standard,11,16.35,179.85,3,1,0.251,11,4.26,1,0,0,1,0
109633,39,Male,Central,46500.0,20,Standard,13,34.42,447.46,31,2,0.652,8,1.93,3,117,0,1,1
109634,46,Female,North,38600.0,7,Basic,5,25.28,126.4,85,0,0.291,8,9.9,3,229,0,1,1
109635,39,Male,North,42000.0,30,Basic,6,85.84,515.04,153,0,0.449,7,2.54,2,0,0,0,1
109636,29,Female,West,59100.0,22,Basic,4,29.26,117.04,47,0,0.835,2,2.88,1,22,1,1,0
109637,32,Male,East,,66,Basic,7,27.16,190.12,11,0,0.762,7,3.33,0,284,2,1,0
109638,25,Male,Central,28100.0,12,Basic,7,28.79,201.53,12,0,0.76,7,6.71,1,0,0,1,0
109639,46,Female,North,54500.0,34,Standard,4,65.83,263.32,21,0,0.314,6,27.6,1,83,0,1,0
109640,39,Female,Central,42500.0,26,Basic,10,57.89,578.9,158,0,0.75,5,17.09,2,275,0,1,1
109641,34,Male,West,59900.0,8,Basic,6,11.3,67.8,183,0,0.199,5,11.56,0,138,1,1,1
109642,32,Male,West,67700.0,6,Premium,10,87.76,877.6,35,1,0.369,12,15.8,2,400,2,1,1
109643,46,Male,South,54700.0,6,Basic,5,16.04,80.2,64,0,0.659,13,17.92,0,0,0,1,1
109644,49,Female,South,65000.0,43,Standard,6,81.7,490.2,7,0,,7,17.88,3,415,1,0,0
109645,24,Male,North,47300.0,25,Basic,3,34.25,102.75,25,0,0.637,10,5.66,0,0,0,1,1
109646,22,Male,West,33300.0,37,Standard,7,87.85,614.95,151,0,0.234,7,29.54,0,298,0,1,1
109647,51,Non-binary,North,47100.0,38,Standard,9,48.23,434.07,10,2,0.437,5,5.85,3,332,0,1,1
109648,21,Female,South,,72,Standard,6,36.72,220.32,62,1,0.199,9,3.27,2,331,0,0,1
109649,46,Non-binary,South,60400.0,49,Basic,13,8.46,109.98,106,2,0.723,12,9.63,0,136,1,1,1
109650,60,Female,Central,73400.0,25,Basic,6,20.66,123.96,7,0,0.687,5,6.76,1,259,3,0,0
109651,60,Male,South,42800.0,36,Basic,3,36.6,109.8,13,1,0.434,6,4.41,1,225,2,0,1
109652,49,Female,South,51300.0,10,Standard,3,44.51,133.53,26,0,0.483,4,5.36,0,124,0,1,0
109653,48,Male,West,46200.0,8,Premium,3,33.22,99.66,99,0,0.185,7,17.46,2,113,1,1,0
109654,68,Female,Central,87900.0,23,Basic,5,45.89,229.45,17,1,0.515,4,8.5,3,109,0,1,0
109655,18,Female,West,18200.0,15,Basic,6,22.65,135.9,43,0,0.24,1,7.08,2,256,1,1,1
109656,33,Female,East,35800.0,26,Basic,2,44.22,88.44,7,0,0.222,13,18.26,1,217,1,0,0
109657,50,Male,North,51500.0,18,Basic,4,39.44,157.76,43,0,0.592,10,14.91,2,0,1,0,1
109658,35,Male,North,55200.0,47,Standard,8,85.53,684.24,3,0,0.318,9,6.12,2,611,1,0,0
109659,55,Male,South,76700.0,35,Basic,3,77.63,232.89,4,0,0.328,4,1.04,1,0,0,1,0
109660,38,Male,South,53900.0,16,Standard,6,40.24,241.44,50,0,0.066,9,7.9,1,409,0,0,1
109661,41,Female,South,65300.0,39,Basic,5,44.87,224.35,8,0,0.3,10,3.41,1,378,0,0,0
109662,35,Female,East,61400.0,10,Standard,7,87.03,609.21,22,0,0.379,7,10.54,2,350,0,0,1
109663,32,Female,South,16000.0,24,Standard,4,36.27,145.08,7,0,0.635,5,13.18,2,196,0,0,1
109664,32,Female,West,49600.0,48,Premium,6,133.72,802.32,2,0,,5,5.55,0,160,0,1,0
109665,43,Male,North,46600.0,4,Standard,7,65.19,456.33,11,0,0.2,6,5.74,1,248,0,1,0
109666,29,Female,Central,20900.0,58,Standard,9,65.67,591.03,4,1,0.635,5,0.86,1,338,0,0,0
109667,51,Male,West,54900.0,19,Standard,8,20.13,161.04,15,0,0.205,7,7.76,0,159,0,1,0
109668,47,Male,South,65800.0,48,Basic,5,37.43,187.15,61,1,0.53,0,6.47,0,34,1,1,1
109669,53,Male,South,81600.0,19,Basic,1,8.18,8.18,95,1,0.561,0,30.74,4,5,0,0,1
109670,24,Female,Central,15000.0,6,Premium,8,97.75,782.0,3,2,0.261,7,4.13,0,598,0,1,1
109671,18,Male,Central,36700.0,17,Premium,11,159.75,1757.25,64,1,0.138,4,5.64,3,1179,2,1,1
109672,39,Male,South,75500.0,54,Premium,11,33.57,369.27,45,0,0.386,10,5.41,1,73,0,1,0
109673,77,Male,North,109700.0,29,Standard,4,31.65,126.6,19,0,0.441,1,6.72,1,0,1,1,0
109674,55,Male,Central,15000.0,49,Basic,8,29.98,239.84,4,0,0.554,2,3.03,0,13,2,1,0
109675,32,Female,West,71800.0,19,Premium,6,58.47,350.82,35,3,0.236,9,3.34,1,91,0,1,0
109676,45,Male,West,67100.0,14,Standard,4,46.32,185.28,87,0,0.382,5,12.09,1,0,1,1,1
109677,48,Male,South,24200.0,47,Basic,3,29.71,89.13,10,0,0.295,7,6.93,2,294,0,1,0
109678,21,Male,West,20100.0,25,Basic,4,44.76,179.04,20,0,0.224,9,8.55,1,0,1,1,0
109679,57,Male,East,82700.0,32,Standard,5,37.2,186.0,237,1,0.315,5,2.23,1,13,1,1,1
109680,37,Male,East,51100.0,34,Standard,5,19.07,95.35,6,0,0.51,12,15.48,1,406,0,0,0
109681,38,Female,West,39000.0,4,Basic,3,18.33,54.99,39,0,0.26,21,5.92,1,210,0,0,1
109682,39,Female,South,48900.0,40,Premium,7,57.84,404.88,23,1,0.778,17,2.22,1,521,1,0,0
109683,54,Male,South,69800.0,10,Basic,9,40.07,360.63,1,0,0.181,6,4.13,1,357,1,0,0
109684,29,Male,West,30300.0,5,Basic,6,18.08,108.48,24,1,0.348,18,24.33,0,69,1,1,1
109685,18,Male,East,26200.0,17,Basic,8,20.87,166.96,121,0,0.353,3,24.07,1,30,1,0,1
109686,43,Female,Central,64300.0,22,Standard,7,20.92,146.44,87,0,0.275,7,10.27,2,76,1,1,1
109687,18,Male,East,18200.0,62,Standard,9,67.64,608.76,21,0,0.246,7,6.61,1,507,0,1,0
109688,35,Male,South,25200.0,41,Standard,7,52.91,370.37,65,0,0.299,6,8.26,0,337,0,1,0
109689,54,Male,South,,5,Basic,2,5.0,10.0,48,1,0.438,11,6.34,1,0,1,1,1
109690,47,Female,East,43100.0,32,Standard,6,25.64,153.84,49,0,0.071,20,12.82,1,636,2,0,0
109691,53,Female,North,52800.0,25,Standard,10,22.07,220.7,24,0,0.616,4,7.21,1,80,1,0,0
109692,47,Male,East,31400.0,12,Premium,10,139.24,1392.4,12,1,0.312,8,3.07,1,922,0,1,0
109693,70,Male,South,80700.0,38,Standard,13,32.5,422.5,15,0,0.729,2,6.98,1,297,0,0,0
109694,31,Female,South,52500.0,62,Premium,8,39.51,316.08,35,0,0.381,3,4.16,2,393,1,0,0
109695,44,Male,North,41300.0,26,Premium,15,77.12,1156.8,74,1,0.344,4,6.03,1,609,0,0,1
109696,33,Female,East,33100.0,19,Basic,8,67.03,536.24,65,1,0.586,8,3.03,2,266,0,1,1
109697,51,Female,North,56700.0,27,Standard,13,94.99,1234.87,32,0,0.06,6,0.7,0,556,1,0,1
109698,38,Female,East,34200.0,32,Premium,14,64.59,904.26,21,1,0.568,10,2.78,0,543,0,0,0
109699,61,Female,South,82600.0,84,Standard,10,74.38,743.8,68,0,0.281,4,2.38,1,664,0,0,1
109700,32,Male,Central,28900.0,14,Premium,13,55.45,720.85,25,0,0.677,6,7.16,0,442,1,1,0
109701,57,Female,East,57700.0,15,Basic,3,13.54,40.62,57,0,0.095,7,9.88,1,205,0,1,1
109702,47,Male,West,44900.0,46,Basic,7,41.75,292.25,23,0,0.586,13,17.56,3,412,0,1,0
109703,39,Female,Central,62100.0,18,Basic,3,17.01,51.03,105,0,0.148,0,5.67,0,0,0,0,1
109704,46,Female,Central,51400.0,4,Basic,3,33.26,99.78,15,0,0.148,7,5.05,1,153,1,1,1
109705,42,Female,Central,78700.0,62,Standard,6,49.7,298.2,25,0,0.351,1,4.05,0,20,0,0,0
109706,44,Female,South,57700.0,60,Premium,10,56.05,560.5,18,0,0.135,6,6.68,0,419,1,1,0
109707,36,Male,South,61300.0,9,Standard,7,33.14,231.98,35,0,0.385,5,2.31,1,30,0,1,0
109708,30,Male,West,34900.0,26,Standard,6,38.05,228.3,23,0,0.349,4,24.96,2,161,0,1,0
109709,35,Male,East,31000.0,5,Premium,5,62.37,311.85,0,1,0.475,4,5.66,2,21,2,1,0
109710,18,Male,East,,44,Standard,5,47.83,239.15,14,0,0.166,10,7.78,1,133,1,1,0
109711,50,Male,West,48900.0,42,Basic,7,87.88,615.16,16,2,0.414,7,21.63,0,244,1,0,0
109712,23,Male,North,15000.0,25,Standard,6,48.17,289.02,20,0,0.388,5,19.84,0,245,1,0,0
109713,36,Male,North,59300.0,51,Basic,8,31.17,249.36,37,0,0.457,6,2.62,0,335,0,1,0
109714,47,Male,East,,6,Basic,5,34.65,173.25,9,0,0.143,10,5.63,2,288,1,1,0
109715,50,Female,East,48600.0,30,Basic,8,21.55,172.4,11,0,0.26,6,7.94,1,178,1,1,0
109716,18,Female,West,33300.0,4,Premium,9,52.07,468.63,8,0,0.239,5,2.0,1,272,1,1,0
109717,38,Male,West,47700.0,12,Basic,3,12.63,37.89,59,0,0.498,4,2.22,1,90,0,1,1
109718,45,Male,North,73400.0,5,Premium,6,59.77,358.62,71,0,0.501,9,5.11,3,26,0,1,1
109719,40,Female,North,55000.0,68,Basic,4,58.09,232.36,2,0,0.572,3,4.31,1,210,0,0,0
109720,56,Male,South,61900.0,49,Standard,7,11.07,77.49,5,1,0.276,15,11.58,1,0,1,1,0
109721,28,Female,South,47200.0,4,Premium,9,141.05,1269.45,58,2,0.265,4,5.19,4,360,0,0,1
109722,18,Male,West,27500.0,31,Basic,3,16.35,49.05,77,1,0.489,12,13.57,1,226,0,1,1
109723,50,Non-binary,West,61000.0,4,Standard,5,58.92,294.6,31,0,0.235,7,6.19,1,0,0,0,1
109724,32,Female,Central,58500.0,40,Premium,7,93.05,651.35,71,1,0.441,3,22.57,0,316,1,1,0
109725,18,Male,East,15000.0,46,Basic,4,26.73,106.92,79,0,0.456,15,1.39,0,279,0,1,0
109726,37,Male,South,34000.0,40,Basic,4,23.31,93.24,85,0,0.663,9,5.17,0,34,2,1,0
109727,55,Male,East,57300.0,31,Standard,14,27.11,379.54,57,0,0.355,6,0.5,2,470,2,0,0
109728,23,Male,North,28900.0,22,Basic,4,42.85,171.4,17,0,0.464,2,19.41,1,0,0,1,0
109729,69,Male,North,92600.0,30,Basic,5,36.57,182.85,6,1,0.608,9,12.97,3,158,2,1,0
109730,28,Male,East,17700.0,12,Standard,10,27.86,278.6,56,0,0.639,4,6.27,0,231,0,1,1
109731,40,Male,South,48500.0,31,Premium,12,103.07,1236.84,65,3,0.293,3,4.89,0,756,0,0,1
109732,23,Female,North,25000.0,20,Basic,6,87.65,525.9,89,1,0.828,10,2.76,0,609,1,1,0
109733,40,Female,West,72700.0,5,Basic,6,18.24,109.44,11,0,0.552,12,13.53,2,0,1,1,0
109734,37,Female,East,58400.0,10,Standard,6,94.81,568.86,29,1,0.369,7,23.65,1,305,0,1,1
109735,20,Female,North,33200.0,46,Standard,10,102.73,1027.3,18,0,0.384,4,30.32,0,815,0,0,0
109736,76,Male,West,,6,Standard,4,16.77,67.08,2,1,0.589,4,,1,39,1,0,1
109737,33,Male,North,23800.0,28,Premium,9,101.14,910.26,48,1,0.194,6,6.22,1,315,1,1,1
109738,33,Non-binary,East,70600.0,19,Basic,5,18.31,91.55,13,0,0.648,14,5.83,0,210,0,1,0
109739,52,Female,East,48500.0,10,Standard,7,87.55,612.85,17,0,0.492,4,4.87,2,561,0,1,0
109740,63,Male,East,88300.0,52,Basic,6,150.72,904.32,63,1,0.702,7,10.7,1,459,0,1,1
109741,54,Male,West,69900.0,58,Basic,5,14.84,74.2,2,1,0.128,9,3.94,0,0,2,1,1
109742,23,Female,South,36500.0,7,Standard,5,77.15,385.75,50,0,0.487,9,3.55,2,231,1,1,0
109743,42,Male,North,67800.0,28,Basic,3,45.78,137.34,0,0,0.354,4,9.21,1,352,0,1,1
109744,18,Female,East,42000.0,21,Basic,5,13.32,66.6,160,0,0.05,5,1.63,0,37,1,1,1
109745,51,Male,South,60900.0,28,Basic,5,19.81,99.05,5,1,0.573,2,31.62,2,0,1,1,0
109746,18,Female,North,22100.0,116,Basic,6,9.4,56.4,47,1,0.542,6,3.5,1,400,2,1,0
109747,29,Male,East,40200.0,19,Basic,10,5.0,50.0,18,0,0.344,16,6.97,1,206,1,1,0
109748,39,Male,North,46500.0,13,Basic,3,17.63,52.89,11,1,0.258,6,13.87,0,82,0,0,1
109749,45,Male,East,58600.0,23,Basic,5,21.31,106.55,0,0,0.802,5,4.83,2,77,1,0,1
109750,36,Female,East,59400.0,33,Standard,7,46.96,328.72,25,1,0.39,7,23.23,3,251,1,1,0
109751,59,Female,West,73500.0,18,Standard,7,13.6,95.2,26,1,0.23,10,9.47,1,351,0,0,0
109752,48,Non-binary,Central,59100.0,110,Basic,8,65.44,523.52,25,1,0.817,4,16.49,1,261,0,0,0
109753,47,Female,West,46400.0,13,Standard,11,29.05,319.55,6,0,0.734,2,4.69,1,0,0,0,0
109754,23,Female,Central,37300.0,40,Premium,13,80.47,1046.11,1,0,0.272,12,4.62,2,638,0,1,0
109755,61,Non-binary,East,45100.0,65,Standard,8,29.29,234.32,1,0,0.524,3,6.59,2,23,0,1,0
109756,29,Male,West,,2,Basic,1,15.33,15.33,14,0,0.161,7,2.76,1,144,0,0,1
109757,62,Male,West,78300.0,35,Standard,10,39.44,394.4,53,0,0.662,7,4.55,2,180,3,0,0
109758,65,Female,West,85000.0,13,Basic,4,50.44,201.76,10,0,0.501,2,17.09,2,0,2,1,0
109759,46,Female,West,54300.0,10,Basic,2,46.59,93.18,40,0,0.575,10,5.18,2,384,0,1,1
109760,52,Male,Central,63100.0,22,Premium,8,61.32,490.56,6,0,0.515,13,10.66,0,556,2,0,0
109761,18,Female,East,33200.0,62,Basic,7,45.47,318.29,59,0,0.495,5,2.57,2,178,1,0,1
109762,36,Female,Central,54600.0,47,Premium,12,70.57,846.84,37,1,0.261,17,5.51,2,383,1,1,0
109763,53,Female,South,58400.0,5,Basic,3,56.42,169.26,0,0,0.181,9,6.25,0,203,2,1,0
109764,51,Male,North,45600.0,47,Standard,9,40.87,367.83,174,1,0.426,21,21.3,2,162,0,1,1
109765,23,Female,North,38200.0,13,Standard,11,31.97,351.67,20,1,0.284,13,8.38,1,262,0,1,0
109766,35,Male,East,71600.0,55,Standard,10,37.82,378.2,89,0,0.388,19,2.56,2,368,0,0,1
109767,18,Female,North,15100.0,3,Standard,5,6.08,30.4,8,0,0.211,7,8.6,1,197,1,1,0
109768,44,Female,North,50900.0,37,Basic,7,30.16,211.12,38,0,0.349,5,1.25,2,85,1,1,0
109769,18,Non-binary,South,22600.0,11,Basic,6,52.95,317.7,22,1,0.32,5,11.55,2,0,0,1,1
109770,54,Non-binary,East,,47,Standard,9,77.84,700.56,31,0,0.515,10,12.14,1,309,1,0,0
109771,54,Male,North,48700.0,73,Standard,8,135.45,1083.6,26,1,0.649,7,3.44,4,823,0,0,0
109772,33,Male,East,40000.0,22,Standard,3,39.63,118.89,48,0,0.347,8,6.93,3,0,1,0,1
109773,46,Female,West,49500.0,16,Premium,10,52.19,521.9,17,1,0.312,3,,1,301,0,1,0
109774,36,Female,West,27500.0,20,Basic,5,41.53,207.65,125,1,0.007,10,7.03,2,0,0,0,1
109775,42,Female,West,32500.0,24,Premium,6,80.24,481.44,88,1,0.238,9,2.88,2,453,1,1,1
109776,24,Female,South,41700.0,36,Basic,5,27.76,138.8,91,0,0.732,4,5.27,2,308,0,0,1
109777,47,Male,Central,65500.0,6,Premium,7,38.05,266.35,27,1,0.577,18,7.83,1,120,0,0,1
109778,18,Male,Central,20200.0,9,Standard,8,61.58,492.64,27,0,0.771,11,20.08,1,548,0,1,0
109779,18,Female,South,47700.0,27,Standard,9,68.61,617.49,31,3,0.341,8,36.73,2,184,1,1,1
109780,37,Female,North,15000.0,24,Premium,5,109.04,545.2,40,1,0.106,16,4.63,0,366,0,1,1
109781,36,Non-binary,East,27500.0,9,Premium,7,29.38,205.66,13,0,0.28,3,2.24,3,343,1,0,0
109782,43,Male,Central,40200.0,54,Basic,8,29.07,232.56,160,0,,2,3.85,2,0,0,1,1
109783,31,Female,West,40200.0,14,Standard,8,51.55,412.4,16,0,0.209,5,19.21,0,217,0,0,0
109784,64,Female,Central,65400.0,83,Standard,6,72.75,436.5,59,0,0.852,9,8.11,0,60,2,0,1
109785,41,Female,Central,47000.0,35,Basic,4,45.21,180.84,72,0,0.582,5,21.74,0,130,0,1,1
109786,42,Female,West,57600.0,44,Standard,6,40.87,245.22,43,1,0.558,10,11.28,1,211,1,1,0
109787,42,Female,North,71200.0,30,Basic,4,51.29,205.16,144,0,0.114,4,7.41,2,215,1,1,1
109788,52,Male,North,71500.0,16,Standard,6,50.87,305.22,17,1,0.343,6,11.4,3,315,0,0,1
109789,46,Female,North,55400.0,29,Standard,7,17.08,119.56,81,0,0.118,2,4.24,2,0,0,1,1
109790,45,Male,North,52500.0,21,Standard,6,81.58,489.48,94,0,0.57,5,9.8,3,339,1,0,1
109791,49,Female,North,72900.0,7,Standard,3,31.64,94.92,93,0,0.364,8,1.3,2,0,0,1,1
109792,18,Female,South,54400.0,7,Basic,4,33.33,133.32,17,0,0.623,6,10.47,1,181,0,0,1
109793,18,Female,West,36900.0,19,Basic,3,9.45,28.35,62,0,0.197,10,5.28,2,409,1,1,1
109794,38,Male,North,40100.0,36,Standard,7,50.7,354.9,121,0,0.578,7,8.44,0,251,0,1,1
109795,36,Male,West,48700.0,19,Premium,10,57.51,575.1,13,0,0.079,3,2.75,3,440,0,1,0
109796,47,Female,Central,63700.0,19,Basic,5,27.57,137.85,65,0,0.202,6,3.78,0,134,1,1,1
109797,39,Male,North,40200.0,37,Basic,5,63.23,316.15,78,0,0.641,7,4.69,0,214,0,1,0
109798,47,Male,North,67700.0,19,Standard,8,66.84,534.72,79,0,0.499,5,8.93,2,345,2,1,1
109799,23,Female,East,36400.0,104,Basic,2,10.37,20.74,27,0,0.794,28,12.19,0,422,0,1,0
109800,39,Male,Central,64300.0,14,Basic,5,33.93,169.65,36,0,0.147,8,7.98,1,171,0,1,0
109801,22,Non-binary,West,18100.0,46,Basic,5,22.89,114.45,2,0,0.365,8,15.01,2,392,2,1,0
109802,44,Female,North,28300.0,27,Standard,8,52.79,422.32,60,1,0.347,12,6.04,1,457,2,0,1
109803,18,Male,West,22500.0,120,Basic,3,15.48,46.44,102,0,0.276,6,17.84,2,275,0,0,1
109804,44,Male,West,53000.0,18,Standard,9,30.29,272.61,15,2,0.512,1,9.79,1,0,3,0,0
109805,20,Male,South,15000.0,41,Standard,5,30.06,150.3,32,0,0.309,6,18.22,0,128,0,1,0
109806,34,Female,West,34700.0,24,Basic,7,118.13,826.91,1,0,0.149,6,7.5,0,374,0,1,0
109807,51,Male,East,77300.0,3,Standard,7,86.67,606.69,3,1,0.23,7,9.02,4,229,1,1,1
109808,42,Female,North,58300.0,26,Basic,0,17.33,0.0,61,0,0.299,12,4.46,1,94,1,1,1
109809,18,Male,Central,29900.0,17,Premium,12,84.22,1010.64,8,1,0.648,13,25.69,1,773,3,0,0
109810,30,Male,South,24600.0,31,Premium,18,179.19,3225.42,29,2,0.549,4,5.51,1,1574,0,1,0
109811,19,Female,West,,14,Standard,15,55.68,835.2,69,1,0.037,14,11.63,1,643,0,1,1
109812,18,Non-binary,West,22200.0,2,Basic,6,30.62,183.72,76,0,0.592,6,22.84,1,0,2,0,1
109813,41,Male,South,51200.0,70,Premium,7,66.9,468.3,204,1,0.644,6,11.91,0,197,1,1,1
109814,46,Male,West,60300.0,15,Basic,4,42.73,170.92,203,0,0.134,9,6.4,1,0,3,1,1
109815,45,Non-binary,North,56000.0,45,Standard,7,63.73,446.11,1,0,0.302,11,2.87,3,450,0,1,0
109816,47,Male,South,76400.0,23,Premium,6,37.88,227.28,45,0,0.733,7,,0,40,2,1,0
109817,39,Female,South,56000.0,30,Standard,8,57.92,463.36,5,0,0.603,9,12.56,1,147,0,1,0
109818,35,Male,Central,48900.0,28,Basic,2,46.26,92.52,10,0,0.117,5,1.13,0,285,1,1,1
109819,25,Male,Central,33400.0,19,Basic,9,35.87,322.83,1,0,0.286,8,5.83,1,49,0,1,0
109820,33,Male,South,48300.0,26,Standard,6,39.41,236.46,20,1,0.306,8,21.29,0,301,0,1,0
109821,22,Male,East,28900.0,43,Basic,3,76.71,230.13,138,1,0.268,5,4.79,4,0,1,0,1
109822,28,Male,Central,40200.0,27,Basic,11,37.55,413.05,90,0,0.686,6,23.88,1,273,1,1,1
109823,40,Female,West,44100.0,49,Basic,9,51.25,461.25,55,1,0.617,8,5.14,0,240,0,1,1
109824,37,Female,North,39100.0,17,Standard,6,80.62,483.72,2,0,0.566,10,1.25,3,402,0,1,0
109825,79,Male,South,73100.0,24,Premium,17,64.21,1091.57,93,1,0.272,8,8.03,1,990,1,0,1
109826,22,Female,South,28000.0,9,Basic,6,29.89,179.34,27,0,0.289,6,6.23,3,261,1,1,1
109827,37,Female,South,41300.0,32,Standard,5,27.27,136.35,61,0,0.213,2,1.84,1,31,0,1,1
109828,20,Female,East,55500.0,23,Standard,12,115.53,1386.36,2,1,0.484,7,3.03,1,975,0,0,0
109829,34,Male,West,57100.0,28,Standard,6,70.57,423.42,73,1,0.247,2,1.78,1,173,1,0,1
109830,34,Female,West,41300.0,67,Standard,5,55.93,279.65,64,0,0.189,15,10.98,1,480,0,0,0
109831,50,Female,South,52500.0,23,Standard,5,81.2,406.0,34,2,0.217,3,4.2,0,611,0,0,1
109832,33,Female,West,50900.0,62,Premium,8,117.61,940.88,34,1,,8,19.79,0,438,0,1,0
109833,37,Female,East,73200.0,13,Basic,7,43.72,306.04,22,1,0.266,6,10.76,1,216,0,0,1
109834,33,Female,West,53400.0,14,Basic,5,20.12,100.6,137,0,0.427,1,6.63,3,40,0,1,1
109835,21,Female,North,15000.0,13,Premium,11,48.95,538.45,5,2,0.415,16,3.9,1,175,2,1,0
109836,31,Male,South,52400.0,8,Basic,10,54.88,548.8,38,0,0.554,16,8.38,2,513,1,0,0
109837,34,Female,South,57800.0,27,Premium,8,132.07,1056.56,37,0,0.62,2,7.04,0,570,0,1,0
109838,40,Female,South,79700.0,36,Standard,8,21.69,173.52,15,0,0.591,4,0.5,1,126,0,1,0
109839,46,Male,West,51100.0,86,Basic,6,50.71,304.26,35,0,0.476,3,,0,0,0,1,0
109840,36,Female,East,47000.0,22,Basic,4,88.0,352.0,80,0,0.111,4,0.95,4,0,0,1,1
109841,36,Female,South,51400.0,65,Basic,10,43.23,432.3,31,0,0.534,2,6.03,2,393,0,1,0
109842,18,Female,East,17300.0,10,Standard,6,17.87,107.22,7,1,0.111,4,8.03,1,0,1,0,0
109843,46,Female,West,42600.0,14,Standard,5,70.65,353.25,13,0,0.622,10,10.62,1,305,1,1,0
109844,30,Male,West,45000.0,21,Basic,5,79.35,396.75,126,0,0.38,10,12.58,2,321,2,0,1
109845,49,Non-binary,West,35800.0,10,Standard,3,28.07,84.21,12,0,0.257,22,3.9,1,204,0,0,0
109846,56,Female,Central,45700.0,29,Standard,6,10.45,62.7,8,0,0.438,2,12.13,1,83,1,1,0
109847,37,Male,West,57500.0,8,Standard,8,9.6,76.8,65,0,0.499,3,10.17,2,0,0,1,1
109848,26,Male,North,42600.0,25,Basic,5,77.29,386.45,12,1,0.235,2,9.2,0,71,0,1,1
109849,39,Female,West,65400.0,24,Premium,8,180.45,1443.6,110,0,0.405,6,8.14,0,662,0,1,1
109850,44,Male,South,59200.0,32,Basic,7,25.02,175.14,4,0,0.112,3,2.06,0,85,0,0,0
109851,35,Male,West,44300.0,61,Premium,15,172.54,2588.1,118,1,0.172,11,5.59,1,1245,1,1,1
109852,32,Male,Central,59300.0,15,Standard,7,55.74,390.18,18,0,0.473,15,13.06,1,446,2,1,0
109853,46,Male,South,48700.0,77,Premium,9,216.83,1951.47,6,0,0.519,15,3.7,1,935,0,0,0
109854,45,Female,South,49000.0,50,Premium,11,139.93,1539.23,60,0,0.177,4,19.58,0,737,0,1,0
109855,34,Male,North,42300.0,32,Basic,4,50.34,201.36,66,0,0.505,10,5.26,0,230,1,1,1
109856,18,Male,Central,34300.0,8,Basic,3,62.33,186.99,7,0,0.358,3,14.58,0,41,0,1,1
109857,45,Male,South,52700.0,29,Standard,7,129.19,904.33,11,0,0.396,9,11.48,0,555,1,0,0
109858,29,Female,West,17700.0,9,Basic,5,71.24,356.2,68,0,0.192,12,16.48,0,133,0,1,1
109859,42,Female,North,47100.0,38,Standard,10,82.83,828.3,27,1,0.501,4,12.6,0,404,1,1,0
109860,41,Female,North,49400.0,18,Basic,7,11.88,83.16,70,0,0.837,2,4.21,1,85,0,0,1
109861,18,Male,North,29600.0,57,Premium,8,108.8,870.4,17,0,0.222,10,10.96,0,561,0,1,0
109862,40,Male,West,42600.0,58,Basic,4,19.69,78.76,118,0,0.54,15,6.06,1,178,0,0,1
109863,46,Male,North,61700.0,41,Basic,6,20.01,120.06,59,0,0.304,22,11.12,1,305,0,0,0
109864,47,Female,Central,33000.0,11,Standard,7,68.88,482.16,41,0,0.202,7,3.54,1,411,0,1,1
109865,41,Female,West,55700.0,20,Basic,4,33.8,135.2,47,0,0.356,3,2.4,2,85,1,1,1
109866,18,Female,Central,53100.0,58,Standard,9,58.25,524.25,7,0,0.766,9,23.01,0,275,0,1,0
109867,56,Female,South,55600.0,109,Basic,7,58.36,408.52,11,1,0.179,10,4.34,1,324,1,1,0
109868,44,Male,East,53500.0,17,Standard,8,103.36,826.88,89,1,0.33,3,3.15,0,582,0,1,1
109869,23,Male,North,29300.0,29,Basic,4,52.96,211.84,95,0,0.199,8,15.61,0,62,1,0,1
109870,29,Male,East,35200.0,17,Premium,13,119.97,1559.61,38,0,0.708,12,4.1,1,674,1,1,0
109871,42,Male,East,36400.0,11,Premium,7,51.17,358.19,49,0,0.734,6,18.32,1,206,1,1,1
109872,48,Female,North,84400.0,13,Standard,5,63.77,318.85,34,0,0.327,8,9.76,0,469,0,0,0
109873,33,Male,Central,47700.0,25,Basic,7,34.51,241.57,27,2,0.381,2,14.36,2,265,2,0,1
109874,50,Male,North,49000.0,6,Basic,5,21.59,107.95,10,0,0.279,6,15.08,1,107,0,1,0
109875,18,Male,South,17000.0,51,Basic,4,58.59,234.36,10,0,0.462,3,23.26,0,50,0,1,0
109876,25,Male,East,35500.0,21,Premium,10,24.26,242.6,28,2,0.146,20,,0,361,1,1,0
109877,18,Female,East,15000.0,30,Premium,13,166.17,2160.21,46,1,0.547,8,6.95,1,1257,1,1,0
109878,27,Female,South,51300.0,30,Basic,3,20.26,60.78,42,0,0.392,1,11.07,0,0,1,1,0
109879,59,Non-binary,Central,59800.0,21,Standard,4,55.29,221.16,120,0,0.214,17,13.24,1,0,0,0,1
109880,66,Male,North,79000.0,16,Standard,5,106.61,533.05,10,0,0.559,2,7.36,1,234,1,0,0
109881,42,Male,East,56900.0,15,Standard,6,21.83,130.98,67,0,0.423,13,1.23,2,46,3,0,1
109882,31,Female,North,53900.0,49,Standard,3,56.15,168.45,165,0,0.209,14,42.29,1,188,0,1,1
109883,36,Male,North,,8,Standard,5,43.13,215.65,25,2,0.349,2,6.96,1,128,0,0,1
109884,45,Female,East,64100.0,41,Standard,8,44.3,354.4,145,0,0.41,7,2.48,1,318,0,1,1
109885,19,Male,West,43200.0,42,Basic,2,18.83,37.66,36,0,0.425,13,8.19,1,241,1,1,0
109886,32,Female,East,36700.0,15,Basic,6,44.63,267.78,54,0,0.565,7,12.89,3,140,1,1,1
109887,58,Male,South,96100.0,18,Basic,7,12.8,89.6,2,0,0.223,2,1.92,1,0,0,1,0
109888,25,Female,North,39600.0,32,Basic,6,38.88,233.28,134,0,0.459,9,5.53,1,475,0,1,1
109889,29,Female,Central,38100.0,30,Standard,8,58.49,467.92,17,1,0.421,8,6.97,3,189,0,1,0
109890,39,Female,North,36200.0,49,Standard,7,32.23,225.61,12,0,0.716,6,9.45,2,392,1,1,0
109891,43,Male,East,48900.0,43,Basic,3,54.15,162.45,88,0,0.162,10,14.13,1,4,0,0,1
109892,31,Male,North,46000.0,13,Basic,3,38.6,115.8,14,0,0.469,12,3.75,1,156,1,1,0
109893,40,Non-binary,North,50200.0,57,Premium,11,35.97,395.67,53,0,0.538,7,14.21,1,319,1,1,0
109894,47,Male,North,81100.0,18,Premium,8,105.22,841.76,34,0,0.108,3,19.11,1,128,1,1,0
109895,64,Male,North,66200.0,8,Standard,7,49.34,345.38,101,0,0.276,6,32.79,1,453,0,1,1
109896,37,Male,East,55600.0,6,Basic,3,25.54,76.62,11,0,0.387,1,6.37,2,0,0,0,1
109897,38,Female,South,31200.0,40,Standard,9,99.52,895.68,60,0,0.152,5,1.35,1,389,0,1,1
109898,59,Male,West,97500.0,92,Basic,4,5.82,23.28,49,0,0.168,17,12.7,1,184,0,1,0
109899,32,Male,North,24600.0,13,Premium,6,211.46,1268.76,17,0,0.172,5,1.36,1,691,0,1,0
109900,22,Male,South,60800.0,5,Standard,7,31.31,219.17,62,1,0.254,5,18.71,2,249,0,1,1
109901,42,Female,South,48900.0,37,Basic,4,77.32,309.28,3,2,0.259,12,0.68,1,394,0,1,0
109902,53,Female,South,30000.0,10,Basic,4,36.67,146.68,44,0,0.336,7,27.04,1,0,1,1,0
109903,44,Female,North,71600.0,46,Standard,8,39.01,312.08,99,0,0.383,8,11.47,1,334,0,1,1
109904,38,Male,North,48200.0,21,Basic,5,34.19,170.95,2,0,0.238,3,7.92,2,129,0,1,1
109905,20,Male,North,23600.0,14,Standard,9,35.84,322.56,0,0,0.655,6,21.9,3,385,0,1,0
109906,38,Male,South,56000.0,22,Basic,3,48.7,146.1,16,0,0.371,5,7.29,3,40,0,0,1
109907,55,Female,North,72500.0,66,Premium,14,47.62,666.68,85,0,0.41,6,2.78,3,787,0,1,0
109908,23,Male,South,38600.0,5,Standard,7,29.08,203.56,0,0,0.547,10,7.41,1,259,0,0,0
109909,36,Female,South,61000.0,47,Basic,2,32.24,64.48,14,0,0.454,24,7.37,0,71,1,1,0
109910,34,Female,South,46700.0,50,Standard,5,57.04,285.2,57,0,0.435,13,4.36,1,475,0,1,0
109911,30,Male,North,48500.0,18,Standard,3,81.2,243.6,78,0,0.256,6,7.17,1,163,3,1,1
109912,42,Female,East,43500.0,38,Basic,7,26.93,188.51,133,0,0.39,14,7.04,0,112,0,1,1
109913,45,Female,South,64400.0,32,Standard,5,26.38,131.9,91,1,0.793,10,22.23,0,0,0,1,1
109914,45,Female,Central,46400.0,50,Basic,4,49.54,198.16,80,0,0.405,3,5.44,2,0,0,1,1
109915,26,Female,North,19900.0,22,Basic,3,78.96,236.88,15,0,0.437,2,2.23,1,125,1,1,1
109916,18,Male,North,25100.0,7,Premium,7,44.9,314.3,29,2,0.256,18,9.85,1,499,1,0,1
109917,42,Male,West,46900.0,59,Basic,3,10.12,30.36,88,0,0.432,7,5.61,0,0,1,1,1
109918,32,Non-binary,South,54300.0,14,Standard,8,44.8,358.4,50,0,0.134,2,6.76,1,0,2,1,0
109919,63,Non-binary,North,50400.0,18,Premium,11,178.95,1968.45,11,1,0.227,5,7.85,1,705,1,0,0
109920,63,Female,Central,86100.0,21,Basic,7,5.68,39.76,47,0,0.367,11,3.86,1,146,1,0,1
109921,65,Female,East,63900.0,54,Basic,4,35.29,141.16,106,1,0.231,6,3.34,0,81,0,1,1
109922,27,Male,East,15000.0,83,Standard,2,39.45,78.9,64,0,0.451,4,5.69,0,78,0,0,0
109923,46,Female,North,37700.0,19,Standard,8,39.3,314.4,3,0,0.434,11,15.65,1,99,0,0,0
109924,50,Non-binary,South,54100.0,20,Standard,6,61.51,369.06,23,1,0.538,13,9.28,2,160,1,1,0
109925,49,Female,South,63700.0,31,Standard,3,122.48,367.44,30,0,0.762,4,2.5,1,225,2,1,1
109926,34,Male,West,41300.0,11,Premium,4,17.16,68.64,17,0,0.116,6,6.41,0,0,3,1,0
109927,56,Male,South,47200.0,37,Basic,6,24.49,146.94,23,0,0.544,11,1.4,1,123,1,0,0
109928,39,Male,East,37100.0,37,Standard,5,26.05,130.25,107,0,0.118,12,14.44,0,0,0,0,1
109929,41,Male,Central,33100.0,31,Premium,11,95.01,1045.11,162,0,0.459,6,6.16,0,486,1,1,1
109930,19,Male,Central,32600.0,8,Basic,0,48.0,0.0,157,0,0.338,9,21.58,1,30,0,0,1
109931,47,Female,North,54300.0,81,Standard,14,26.91,376.74,34,0,0.285,5,7.95,1,142,1,1,0
109932,36,Male,East,53700.0,40,Basic,6,30.76,184.56,164,0,0.788,7,6.4,0,0,0,1,1
109933,45,Male,West,28900.0,74,Standard,11,57.13,628.43,42,1,0.51,12,12.06,1,385,0,0,0
109934,42,Male,West,43300.0,9,Basic,7,46.98,328.86,32,0,0.198,7,16.82,1,330,2,0,1
109935,41,Male,Central,78300.0,12,Standard,8,40.27,322.16,14,0,0.508,10,13.65,2,298,0,1,0
109936,38,Female,West,56000.0,15,Standard,6,15.29,91.74,3,0,0.376,2,4.02,1,3,2,1,0
109937,49,Female,West,53300.0,84,Standard,3,39.62,118.86,73,0,0.597,10,7.6,2,0,3,1,0
109938,36,Male,North,31300.0,30,Basic,4,49.74,198.96,5,0,0.801,9,2.08,0,183,0,1,0
109939,20,Female,East,45400.0,25,Basic,5,8.47,42.35,7,0,0.524,19,4.44,0,322,1,1,0
109940,46,Male,East,76100.0,3,Standard,4,39.96,159.84,149,0,0.066,7,7.8,0,0,1,1,1
109941,28,Male,West,21400.0,20,Standard,6,53.85,323.1,22,0,0.424,6,11.62,1,0,1,0,0
109942,22,Male,East,17000.0,22,Premium,14,240.54,3367.56,65,0,0.416,9,10.0,0,1601,1,0,0
109943,26,Female,South,39500.0,32,Basic,6,22.75,136.5,6,0,0.575,6,8.56,2,173,0,1,0
109944,43,Female,East,57000.0,85,Premium,12,93.03,1116.36,61,1,0.214,2,,1,464,0,0,0
109945,38,Male,Central,53800.0,64,Premium,14,108.08,1513.12,4,0,0.15,2,5.33,0,923,2,0,0
109946,18,Male,South,53800.0,21,Basic,4,36.28,145.12,2,1,0.477,15,0.67,0,219,0,0,0
109947,34,Male,West,29600.0,12,Standard,2,85.19,170.38,24,0,0.415,11,7.4,0,70,1,0,0
109948,54,Female,East,62800.0,21,Basic,2,38.23,76.46,55,0,0.254,10,2.18,1,90,0,1,1
109949,33,Female,South,52300.0,28,Standard,12,41.3,495.6,49,1,0.716,8,11.72,1,0,1,0,1
109950,37,Male,South,56000.0,38,Standard,4,66.47,265.88,148,0,0.487,14,25.38,2,411,0,0,1
109951,53,Male,East,52200.0,1,Basic,6,13.35,80.1,46,0,0.188,3,2.57,1,191,0,0,1
109952,49,Male,West,48900.0,21,Premium,7,160.59,1124.13,2,0,0.187,17,13.48,0,575,1,0,0
109953,52,Non-binary,North,53900.0,23,Standard,11,24.88,273.68,93,0,0.355,14,12.16,1,10,0,0,1
109954,18,Male,Central,51800.0,21,Standard,8,31.37,250.96,1,4,0.239,5,7.44,1,0,1,1,1
109955,62,Male,West,56100.0,84,Standard,6,37.05,222.3,15,0,0.245,5,6.49,1,400,0,1,0
109956,47,Male,South,51000.0,24,Basic,2,30.34,60.68,11,0,0.512,9,5.2,1,173,0,1,0
109957,71,Male,North,89200.0,26,Basic,6,31.19,187.14,213,0,0.771,3,11.92,0,27,2,1,1
109958,29,Male,North,23200.0,78,Standard,6,50.09,300.54,53,0,0.395,6,21.73,1,333,1,1,0
109959,18,Female,North,31600.0,64,Basic,11,59.45,653.95,19,0,0.41,1,4.46,1,349,1,1,0
109960,39,Male,North,21400.0,58,Standard,9,44.02,396.18,80,1,0.485,16,3.28,2,575,1,0,0
109961,35,Male,North,46800.0,31,Basic,7,36.85,257.95,51,0,0.537,3,7.62,3,297,1,1,1
109962,47,Male,Central,56300.0,19,Standard,9,130.93,1178.37,31,0,0.386,5,12.34,0,606,2,0,0
109963,53,Female,West,63500.0,12,Standard,4,68.29,273.16,106,0,0.324,2,3.08,0,4,1,1,1
109964,38,Female,West,34800.0,50,Premium,7,125.15,876.05,14,0,0.142,5,5.49,1,788,0,0,0
109965,36,Male,East,48300.0,74,Standard,8,95.12,760.96,15,0,0.185,12,2.49,3,546,0,1,0
109966,46,Male,East,,39,Basic,4,49.3,197.2,25,0,0.6,11,8.8,3,123,1,1,0
109967,36,Female,Central,63300.0,10,Standard,4,20.77,83.08,85,0,0.202,4,13.3,4,213,0,0,1
109968,35,Female,South,53100.0,30,Premium,11,55.3,608.3,115,1,0.629,4,7.9,1,458,0,0,1
109969,52,Male,West,40000.0,57,Standard,8,25.47,203.76,189,1,0.532,7,6.86,0,0,0,0,1
109970,55,Non-binary,Central,51500.0,13,Basic,1,25.84,25.84,4,0,0.523,7,15.46,1,376,0,1,0
109971,53,Female,Central,52600.0,13,Standard,7,5.64,39.48,11,0,0.448,9,4.16,1,60,1,1,0
109972,37,Female,South,48600.0,37,Premium,13,89.32,1161.16,35,0,0.411,10,6.28,3,703,0,0,0
109973,18,Female,Central,25600.0,39,Basic,5,15.39,76.95,7,0,0.509,6,9.51,2,96,2,1,0
109974,37,Female,East,43600.0,36,Basic,6,25.62,153.72,4,1,0.265,2,13.82,0,98,0,0,1
109975,29,Female,South,77900.0,61,Premium,6,103.58,621.48,63,0,0.72,9,13.85,0,825,0,0,0
109976,37,Male,South,38900.0,26,Basic,8,13.21,105.68,12,1,0.535,5,4.68,1,235,1,0,0
109977,30,Male,South,58900.0,17,Standard,9,39.67,357.03,5,0,0.532,4,5.95,1,37,0,0,1
109978,39,Female,South,45900.0,47,Premium,7,21.26,148.82,17,0,0.538,8,3.21,2,42,0,1,0
109979,25,Female,North,15000.0,96,Basic,5,23.66,118.3,9,0,0.253,9,2.32,1,224,0,0,0
109980,22,Non-binary,North,34500.0,18,Premium,10,61.38,613.8,238,0,0.515,10,7.33,0,334,0,1,1
109981,55,Female,West,78800.0,43,Standard,10,32.44,324.4,107,3,0.445,2,22.59,1,312,0,0,1
109982,26,Male,Central,44500.0,67,Standard,5,20.1,100.5,21,0,0.739,19,7.0,1,277,0,0,0
109983,39,Female,Central,51500.0,33,Standard,7,31.64,221.48,94,0,0.355,8,10.66,0,102,0,1,1
109984,51,Male,East,59700.0,11,Basic,5,25.55,127.75,11,1,0.338,2,6.15,3,60,0,1,1
109985,51,Male,Central,52400.0,34,Standard,6,49.41,296.46,11,0,0.251,15,7.83,1,405,0,1,0
109986,49,Female,East,,37,Basic,5,29.88,149.4,31,1,0.403,4,19.98,3,248,0,1,1
109987,43,Male,East,45700.0,22,Basic,8,48.22,385.76,3,1,0.472,3,16.55,0,126,0,0,1
109988,48,Male,East,47500.0,21,Standard,5,23.47,117.35,46,0,0.877,11,30.18,2,0,0,1,0
109989,57,Female,South,70800.0,8,Premium,15,131.54,1973.1,150,0,0.544,2,11.84,1,1191,0,1,0
109990,45,Male,East,49400.0,15,Basic,3,33.68,101.04,74,0,0.351,10,14.98,3,0,1,0,1
109991,18,Female,South,45900.0,17,Basic,5,68.66,343.3,2,1,0.12,14,,2,109,1,1,0
109992,32,Female,Central,47800.0,13,Basic,1,42.54,42.54,19,0,0.614,5,5.28,0,220,0,1,0
109993,48,Non-binary,North,45600.0,25,Standard,8,139.8,1118.4,94,0,0.033,15,8.53,2,775,0,0,1
109994,31,Female,North,24300.0,52,Basic,7,36.7,256.9,65,0,0.129,13,8.56,2,369,1,1,0
109995,60,Female,South,59900.0,16,Basic,6,114.63,687.78,71,0,0.547,4,11.03,0,354,1,1,1
109996,38,Female,North,79700.0,70,Standard,6,75.27,451.62,46,0,0.106,10,3.69,0,483,1,0,0
109997,40,Non-binary,Central,45600.0,36,Basic,3,55.33,165.99,2,0,0.656,10,4.72,0,0,0,0,0
109998,54,Female,East,72800.0,117,Standard,5,79.85,399.25,29,0,0.074,9,23.95,0,263,0,1,0
109999,37,Female,South,27800.0,43,Standard,7,30.39,212.73,131,1,0.403,1,11.29,0,0,0,1,1
110000,41,Male,East,34700.0,7,Premium,9,80.26,722.34,54,0,0.424,6,2.47,0,531,0,1,0
110001,51,Male,South,56700.0,62,Basic,5,52.2,261.0,10,1,0.147,7,5.35,2,482,2,1,0
110002,20,Male,North,53700.0,4,Standard,8,41.53,332.24,13,0,0.441,3,1.61,2,307,0,1,0
110003,35,Non-binary,South,26100.0,6,Basic,4,54.58,218.32,50,0,0.384,10,2.32,1,129,1,0,1
110004,50,Female,South,49600.0,52,Standard,9,38.39,345.51,21,1,0.54,2,11.33,0,275,0,1,1
110005,40,Male,East,61500.0,89,Basic,6,20.49,122.94,33,0,0.805,11,4.85,2,341,3,1,1
110006,58,Male,West,,89,Basic,1,67.8,67.8,46,0,0.276,9,12.61,0,21,0,1,0
110007,19,Female,South,35100.0,34,Premium,10,62.49,624.9,14,1,0.124,5,6.05,1,485,1,1,0
110008,18,Male,East,37500.0,21,Standard,3,65.73,197.19,24,1,0.4,4,8.71,2,93,1,1,1
110009,49,Male,West,44900.0,25,Standard,9,88.2,793.8,60,1,0.552,5,3.54,4,718,0,1,1
110010,50,Female,South,39900.0,26,Basic,3,23.4,70.2,157,0,0.8,3,0.7,0,194,4,1,1
110011,36,Female,East,29100.0,29,Standard,3,109.74,329.22,56,1,0.57,6,4.33,1,384,1,1,1
110012,44,Female,South,40500.0,15,Standard,6,89.31,535.86,141,0,0.483,2,10.69,0,354,0,1,0
110013,49,Male,South,60600.0,28,Standard,6,6.68,40.08,168,0,0.446,6,3.58,1,297,0,1,1
110014,28,Female,South,,18,Standard,6,74.29,445.74,7,2,0.309,1,1.83,1,0,1,0,1
110015,30,Male,South,42900.0,13,Standard,10,51.79,517.9,25,1,0.244,5,8.32,0,48,0,1,0
110016,41,Female,East,45400.0,72,Basic,10,40.11,401.1,33,1,0.576,11,16.2,4,70,1,0,0
110017,51,Non-binary,West,51500.0,39,Premium,16,121.81,1948.96,126,2,0.538,8,2.13,0,881,2,1,1
110018,24,Male,South,46100.0,38,Basic,5,22.42,112.1,60,2,0.402,13,6.44,1,301,0,0,1
110019,36,Female,Central,31700.0,30,Standard,9,15.96,143.64,34,1,0.141,8,3.44,1,221,0,0,1
110020,36,Female,North,65200.0,15,Basic,6,9.55,57.3,56,0,0.477,1,1.21,2,161,1,0,1
110021,44,Male,South,64300.0,28,Premium,12,40.43,485.16,7,0,0.526,9,1.56,1,253,0,0,0
110022,39,Female,East,34100.0,87,Basic,9,52.02,468.18,23,0,0.78,7,7.39,0,694,0,1,0
110023,32,Female,East,58100.0,39,Basic,8,22.86,182.88,66,0,0.183,13,6.62,0,268,0,1,0
110024,55,Male,Central,47600.0,25,Premium,9,36.84,331.56,27,0,0.123,7,2.42,2,151,3,1,0
110025,32,Male,South,59400.0,35,Basic,6,62.5,375.0,73,0,0.629,20,15.72,2,156,0,0,0
110026,35,Male,South,48800.0,21,Premium,9,156.5,1408.5,28,0,0.109,4,5.91,0,460,0,1,0
110027,18,Male,East,15000.0,20,Premium,9,186.3,1676.7,62,1,0.454,3,3.25,2,549,0,1,0
110028,30,Male,East,21300.0,54,Standard,7,70.78,495.46,100,0,0.785,15,7.2,0,411,0,1,0
110029,46,Male,West,48900.0,30,Basic,6,64.55,387.3,27,0,0.317,6,3.42,0,208,0,1,0
110030,43,Female,West,63900.0,40,Basic,5,68.67,343.35,17,0,0.105,2,3.73,1,0,0,1,0
110031,47,Male,North,53200.0,28,Basic,1,64.95,64.95,45,0,0.262,4,3.96,2,424,0,0,1
110032,46,Male,West,51900.0,46,Premium,12,43.68,524.16,48,1,0.127,23,5.46,1,414,0,1,0
110033,66,Male,West,74200.0,20,Basic,5,6.41,32.05,81,0,0.717,6,6.75,3,0,0,0,1
110034,29,Non-binary,East,15000.0,23,Basic,7,15.71,109.97,67,0,0.347,6,14.59,1,76,0,1,1
110035,18,Female,South,39500.0,81,Basic,8,48.9,391.2,34,0,0.08,3,19.56,4,437,0,1,0
110036,25,Male,Central,53400.0,6,Standard,4,23.93,95.72,125,0,0.843,7,5.6,1,153,0,0,1
110037,30,Male,West,50500.0,45,Standard,9,21.98,197.82,22,0,0.717,4,16.43,1,0,3,1,0
110038,26,Female,South,29700.0,32,Standard,7,23.92,167.44,133,0,0.744,7,0.59,2,37,0,1,1
110039,40,Female,South,36500.0,23,Premium,8,118.94,951.52,0,0,0.656,3,13.92,2,378,0,0,0
110040,55,Non-binary,West,48000.0,15,Basic,8,27.14,217.12,163,0,0.225,3,7.06,1,179,1,0,1
110041,59,Female,Central,51100.0,60,Basic,6,33.21,199.26,58,1,0.299,13,10.64,0,196,1,0,1
110042,46,Male,East,86300.0,88,Standard,6,6.93,41.58,40,1,0.511,5,8.93,1,209,1,1,0
110043,67,Male,Central,73400.0,22,Basic,4,21.45,85.8,21,0,0.504,2,5.63,2,0,3,0,1
110044,34,Male,South,55900.0,42,Basic,6,18.81,112.86,24,0,0.681,15,2.57,5,389,1,0,0
110045,18,Male,South,39900.0,41,Standard,7,78.73,551.11,53,0,0.483,13,7.14,1,182,0,1,0
110046,53,Female,West,63200.0,43,Basic,11,20.97,230.67,119,0,0.805,2,4.79,0,170,1,0,0
110047,18,Female,North,15000.0,10,Premium,15,125.43,1881.45,20,0,0.232,1,15.86,0,1009,0,0,0
110048,29,Male,North,45700.0,56,Standard,8,37.99,303.92,23,0,0.31,2,2.76,1,0,0,1,0
110049,46,Female,West,39400.0,7,Basic,4,60.19,240.76,47,1,0.219,2,8.13,0,191,2,1,0
110050,38,Male,South,55400.0,41,Basic,7,29.49,206.43,42,0,0.2,4,11.9,0,175,1,1,0
110051,37,Female,North,31500.0,64,Basic,11,98.94,1088.34,5,1,0.548,3,4.67,3,676,0,0,0
110052,24,Female,North,27600.0,19,Basic,5,18.53,92.65,18,0,0.629,18,11.34,0,275,0,1,0
110053,39,Non-binary,South,41800.0,31,Standard,8,34.86,278.88,4,0,0.232,2,3.78,1,101,0,1,0
110054,52,Male,South,79900.0,47,Standard,6,103.58,621.48,13,0,0.424,6,6.68,1,198,0,1,0
110055,39,Male,South,15000.0,23,Basic,4,28.59,114.36,37,1,0.326,4,8.91,1,106,0,1,1
110056,28,Female,Central,70100.0,14,Basic,7,15.61,109.27,0,1,0.518,3,0.94,0,40,1,0,1
110057,23,Non-binary,East,21500.0,43,Standard,6,106.49,638.94,31,0,0.378,4,8.5,2,435,1,1,0
110058,28,Male,West,35800.0,12,Basic,6,12.63,75.78,55,0,0.543,11,7.06,1,110,1,0,1
110059,44,Non-binary,North,58500.0,5,Basic,5,73.18,365.9,45,0,0.306,3,14.34,1,81,1,0,1
110060,43,Female,North,56300.0,30,Basic,5,15.12,75.6,24,0,0.722,2,6.13,1,280,0,1,0
110061,29,Female,Central,,23,Premium,13,55.77,725.01,84,1,0.374,18,10.21,0,387,1,0,1
110062,18,Male,East,36500.0,43,Basic,5,21.9,109.5,13,0,0.47,9,3.23,2,95,0,1,0
110063,44,Male,West,81200.0,32,Basic,5,39.04,195.2,23,0,0.306,6,7.11,1,238,0,1,0
110064,27,Female,South,46800.0,97,Standard,13,45.76,594.88,69,0,0.427,11,6.51,2,115,2,0,0
110065,48,Female,East,54900.0,61,Basic,5,55.71,278.55,50,0,0.892,2,15.39,0,75,1,0,0
110066,29,Male,East,30700.0,34,Basic,7,48.86,342.02,23,0,0.279,7,5.79,1,190,0,1,1
110067,26,Non-binary,North,27500.0,57,Premium,3,72.22,216.66,71,0,0.178,6,10.07,2,243,0,0,1
110068,41,Male,West,68000.0,68,Premium,8,60.17,481.36,35,0,0.456,4,23.59,0,580,1,0,0
110069,70,Male,South,102000.0,68,Basic,4,62.15,248.6,22,0,0.156,6,2.06,4,284,1,0,0
110070,49,Male,East,71500.0,13,Basic,8,27.68,221.44,7,0,0.108,8,13.91,1,384,0,0,0
110071,41,Male,North,15000.0,15,Premium,7,67.36,471.52,112,0,0.113,9,6.14,0,342,1,1,1
110072,44,Male,East,21200.0,76,Basic,6,69.94,419.64,59,0,0.262,7,18.71,1,466,0,1,1
110073,18,Female,West,27900.0,31,Basic,3,11.89,35.67,26,0,0.276,4,8.65,1,0,1,0,0
110074,24,Male,South,31400.0,32,Basic,7,42.22,295.54,29,0,0.844,9,6.97,0,478,0,0,0
110075,18,Male,Central,28300.0,40,Standard,8,40.65,325.2,120,0,0.323,5,0.5,1,278,1,1,1
110076,61,Female,South,86400.0,26,Basic,5,16.97,84.85,5,0,0.2,6,3.96,1,224,1,1,1
110077,59,Female,Central,83800.0,80,Standard,8,57.02,456.16,18,0,0.386,10,7.1,1,229,2,1,1
110078,44,Male,West,55100.0,36,Premium,17,12.05,204.85,51,3,0.087,3,4.86,1,15,0,1,1
110079,41,Male,Central,28500.0,53,Standard,3,25.74,77.22,30,0,0.512,3,12.86,1,263,1,0,0
110080,19,Female,West,15000.0,22,Standard,6,32.64,195.84,26,0,0.091,6,5.04,3,154,4,0,1
110081,36,Male,East,46000.0,24,Standard,8,127.68,1021.44,7,0,0.561,5,10.93,1,513,0,1,0
110082,62,Female,South,75600.0,15,Basic,7,40.79,285.53,16,0,0.446,7,1.06,0,213,1,1,0
110083,41,Female,West,32800.0,49,Premium,9,51.73,465.57,16,0,0.143,6,15.0,0,223,0,0,0
110084,32,Female,West,50500.0,27,Premium,13,35.7,464.1,29,1,0.394,9,6.65,1,287,1,1,0
110085,18,Male,East,15000.0,49,Basic,7,29.44,206.08,60,0,0.753,7,11.11,1,0,0,1,0
110086,57,Female,West,27800.0,46,Premium,12,72.06,864.72,5,1,0.368,6,8.48,0,487,1,1,0
110087,38,Male,East,34700.0,14,Premium,12,31.29,375.48,249,0,0.378,2,7.21,2,86,0,1,1
110088,18,Male,North,47200.0,25,Basic,6,78.5,471.0,59,2,0.342,1,11.01,4,478,0,1,1
110089,27,Male,North,57900.0,12,Standard,8,82.46,659.68,94,0,0.631,5,7.53,0,597,0,1,1
110090,22,Male,West,15000.0,14,Basic,6,67.33,403.98,9,0,0.422,7,4.76,0,369,2,1,0
110091,37,Male,West,24800.0,11,Basic,4,20.79,83.16,26,0,0.343,11,8.83,1,339,0,1,0
110092,42,Female,West,61500.0,16,Basic,6,7.39,44.34,48,0,0.315,3,2.57,0,95,0,0,1
110093,32,Female,East,35100.0,18,Basic,10,22.97,229.7,0,2,0.469,3,0.5,1,44,1,1,0
110094,49,Female,South,76600.0,111,Premium,7,86.61,606.27,2,1,0.515,17,5.0,0,621,0,0,0
110095,40,Male,South,59300.0,23,Basic,4,38.16,152.64,12,0,0.558,11,14.51,2,488,2,1,0
110096,53,Female,North,74100.0,51,Standard,7,48.74,341.18,357,0,,10,9.07,0,0,2,1,1
110097,34,Male,North,31700.0,42,Premium,12,54.35,652.2,9,0,0.467,3,3.45,1,267,2,1,0
110098,79,Male,East,92200.0,36,Standard,7,62.98,440.86,80,1,0.434,6,33.88,1,103,1,0,1
110099,32,Male,West,69500.0,55,Premium,6,73.09,438.54,8,2,0.093,8,1.9,1,284,0,1,0
110100,27,Female,Central,38500.0,34,Basic,4,61.72,246.88,6,0,0.567,14,12.62,3,190,0,1,0
110101,26,Female,North,35000.0,15,Basic,5,46.19,230.95,2,0,0.119,6,1.72,1,86,2,1,0
110102,36,Female,West,39000.0,39,Standard,6,45.36,272.16,61,1,0.332,10,8.68,1,166,2,1,0
110103,18,Male,East,15000.0,45,Standard,5,20.38,101.9,6,0,0.271,5,14.18,1,167,0,1,0
110104,43,Male,South,36400.0,12,Standard,9,35.39,318.51,75,1,0.55,12,16.51,2,278,1,1,1
110105,18,Male,West,15500.0,34,Basic,4,44.67,178.68,24,1,0.28,1,8.55,0,207,0,0,1
110106,41,Male,Central,26800.0,53,Standard,9,34.62,311.58,72,2,0.322,4,2.91,0,188,1,0,1
110107,21,Male,South,15000.0,29,Basic,6,35.96,215.76,9,3,0.34,12,18.93,1,220,3,0,1
110108,34,Female,East,15000.0,90,Premium,5,154.79,773.95,29,1,0.561,5,12.77,1,444,1,1,0
110109,47,Female,South,44600.0,19,Premium,9,98.12,883.08,12,2,0.227,3,25.37,2,561,0,1,0
110110,69,Female,North,85900.0,24,Basic,5,67.12,335.6,36,0,0.738,8,2.71,1,155,0,1,0
110111,25,Female,North,30200.0,40,Standard,10,53.28,532.8,38,2,0.473,1,9.43,1,129,1,1,1
110112,37,Female,North,41700.0,20,Basic,3,13.12,39.36,3,0,0.791,7,9.92,0,0,0,1,0
110113,30,Male,West,50100.0,19,Standard,6,83.23,499.38,29,2,0.248,9,0.59,0,241,0,1,0
110114,28,Female,North,61100.0,64,Basic,5,29.98,149.9,43,0,0.697,6,2.2,3,89,1,0,0
110115,30,Female,West,71200.0,24,Basic,10,23.15,231.5,33,0,0.573,10,5.42,0,85,0,1,0
110116,50,Female,Central,60400.0,53,Basic,5,9.9,49.5,8,0,0.272,4,4.21,0,47,2,1,0
110117,33,Female,West,38300.0,13,Standard,4,48.09,192.36,6,0,0.056,3,8.29,1,104,0,1,0
110118,68,Female,South,69700.0,23,Basic,6,18.58,111.48,14,0,0.135,1,19.1,0,0,2,1,0
110119,44,Female,North,61000.0,23,Premium,9,75.12,676.08,90,0,0.695,2,10.77,3,527,0,0,1
110120,26,Female,South,33400.0,24,Basic,5,6.0,30.0,2,0,0.581,18,4.64,1,60,1,1,0
110121,34,Non-binary,North,41100.0,13,Basic,7,18.81,131.67,5,1,0.444,2,15.85,1,0,1,1,1
110122,29,Female,South,37200.0,21,Basic,4,64.16,256.64,15,0,0.549,6,15.54,2,298,1,1,0
110123,49,Female,East,44300.0,29,Basic,3,37.15,111.45,3,0,0.198,16,11.38,1,191,1,0,0
110124,18,Male,East,15000.0,6,Standard,2,54.44,108.88,25,0,0.287,8,10.64,3,0,0,1,1
110125,22,Female,North,22400.0,19,Basic,7,60.08,420.56,58,0,0.465,5,9.7,0,323,1,1,0
110126,31,Male,South,60800.0,40,Standard,7,70.72,495.04,93,2,0.495,6,8.37,0,246,1,0,1
110127,48,Female,Central,76200.0,17,Premium,3,32.97,98.91,12,0,0.375,4,3.65,3,338,0,1,0
110128,55,Male,Central,76300.0,33,Standard,5,47.86,239.3,64,0,0.338,3,1.54,0,60,2,0,1
110129,57,Male,East,58100.0,16,Basic,2,28.02,56.04,1,0,0.647,10,23.81,0,9,1,1,0
110130,46,Male,East,43500.0,27,Standard,6,10.61,63.66,77,0,0.783,1,5.08,2,0,0,1,1
110131,38,Female,West,69700.0,5,Basic,7,8.35,58.45,9,0,0.212,5,2.28,1,232,0,1,1
110132,49,Female,North,42300.0,39,Basic,6,50.45,302.7,57,0,0.398,1,23.39,2,164,0,1,1
110133,24,Female,Central,34300.0,19,Premium,9,30.57,275.13,4,0,0.267,8,12.03,0,0,0,0,0
110134,18,Male,North,51700.0,50,Premium,10,127.58,1275.8,13,1,0.07,4,11.26,1,414,0,1,0
110135,45,Female,West,55400.0,25,Premium,9,114.75,1032.75,52,0,0.396,7,8.82,0,710,0,1,0
110136,26,Male,South,31500.0,21,Standard,8,73.74,589.92,15,0,0.443,22,12.15,1,463,0,0,0
110137,38,Female,West,63200.0,17,Standard,5,20.69,103.45,3,0,0.562,4,3.91,0,178,2,0,0
110138,41,Female,West,50900.0,19,Basic,9,52.15,469.35,10,0,0.473,16,19.58,1,337,1,0,0
110139,42,Female,West,53500.0,19,Basic,10,48.3,483.0,119,0,0.546,7,8.66,1,292,0,0,1
110140,51,Female,South,80600.0,16,Standard,14,38.48,538.72,70,0,0.309,12,10.04,0,178,0,1,0
110141,50,Male,East,22800.0,17,Standard,4,60.01,240.04,19,2,0.067,7,7.33,1,80,0,1,1
110142,42,Male,East,55800.0,86,Basic,5,87.48,437.4,1,2,0.29,1,1.95,1,2,2,0,0
110143,33,Female,West,31500.0,25,Standard,5,69.01,345.05,44,1,0.204,9,3.64,1,466,0,1,0
110144,40,Female,East,46000.0,6,Basic,12,18.05,216.6,90,1,0.238,8,1.45,0,47,1,1,1
110145,31,Male,East,41900.0,6,Standard,11,44.66,491.26,39,1,0.464,9,1.97,3,205,1,1,1
110146,36,Male,West,35600.0,88,Standard,10,35.1,351.0,48,0,0.183,5,0.76,2,66,1,0,0
110147,73,Male,North,83400.0,25,Standard,7,60.21,421.47,6,0,0.14,11,5.75,3,193,1,0,0
110148,41,Female,West,55200.0,11,Premium,7,67.32,471.24,12,2,0.726,9,6.37,1,0,1,0,1
110149,45,Male,North,56500.0,53,Premium,11,49.5,544.5,6,0,0.315,3,4.95,1,448,0,0,0
110150,30,Male,West,41000.0,17,Standard,3,45.83,137.49,37,0,0.174,8,7.48,2,0,0,1,1
110151,52,Female,South,58700.0,28,Basic,4,50.21,200.84,14,0,0.768,7,17.33,0,226,2,0,0
110152,49,Male,West,56100.0,31,Standard,9,6.38,57.42,226,2,0.259,7,6.43,3,292,0,0,1
110153,49,Male,North,58600.0,12,Standard,8,48.68,389.44,110,0,0.446,16,1.13,0,231,2,1,1
110154,42,Female,East,37600.0,17,Standard,6,17.76,106.56,29,1,0.541,23,7.23,2,237,0,0,0
110155,52,Male,North,78100.0,43,Standard,8,65.05,520.4,53,1,0.285,11,4.72,1,205,2,0,1
110156,56,Female,Central,62800.0,65,Basic,6,19.92,119.52,13,1,0.741,5,6.9,0,387,1,1,0
110157,43,Female,North,46100.0,46,Standard,9,70.06,630.54,11,1,0.327,3,13.06,0,281,0,0,0
110158,38,Male,East,52500.0,35,Standard,8,63.33,506.64,31,0,0.388,2,8.13,3,294,1,0,1
110159,51,Male,North,57700.0,21,Basic,5,87.41,437.05,82,0,0.548,6,9.94,1,428,0,1,1
110160,27,Female,West,53900.0,38,Basic,5,57.47,287.35,53,0,0.282,4,5.47,0,194,0,0,1
110161,30,Male,South,51900.0,42,Standard,8,48.73,389.84,12,0,0.451,5,7.97,3,193,1,0,0
110162,38,Female,East,48300.0,64,Premium,10,152.37,1523.7,72,1,0.304,6,3.44,0,999,1,1,0
110163,18,Male,North,41100.0,27,Basic,3,55.06,165.18,251,0,0.776,1,2.08,1,5,1,1,1
110164,50,Female,South,61700.0,106,Premium,16,58.9,942.4,45,2,0.179,12,14.99,0,583,2,0,0
110165,26,Male,North,19400.0,51,Premium,14,46.48,650.72,42,1,0.24,3,13.78,0,290,0,0,0
110166,33,Female,East,54700.0,25,Basic,4,87.23,348.92,33,0,0.696,3,6.19,0,291,1,1,1
110167,36,Female,North,18500.0,57,Basic,5,82.59,412.95,7,0,0.596,6,15.41,0,388,1,1,0
110168,40,Male,Central,15000.0,21,Standard,9,6.41,57.69,2,1,0.477,10,23.43,1,0,0,1,0
110169,35,Female,South,53900.0,17,Standard,8,44.49,355.92,30,1,0.347,7,4.78,1,371,0,1,1
110170,38,Female,East,53200.0,7,Standard,9,95.16,856.44,11,0,0.105,7,6.68,1,484,0,1,0
110171,38,Female,South,52300.0,85,Standard,9,106.94,962.46,133,2,0.478,5,9.88,2,516,3,0,1
110172,33,Male,South,61700.0,21,Basic,10,72.68,726.8,11,1,0.296,8,24.29,0,242,1,1,0
110173,29,Female,West,38100.0,42,Basic,5,32.66,163.3,11,0,0.421,4,2.36,0,148,0,1,0
110174,53,Male,West,56000.0,51,Standard,8,19.29,154.32,35,1,0.321,6,7.54,0,0,2,1,0
110175,18,Female,East,39200.0,21,Standard,5,51.24,256.2,13,0,0.659,13,9.83,1,660,0,1,0
110176,36,Male,West,35100.0,23,Basic,6,21.32,127.92,19,0,0.25,7,2.28,0,229,0,1,0
110177,33,Male,North,38900.0,6,Premium,9,51.79,466.11,125,1,0.451,10,4.67,2,227,3,1,1
110178,44,Female,Central,56200.0,13,Basic,2,10.33,20.66,184,1,0.285,7,4.83,0,34,2,0,1
110179,20,Male,South,34600.0,8,Basic,7,18.07,126.49,1,0,0.537,6,7.95,1,0,0,0,0
110180,33,Female,Central,37600.0,99,Premium,11,49.2,541.2,9,0,0.202,3,11.19,2,341,0,1,0
110181,38,Female,West,40100.0,24,Premium,13,95.74,1244.62,10,0,0.375,1,1.27,0,721,1,0,0
110182,53,Male,South,45600.0,17,Basic,7,41.92,293.44,1,0,0.205,7,5.92,1,104,0,0,0
110183,43,Male,East,40700.0,20,Basic,5,74.41,372.05,70,0,0.26,7,2.03,0,142,0,1,1
110184,24,Male,Central,59200.0,28,Basic,3,8.35,25.05,1,0,0.251,1,4.39,3,89,0,1,1
110185,33,Male,North,38500.0,15,Basic,5,35.44,177.2,5,0,0.399,5,7.43,0,0,0,1,0
110186,51,Female,South,62000.0,41,Basic,5,29.27,146.35,12,0,0.291,4,11.06,1,170,1,1,0
110187,23,Male,East,15000.0,51,Standard,7,50.58,354.06,80,0,0.3,1,1.38,2,303,0,0,1
110188,38,Female,South,82900.0,24,Premium,12,102.58,1230.96,27,1,0.414,4,3.54,1,425,0,0,0
110189,39,Non-binary,South,35900.0,18,Basic,8,30.93,247.44,31,0,0.693,10,14.11,2,194,1,1,0
110190,34,Male,West,26700.0,21,Premium,17,74.39,1264.63,1,1,0.558,9,10.34,0,598,0,1,0
110191,74,Female,Central,80300.0,13,Basic,6,70.0,420.0,36,0,0.392,9,29.01,4,236,0,0,1
110192,34,Male,East,30700.0,23,Basic,5,25.62,128.1,35,0,0.275,2,13.12,1,102,0,1,0
110193,45,Male,Central,58800.0,44,Basic,6,35.62,213.72,78,0,0.507,7,4.78,0,123,2,1,0
110194,29,Male,North,17300.0,74,Standard,9,65.43,588.87,50,0,0.249,2,16.9,1,100,0,1,0
110195,46,Male,South,70500.0,34,Basic,3,66.4,199.2,53,0,0.411,7,5.22,0,221,2,1,1
110196,50,Male,North,71600.0,43,Standard,11,16.35,179.85,25,1,0.251,6,11.19,2,351,0,1,0
110197,31,Male,South,38700.0,25,Basic,5,8.3,41.5,80,0,0.654,12,5.4,1,43,1,1,1
110198,38,Male,East,23800.0,55,Standard,2,44.04,88.08,0,0,0.48,5,16.53,0,98,0,1,0
110199,27,Male,North,25200.0,15,Basic,8,20.63,165.04,18,2,0.373,13,18.91,3,138,1,0,1
110200,24,Female,South,34600.0,10,Standard,0,43.46,0.0,50,0,0.563,9,3.33,2,15,1,0,1
110201,52,Female,West,43400.0,24,Standard,8,132.98,1063.84,26,0,0.39,12,2.89,0,641,0,0,0
110202,32,Non-binary,East,26600.0,37,Standard,6,10.75,64.5,7,0,0.223,2,6.19,1,99,0,1,0
110203,18,Male,East,42700.0,9,Standard,6,99.74,598.44,5,0,0.279,5,7.51,0,393,0,0,1
110204,62,Male,East,72000.0,82,Standard,7,37.31,261.17,110,0,0.397,8,18.0,1,0,0,1,0
110205,29,Female,Central,40200.0,13,Premium,12,95.56,1146.72,16,1,0.502,9,3.25,1,831,0,0,0
110206,36,Female,West,52500.0,20,Premium,8,133.19,1065.52,178,2,0.351,5,12.66,1,582,1,1,1
110207,60,Male,Central,65600.0,37,Premium,14,101.6,1422.4,9,0,0.389,6,20.47,0,825,2,1,0
110208,37,Female,Central,45200.0,34,Basic,4,10.79,43.16,5,1,0.404,2,7.92,0,0,1,1,0
110209,37,Female,Central,52400.0,56,Standard,8,194.35,1554.8,88,0,0.059,3,7.38,0,990,1,1,1
110210,23,Female,North,44100.0,45,Standard,9,7.19,64.71,6,1,0.196,7,1.72,0,0,1,1,0
110211,18,Male,East,35000.0,14,Premium,12,133.35,1600.2,24,1,0.512,7,9.8,4,715,0,1,0
110212,37,Male,South,66500.0,20,Standard,8,44.06,352.48,3,0,0.14,3,2.96,1,478,3,0,0
110213,44,Female,North,53000.0,40,Basic,4,67.04,268.16,37,1,0.249,10,11.65,1,79,0,1,0
110214,43,Male,East,32900.0,25,Basic,9,31.91,287.19,27,0,0.454,6,3.4,0,317,0,1,1
110215,33,Female,North,57500.0,13,Standard,10,51.7,517.0,67,0,0.216,7,4.32,0,328,3,0,1
110216,39,Male,East,44500.0,5,Standard,7,39.71,277.97,11,1,0.196,6,2.09,3,308,0,0,1
110217,18,Male,West,,64,Basic,6,22.44,134.64,14,0,0.177,1,23.57,2,112,0,1,0
110218,45,Male,South,63600.0,19,Premium,10,56.43,564.3,60,0,0.527,25,5.35,1,365,1,1,0
110219,41,Female,Central,55000.0,39,Premium,7,143.36,1003.52,0,0,0.245,7,10.45,0,398,1,1,0
110220,65,Female,West,54700.0,14,Standard,3,125.21,375.63,47,0,0.135,10,33.61,1,267,0,1,1
110221,39,Female,West,57300.0,35,Basic,7,82.02,574.14,38,1,0.486,8,6.04,2,324,0,1,0
110222,27,Male,North,62800.0,6,Standard,6,31.09,186.54,67,0,0.262,7,6.58,0,0,1,1,1
110223,38,Female,Central,51500.0,14,Premium,9,161.96,1457.64,80,1,0.768,12,7.3,4,931,1,0,1
110224,35,Male,North,40600.0,22,Standard,10,108.98,1089.8,53,0,0.274,6,5.33,0,594,0,1,0
110225,45,Female,West,30300.0,15,Standard,6,19.53,117.18,78,0,0.683,5,8.53,2,235,1,0,1
110226,39,Non-binary,North,76700.0,17,Basic,8,21.02,168.16,87,0,0.577,6,10.79,1,62,0,1,1
110227,23,Male,North,25500.0,46,Basic,5,14.79,73.95,10,1,0.059,11,8.62,0,56,0,0,0
110228,18,Female,South,15000.0,19,Standard,6,47.28,283.68,18,0,0.162,5,4.17,2,376,0,0,0
110229,42,Male,West,52400.0,12,Premium,12,111.29,1335.48,2,0,0.216,6,12.05,0,522,0,1,0
110230,57,Female,Central,79200.0,20,Standard,8,17.6,140.8,41,1,0.037,15,6.03,2,338,1,1,0
110231,40,Male,West,66200.0,4,Basic,3,20.9,62.7,32,0,0.341,9,5.62,2,202,0,1,1
110232,50,Non-binary,West,49000.0,22,Standard,9,22.36,201.24,24,1,0.25,1,5.26,3,257,2,0,1
110233,52,Male,South,58900.0,21,Standard,8,89.86,718.88,85,0,0.271,2,5.34,0,176,2,1,1
110234,42,Male,Central,50800.0,22,Basic,2,69.49,138.98,40,0,0.489,4,10.73,0,399,2,1,0
110235,28,Male,South,51200.0,9,Basic,6,56.87,341.22,34,1,0.414,16,4.22,1,273,0,1,1
110236,42,Female,Central,59100.0,31,Standard,9,80.91,728.19,86,0,0.424,14,6.23,3,329,0,1,1
110237,55,Male,West,66900.0,24,Premium,10,143.09,1430.9,21,0,0.438,10,18.09,0,615,0,0,0
110238,46,Male,South,67400.0,63,Basic,2,33.95,67.9,1,0,0.739,3,4.47,2,238,1,1,0
110239,49,Female,South,38400.0,48,Basic,6,39.51,237.06,45,0,0.624,2,7.86,0,262,0,0,1
110240,33,Male,West,48100.0,14,Standard,7,18.51,129.57,4,1,0.461,5,12.32,0,110,0,1,0
110241,36,Female,Central,48200.0,14,Premium,13,35.67,463.71,37,0,0.157,11,6.46,0,320,0,0,0
110242,37,Female,West,45300.0,49,Basic,4,21.09,84.36,161,0,0.384,18,5.22,0,206,2,1,1
110243,38,Male,Central,,12,Standard,4,72.11,288.44,18,1,0.511,5,2.98,0,50,0,0,0
110244,54,Female,Central,64100.0,13,Basic,5,37.75,188.75,40,1,0.424,8,7.49,1,121,0,1,1
110245,18,Male,South,20000.0,33,Standard,8,68.83,550.64,44,2,0.485,9,5.3,3,573,1,0,1
110246,39,Female,East,86100.0,17,Basic,2,30.81,61.62,25,0,0.702,8,18.24,4,0,0,1,1
110247,38,Male,East,66000.0,33,Basic,6,56.13,336.78,67,1,0.392,3,30.6,0,157,0,0,1
110248,21,Male,North,46200.0,6,Basic,7,7.96,55.72,42,0,0.747,8,6.15,1,70,0,1,0
110249,48,Male,West,49100.0,19,Standard,8,64.13,513.04,31,1,0.359,9,5.09,1,264,1,1,0
110250,30,Male,South,26000.0,53,Standard,3,24.32,72.96,27,0,0.205,5,11.41,0,3,0,1,0
110251,34,Female,West,40200.0,14,Basic,7,28.2,197.4,24,1,0.331,5,11.32,1,0,1,0,1
110252,63,Female,East,72300.0,18,Standard,8,45.24,361.92,37,0,0.667,5,7.05,2,557,0,1,0
110253,52,Male,West,40000.0,22,Basic,3,30.77,92.31,66,0,0.418,10,20.73,0,247,0,1,1
110254,46,Male,East,61300.0,18,Standard,4,32.58,130.32,79,1,0.255,6,8.54,1,252,0,1,1
110255,44,Male,East,67900.0,6,Basic,0,7.41,0.0,11,0,0.2,0,17.47,3,364,1,0,1
110256,37,Male,North,15000.0,50,Standard,8,45.43,363.44,21,1,0.495,22,2.16,1,291,1,1,0
110257,65,Female,West,60000.0,23,Standard,6,27.9,167.4,2,1,0.474,9,12.16,1,2,1,1,0
110258,49,Female,South,74600.0,35,Basic,7,36.23,253.61,11,0,0.086,5,13.92,4,310,0,1,0
110259,29,Male,East,43700.0,55,Premium,8,41.27,330.16,39,1,0.2,6,12.2,1,0,1,1,0
110260,21,Male,West,18700.0,18,Basic,8,15.87,126.96,78,0,0.543,1,9.05,2,11,0,1,1
110261,46,Male,East,64900.0,32,Basic,5,49.44,247.2,17,0,0.229,12,8.05,1,340,0,0,0
110262,38,Male,South,38700.0,1,Basic,6,58.0,348.0,62,0,,3,3.22,2,148,0,1,1
110263,20,Male,South,26600.0,3,Basic,5,96.94,484.7,1,0,0.597,3,0.68,0,151,2,1,0
110264,45,Male,East,37700.0,26,Premium,12,66.57,798.84,7,1,0.381,2,4.92,1,659,1,0,0
110265,36,Female,South,45300.0,8,Basic,5,55.42,277.1,20,0,0.747,16,3.77,1,252,0,0,0
110266,46,Male,South,68900.0,35,Basic,8,38.71,309.68,3,1,0.352,7,16.37,2,256,0,0,0
110267,45,Female,South,47000.0,40,Standard,1,84.95,84.95,173,0,0.42,4,25.98,3,40,1,1,1
110268,31,Female,South,49400.0,15,Standard,6,147.34,884.04,15,0,0.241,2,3.78,1,728,0,1,0
110269,47,Male,East,,38,Premium,10,143.61,1436.1,20,2,0.386,5,6.34,1,728,0,1,0
110270,33,Female,East,57400.0,21,Standard,4,11.4,45.6,174,0,0.176,2,3.1,2,0,0,1,1
110271,33,Female,East,35800.0,61,Basic,6,49.17,295.02,16,0,0.347,11,3.85,0,216,0,1,0
110272,32,Male,East,63100.0,9,Basic,3,5.19,15.57,90,1,0.429,5,6.12,2,85,2,1,1
110273,54,Non-binary,South,71700.0,23,Premium,7,80.08,560.56,99,0,0.119,6,,0,527,0,0,1
110274,35,Female,Central,47600.0,30,Standard,8,48.97,391.76,73,1,0.91,1,2.76,0,297,0,0,1
110275,57,Male,East,69000.0,44,Basic,3,100.5,301.5,34,0,0.535,6,19.6,3,50,1,1,1
110276,62,Male,West,63300.0,42,Standard,9,38.21,343.89,63,1,0.118,8,4.3,0,591,2,1,1
110277,29,Female,East,31000.0,19,Basic,3,39.84,119.52,16,0,0.191,7,4.37,0,169,0,1,0
110278,18,Male,South,31700.0,21,Basic,5,37.97,189.85,53,2,0.163,8,7.33,0,11,0,0,1
110279,53,Male,West,44500.0,13,Basic,3,54.63,163.89,46,0,0.322,15,5.5,0,126,0,1,1
110280,35,Male,North,35700.0,56,Premium,10,113.98,1139.8,43,0,0.366,2,2.85,1,374,0,1,0
110281,28,Male,Central,24400.0,72,Basic,3,22.9,68.7,55,0,0.322,6,29.33,3,43,0,1,1
110282,31,Non-binary,East,48400.0,5,Basic,7,9.55,66.85,71,1,0.867,10,7.94,0,45,0,0,1
110283,34,Male,North,51400.0,49,Standard,11,17.9,196.9,26,0,0.12,13,4.78,1,508,2,1,0
110284,56,Female,South,81800.0,40,Basic,8,63.61,508.88,32,0,0.687,7,3.39,0,276,1,1,0
110285,41,Male,West,45200.0,2,Standard,7,38.27,267.89,100,0,0.356,2,7.47,2,2,2,0,1
110286,56,Male,North,52800.0,46,Premium,8,103.9,831.2,136,0,0.234,4,10.25,3,167,1,1,1
110287,45,Female,South,33100.0,63,Basic,8,24.02,192.16,66,0,0.518,12,7.01,3,226,1,0,0
110288,35,Male,Central,47900.0,43,Standard,11,25.99,285.89,29,1,0.026,2,14.99,2,64,1,0,1
110289,34,Male,South,62800.0,12,Basic,3,118.5,355.5,58,0,0.576,4,1.1,2,397,0,0,1
110290,46,Female,North,53600.0,80,Premium,9,106.22,955.98,61,0,0.434,0,4.19,0,286,1,1,0
110291,50,Female,North,58800.0,51,Basic,7,78.75,551.25,115,0,0.558,13,4.09,2,343,1,1,1
110292,52,Male,East,60200.0,13,Standard,4,35.69,142.76,6,0,0.323,18,3.61,3,222,0,1,0
110293,36,Female,East,48700.0,36,Standard,8,134.49,1075.92,81,0,0.341,3,6.4,0,418,0,1,1
110294,41,Male,East,63800.0,35,Premium,18,32.39,583.02,18,4,0.382,13,21.91,1,483,0,1,0
110295,47,Female,Central,82400.0,9,Basic,5,33.44,167.2,60,0,0.268,2,3.29,2,208,0,0,1
110296,34,Male,North,50200.0,28,Basic,6,14.43,86.58,86,0,0.182,7,3.65,3,185,0,1,1
110297,24,Male,North,,33,Standard,6,42.46,254.76,17,0,0.22,10,4.32,2,568,0,0,0
110298,29,Female,South,35100.0,18,Basic,8,9.89,79.12,25,2,0.412,6,7.86,2,51,0,0,1
110299,36,Male,South,43600.0,67,Basic,2,6.81,13.62,66,0,0.267,4,12.31,0,112,0,0,0
110300,48,Female,North,54800.0,22,Basic,3,23.8,71.4,16,0,0.188,8,10.57,1,213,1,1,1
110301,55,Female,South,58000.0,38,Standard,6,74.17,445.02,68,1,0.427,14,1.51,0,216,4,1,0
110302,21,Male,West,32600.0,27,Basic,8,43.73,349.84,40,0,0.412,6,22.42,0,0,1,0,0
110303,31,Female,North,49100.0,15,Standard,9,46.87,421.83,26,0,0.475,3,18.5,2,208,1,0,1
110304,34,Male,Central,44100.0,32,Basic,6,53.76,322.56,2,0,0.225,6,13.24,3,0,0,1,0
110305,49,Male,Central,53500.0,25,Standard,13,40.97,532.61,121,0,0.68,6,2.68,2,220,0,1,1
110306,32,Female,East,43100.0,80,Basic,4,8.83,35.32,7,0,0.21,10,12.33,4,159,0,0,0
110307,33,Female,Central,28800.0,49,Standard,5,37.53,187.65,56,0,0.341,14,1.42,1,227,1,1,0
110308,21,Male,West,42100.0,7,Basic,3,10.78,32.34,5,0,0.787,11,6.2,1,69,0,1,0
110309,45,Female,South,47900.0,15,Basic,5,31.91,159.55,26,1,0.093,9,23.28,2,306,1,0,1
110310,37,Male,East,29900.0,13,Standard,10,91.58,915.8,104,2,0.684,13,2.65,1,633,0,0,1
110311,30,Female,North,45900.0,2,Basic,5,27.85,139.25,31,0,0.469,12,7.32,1,69,2,1,0
110312,36,Male,East,52300.0,41,Basic,8,18.62,148.96,35,1,0.638,6,3.09,2,0,0,0,1
110313,54,Female,West,50200.0,36,Basic,5,27.25,136.25,8,1,,4,10.55,0,182,2,1,0
110314,26,Male,East,44300.0,11,Premium,9,58.61,527.49,37,3,0.305,3,1.42,1,212,1,0,1
110315,28,Male,South,46400.0,11,Standard,6,30.97,185.82,91,2,0.686,4,11.48,0,206,0,0,1
110316,55,Female,West,90800.0,4,Standard,3,17.51,52.53,76,0,0.642,2,7.4,0,230,1,0,1
110317,40,Male,Central,45600.0,14,Basic,6,29.96,179.76,7,0,0.315,7,7.96,0,38,0,0,0
110318,48,Female,North,55700.0,34,Basic,5,37.0,185.0,38,0,0.434,8,6.53,1,153,0,1,0
110319,44,Female,South,44200.0,86,Basic,7,83.02,581.14,42,0,0.314,8,3.97,2,379,2,0,0
110320,39,Female,North,54900.0,7,Standard,4,10.57,42.28,14,0,0.454,13,17.78,0,88,0,1,0
110321,34,Male,Central,43100.0,32,Basic,7,62.76,439.32,19,3,0.503,2,2.0,3,90,0,0,1
110322,50,Male,East,72200.0,93,Basic,4,8.98,35.92,4,1,0.324,6,7.93,2,0,0,1,0
110323,54,Female,North,56100.0,23,Basic,7,21.05,147.35,21,0,0.498,3,14.31,2,79,1,1,0
110324,53,Male,East,67900.0,23,Standard,3,54.32,162.96,208,0,0.458,8,5.96,0,218,1,1,1
110325,24,Male,East,30400.0,27,Basic,3,73.04,219.12,11,0,0.2,3,5.54,1,227,0,1,0
110326,56,Female,North,38300.0,24,Basic,4,101.77,407.08,23,0,0.306,8,11.66,0,284,0,1,0
110327,34,Female,Central,52000.0,42,Standard,6,108.54,651.24,34,0,0.21,17,8.69,0,685,1,1,0
110328,29,Female,West,15000.0,112,Basic,4,80.27,321.08,10,0,0.54,3,5.13,1,217,1,1,0
110329,37,Female,North,,15,Premium,5,123.68,618.4,2,0,,4,5.78,1,419,1,1,0
110330,50,Male,Central,56400.0,8,Basic,8,32.35,258.8,61,0,0.581,20,8.78,0,231,0,0,1
110331,46,Male,North,54500.0,11,Standard,3,18.59,55.77,7,0,0.462,17,10.98,0,337,2,1,0
110332,36,Female,North,45800.0,44,Standard,6,162.72,976.32,18,0,0.274,7,6.18,0,487,1,1,0
110333,50,Male,South,58900.0,30,Premium,15,53.11,796.65,3,1,0.489,3,12.58,0,519,1,0,0
110334,41,Female,North,54900.0,49,Premium,6,110.31,661.86,101,1,0.637,4,10.44,0,0,0,0,1
110335,32,Male,East,39800.0,5,Basic,5,75.03,375.15,62,1,0.281,2,26.19,4,146,1,0,1
110336,30,Male,South,76000.0,22,Standard,13,30.74,399.62,41,0,0.439,9,12.45,1,401,0,0,0
110337,44,Female,North,47900.0,41,Basic,5,59.01,295.05,18,1,0.341,10,4.96,0,412,1,1,0
110338,38,Male,Central,29900.0,5,Premium,14,73.85,1033.9,23,0,0.378,10,4.07,0,535,1,0,0
110339,21,Female,South,15000.0,32,Standard,9,49.3,443.7,36,1,0.245,4,15.63,0,146,0,0,1
110340,50,Non-binary,South,67600.0,23,Basic,7,9.04,63.28,44,0,0.146,9,3.59,4,0,0,1,1
110341,33,Female,South,20000.0,72,Basic,3,15.77,47.31,37,0,0.172,12,8.51,2,207,1,1,1
110342,60,Male,West,51000.0,8,Premium,8,92.3,738.4,93,0,0.153,8,15.25,3,463,0,1,1
110343,21,Non-binary,North,15000.0,52,Standard,6,144.24,865.44,41,1,0.494,4,11.09,0,231,1,0,1
110344,37,Male,North,52400.0,19,Standard,5,60.29,301.45,48,1,0.174,3,17.93,0,244,1,0,1
110345,30,Male,Central,58000.0,5,Premium,7,164.16,1149.12,37,0,0.417,23,26.52,1,665,0,0,0
110346,26,Male,North,22400.0,16,Basic,4,14.0,56.0,23,0,0.235,7,19.96,0,45,1,0,1
110347,33,Female,Central,,48,Basic,4,36.64,146.56,17,0,,7,2.44,1,317,0,0,0
110348,62,Male,East,32900.0,45,Premium,10,109.34,1093.4,94,0,0.538,9,6.11,0,481,0,0,1
110349,41,Female,West,39400.0,38,Standard,7,63.6,445.2,6,0,0.516,4,8.3,0,81,0,1,0
110350,29,Male,North,46900.0,11,Standard,7,104.17,729.19,35,0,0.462,11,0.99,0,384,0,1,0
110351,18,Male,Central,23600.0,74,Basic,4,13.78,55.12,112,0,0.293,5,1.71,0,79,1,1,1
110352,18,Female,South,41900.0,26,Basic,2,27.29,54.58,42,0,0.175,1,,2,82,0,1,1
110353,32,Female,North,15000.0,22,Basic,7,22.39,156.73,116,0,0.27,5,,0,383,0,0,1
110354,31,Female,West,30100.0,26,Basic,5,30.16,150.8,85,0,0.923,10,10.9,1,85,1,0,1
110355,36,Female,North,51400.0,9,Basic,3,20.67,62.01,74,0,0.136,7,11.73,1,205,0,0,1
110356,18,Male,South,34200.0,5,Premium,17,171.22,2910.74,4,0,0.358,6,7.73,1,1414,1,0,0
110357,38,Female,East,54200.0,23,Premium,10,18.67,186.7,30,1,0.481,3,10.99,1,14,1,1,0
110358,52,Non-binary,North,63200.0,4,Standard,11,51.55,567.05,15,4,0.478,22,4.2,2,309,0,1,1
110359,60,Female,North,51900.0,47,Basic,5,28.66,143.3,53,1,0.562,5,3.29,1,412,0,0,1
110360,18,Female,East,17100.0,65,Standard,8,48.77,390.16,92,2,0.69,6,4.01,3,104,1,1,1
110361,29,Female,South,70900.0,108,Basic,9,85.69,771.21,38,2,0.417,3,14.33,3,140,0,0,1
110362,28,Female,East,,15,Basic,3,50.67,152.01,89,0,0.16,3,4.36,0,0,1,0,1
110363,41,Male,West,30000.0,45,Basic,7,48.44,339.08,104,0,0.45,18,5.99,2,685,1,0,1
110364,23,Female,South,42300.0,2,Standard,6,75.16,450.96,8,0,0.533,4,2.9,2,365,0,0,0
110365,61,Male,South,54000.0,44,Basic,5,56.02,280.1,21,0,0.794,14,4.33,2,130,1,1,0
110366,40,Male,South,74000.0,24,Standard,4,55.21,220.84,21,0,0.183,1,6.72,0,264,0,1,1
110367,37,Female,South,84300.0,37,Standard,2,70.91,141.82,6,0,0.506,10,9.04,1,443,1,0,0
110368,60,Female,North,64500.0,59,Basic,3,40.01,120.03,40,0,0.86,10,8.12,3,38,0,1,0
110369,39,Female,East,52300.0,20,Basic,4,17.55,70.2,14,1,0.28,10,1.42,0,125,2,1,1
110370,44,Female,North,27200.0,39,Premium,6,220.65,1323.9,0,0,0.565,14,,1,759,3,1,0
110371,29,Male,West,52900.0,36,Standard,8,89.63,717.04,43,0,0.403,4,8.63,1,181,1,1,1
110372,21,Female,North,15000.0,31,Basic,5,40.64,203.2,67,1,0.113,8,11.11,1,0,0,1,1
110373,31,Female,North,21600.0,13,Standard,9,14.18,127.62,158,1,0.213,5,11.27,0,133,0,1,1
110374,67,Male,South,76200.0,11,Basic,10,19.33,193.3,7,0,0.369,4,27.07,1,0,1,1,0
110375,47,Female,South,63200.0,20,Standard,4,128.6,514.4,93,0,0.605,5,5.31,1,457,0,1,1
110376,43,Male,West,31000.0,47,Standard,2,42.36,84.72,13,1,0.389,5,0.88,2,47,0,0,1
110377,26,Male,West,28000.0,31,Basic,5,21.21,106.05,141,0,0.403,4,6.32,0,0,0,0,1
110378,51,Male,Central,36100.0,38,Standard,9,23.46,211.14,110,0,0.299,11,17.91,3,254,0,1,1
110379,21,Male,South,26400.0,36,Standard,2,40.77,81.54,45,0,0.637,28,5.15,0,302,2,0,0
110380,19,Female,North,17700.0,103,Standard,8,66.66,533.28,104,0,0.146,5,14.01,1,230,1,1,0
110381,32,Female,Central,32400.0,44,Basic,6,44.55,267.3,2,3,0.158,6,2.69,4,287,0,1,1
110382,64,Male,West,,13,Basic,5,20.47,102.35,26,0,0.237,2,1.74,1,0,0,1,0
110383,64,Female,North,75600.0,23,Basic,5,40.64,203.2,38,2,0.285,0,6.75,0,8,0,1,1
110384,33,Female,North,50100.0,50,Standard,8,25.23,201.84,71,1,0.484,1,9.42,1,175,2,0,0
110385,30,Male,East,37600.0,4,Basic,5,61.0,305.0,13,1,0.615,6,11.84,1,131,2,1,1
110386,18,Male,South,38000.0,26,Standard,1,129.55,129.55,141,0,0.095,3,3.03,1,5,0,0,1
110387,40,Male,East,48400.0,19,Premium,12,99.53,1194.36,19,1,0.543,8,16.79,2,829,0,1,0
110388,41,Female,North,43000.0,12,Premium,8,126.59,1012.72,45,2,0.025,12,29.28,1,365,0,1,1
110389,49,Male,Central,65400.0,11,Premium,9,68.3,614.7,57,0,0.76,4,7.46,1,306,1,0,1
110390,51,Female,East,53400.0,43,Standard,5,97.26,486.3,19,0,0.094,21,5.19,0,374,0,0,0
110391,36,Non-binary,West,40500.0,47,Standard,3,97.56,292.68,33,1,0.751,5,2.9,0,151,0,1,1
110392,46,Female,North,69600.0,20,Basic,4,46.87,187.48,25,0,0.245,4,30.74,1,0,0,1,0
110393,30,Male,East,53000.0,21,Basic,4,26.67,106.68,17,0,0.697,22,4.05,1,314,0,0,0
110394,46,Male,Central,50400.0,24,Basic,6,41.08,246.48,39,0,0.462,4,4.22,0,161,0,0,0
110395,32,Female,North,53500.0,2,Basic,5,38.5,192.5,52,0,0.521,8,19.29,2,292,1,1,1
110396,45,Male,East,35800.0,81,Standard,3,113.57,340.71,114,0,0.618,10,7.01,1,347,0,1,1
110397,44,Female,South,48600.0,41,Standard,12,113.34,1360.08,9,1,0.575,8,3.75,0,621,1,1,0
110398,40,Female,East,38400.0,50,Premium,12,55.37,664.44,33,1,0.474,8,12.3,2,476,1,1,0
110399,49,Female,West,57400.0,20,Basic,4,41.86,167.44,11,1,0.192,14,8.21,0,2,0,1,0
110400,19,Male,West,39200.0,41,Premium,13,31.75,412.75,3,2,0.397,9,12.1,1,499,3,0,0
110401,25,Female,West,42400.0,9,Standard,9,28.06,252.54,4,1,0.395,5,13.26,1,343,0,1,1
110402,35,Male,North,50000.0,39,Standard,7,96.38,674.66,184,0,0.451,18,16.64,0,729,0,1,1
110403,20,Non-binary,West,31800.0,27,Basic,8,18.16,145.28,1,1,0.629,6,20.28,1,213,1,1,0
110404,34,Male,East,41000.0,9,Standard,8,97.31,778.48,15,0,0.32,10,6.12,2,614,2,1,0
110405,34,Female,North,60000.0,71,Standard,14,18.7,261.8,4,2,0.582,0,11.9,1,29,0,1,0
110406,56,Male,Central,42400.0,42,Standard,2,203.09,406.18,16,0,0.758,10,0.8,1,287,0,1,0
110407,41,Female,North,40500.0,109,Standard,8,17.95,143.6,118,0,0.264,5,2.09,0,0,3,1,1
110408,52,Female,North,66100.0,13,Premium,14,142.65,1997.1,11,1,0.449,3,17.68,1,1009,0,1,0
110409,43,Male,West,73100.0,23,Basic,8,26.03,208.24,7,1,0.155,15,4.53,0,0,1,1,0
110410,32,Non-binary,North,36500.0,42,Basic,4,12.35,49.4,15,0,0.538,5,3.76,1,0,1,1,0
110411,41,Female,North,46200.0,3,Standard,4,12.29,49.16,140,0,0.33,21,2.35,0,383,0,1,1
110412,48,Female,North,38400.0,32,Premium,13,88.62,1152.06,5,0,0.493,6,3.58,0,661,1,1,0
110413,55,Female,Central,55600.0,43,Basic,4,51.72,206.88,78,0,0.513,5,22.72,1,0,1,1,1
110414,37,Female,North,56000.0,11,Basic,1,17.02,17.02,64,0,0.151,8,30.71,2,0,1,1,1
110415,18,Female,South,50100.0,27,Standard,13,73.9,960.7,3,1,0.551,11,8.39,4,737,0,1,0
110416,18,Female,North,23900.0,15,Standard,10,70.7,707.0,5,1,0.154,17,16.96,0,465,2,0,0
110417,35,Female,South,33000.0,34,Standard,5,11.55,57.75,11,0,0.865,20,17.2,1,218,0,1,0
110418,18,Female,South,29000.0,40,Basic,2,34.43,68.86,42,0,0.134,8,3.48,2,240,0,1,1
110419,62,Male,Central,47200.0,27,Standard,4,65.85,263.4,31,0,0.068,10,6.59,0,0,1,1,0
110420,47,Male,West,72800.0,46,Basic,4,33.32,133.28,45,0,0.414,7,9.61,3,136,1,1,1
110421,31,Male,Central,23100.0,9,Basic,4,49.02,196.08,3,0,0.39,3,4.56,4,239,0,1,1
110422,25,Female,West,,47,Standard,8,130.37,1042.96,64,0,0.795,8,4.98,1,515,1,1,0
110423,52,Male,South,64500.0,81,Basic,8,69.11,552.88,139,1,0.195,9,7.46,2,256,0,1,1
110424,25,Female,North,43400.0,10,Standard,9,57.24,515.16,39,0,0.113,13,19.06,0,93,1,1,0
110425,26,Male,East,39200.0,10,Standard,6,69.11,414.66,54,0,0.668,7,15.99,2,277,0,1,0
110426,29,Female,South,38500.0,65,Premium,16,42.11,673.76,16,0,0.23,9,17.24,0,402,1,0,0
110427,40,Male,East,54900.0,31,Premium,11,30.72,337.92,19,2,0.345,5,1.47,1,0,0,0,0
110428,47,Female,North,67200.0,44,Basic,3,38.64,115.92,48,0,0.81,7,8.18,1,6,0,0,1
110429,55,Male,West,88300.0,16,Basic,1,11.48,11.48,7,0,0.64,12,5.33,1,174,1,1,1
110430,53,Female,South,45800.0,19,Basic,5,23.38,116.9,17,0,0.241,16,0.5,4,246,1,1,1
110431,39,Male,East,22200.0,57,Standard,8,39.03,312.24,31,0,0.679,4,6.79,2,88,0,1,0
110432,52,Male,Central,38600.0,21,Basic,2,26.91,53.82,19,1,0.4,4,25.53,0,242,1,1,0
110433,30,Female,North,15000.0,17,Premium,7,107.56,752.92,13,2,0.483,3,11.02,2,400,1,1,0
110434,18,Male,North,15000.0,5,Standard,8,64.3,514.4,8,1,0.827,6,10.72,0,299,0,0,0
110435,30,Female,North,20800.0,19,Premium,13,65.69,853.97,122,1,0.437,3,9.06,1,585,0,1,1
110436,29,Male,South,32600.0,10,Standard,9,29.58,266.22,20,0,0.491,1,7.41,0,226,1,1,0
110437,31,Female,East,52300.0,12,Premium,7,68.94,482.58,143,2,,7,3.03,1,147,1,0,1
110438,27,Male,Central,45300.0,14,Standard,10,64.47,644.7,20,0,0.276,6,15.8,2,406,0,1,0
110439,33,Male,Central,33500.0,49,Basic,4,106.3,425.2,37,0,0.415,7,2.03,1,0,0,1,0
110440,47,Female,West,48000.0,5,Standard,11,66.71,733.81,10,1,0.272,13,4.58,1,500,1,0,1
110441,61,Male,West,97000.0,29,Premium,6,91.19,547.14,118,0,0.404,5,8.55,0,142,0,1,0
110442,18,Male,South,36300.0,19,Premium,15,120.1,1801.5,43,1,0.337,7,17.49,1,622,0,0,1
110443,22,Male,Central,34200.0,33,Premium,7,97.11,679.77,39,1,0.515,2,3.58,1,390,0,1,0
110444,29,Female,East,40200.0,36,Standard,11,24.01,264.11,6,0,0.454,13,18.63,2,303,0,0,0
110445,49,Female,North,53400.0,14,Standard,6,82.17,493.02,29,0,0.496,9,14.58,0,265,1,0,0
110446,36,Female,Central,73100.0,51,Standard,7,45.88,321.16,74,0,0.546,5,17.05,1,417,1,1,1
110447,30,Female,East,36700.0,83,Basic,5,33.91,169.55,64,0,0.37,8,7.98,0,125,0,1,0
110448,48,Female,North,58600.0,9,Standard,7,75.87,531.09,10,1,0.067,3,0.65,1,579,0,1,1
110449,51,Male,West,36300.0,41,Basic,5,18.96,94.8,25,0,0.804,9,3.79,1,59,0,1,0
110450,39,Male,South,39000.0,24,Basic,5,5.94,29.7,54,0,0.134,6,17.13,1,187,0,0,1
110451,28,Male,North,29800.0,27,Basic,5,54.24,271.2,40,1,0.287,7,4.48,3,43,1,1,1
110452,43,Female,South,58600.0,52,Standard,7,11.71,81.97,89,0,0.123,7,8.82,1,0,0,1,1
110453,36,Female,East,34200.0,41,Basic,8,36.84,294.72,25,0,0.373,8,12.4,0,340,0,0,0
110454,36,Male,South,45800.0,21,Premium,9,155.13,1396.17,32,2,0.639,6,2.59,0,589,0,1,1
110455,32,Male,North,32800.0,56,Premium,12,76.36,916.32,28,1,0.297,3,13.38,0,479,1,0,0
110456,51,Male,South,43900.0,24,Standard,7,78.82,551.74,57,0,0.098,5,0.7,3,388,0,1,1
110457,42,Male,South,34800.0,14,Standard,5,27.21,136.05,26,1,0.087,2,,1,77,0,1,0
110458,52,Female,East,57900.0,30,Premium,10,95.82,958.2,57,0,0.404,13,6.92,0,764,0,0,0
110459,56,Male,South,65500.0,61,Basic,5,21.12,105.6,79,0,0.598,8,5.38,0,122,2,1,0
110460,45,Male,North,50900.0,7,Standard,12,53.47,641.64,74,0,0.481,5,17.91,1,372,0,1,1
110461,32,Female,South,29600.0,39,Standard,5,44.73,223.65,118,1,0.701,7,8.25,0,163,4,0,1
110462,53,Male,South,59300.0,4,Standard,4,19.07,76.28,69,1,0.525,6,14.03,1,265,0,0,1
110463,45,Female,East,,44,Premium,13,112.23,1458.99,64,0,0.388,1,1.21,1,657,1,0,1
110464,73,Female,West,65700.0,35,Basic,6,6.12,36.72,5,2,0.395,7,2.69,0,0,0,1,0
110465,43,Female,North,52900.0,70,Standard,7,18.37,128.59,151,1,0.252,7,8.9,2,94,1,1,1
110466,48,Male,North,,8,Basic,5,62.45,312.25,6,0,0.622,6,6.99,1,265,0,0,1
110467,43,Male,North,49700.0,32,Standard,7,21.08,147.56,89,1,0.643,6,12.86,2,246,0,0,1
110468,38,Female,East,26500.0,14,Basic,6,41.33,247.98,44,1,0.16,5,3.81,1,236,0,1,0
110469,36,Male,South,65700.0,20,Basic,7,58.03,406.21,89,0,0.728,4,23.87,1,102,1,0,1
110470,43,Male,West,69300.0,78,Standard,13,96.98,1260.74,53,3,0.362,2,8.61,1,657,0,1,0
110471,46,Female,West,74700.0,33,Standard,7,18.59,130.13,1,0,0.805,16,5.4,2,380,1,0,0
110472,54,Female,North,61600.0,39,Standard,8,62.14,497.12,43,1,0.268,2,5.92,2,211,0,0,1
110473,43,Female,South,40800.0,19,Premium,12,41.86,502.32,5,2,0.173,9,5.14,0,101,0,0,0
110474,33,Female,Central,29700.0,26,Standard,8,18.75,150.0,11,2,0.23,13,16.04,0,28,1,1,0
110475,35,Male,South,60100.0,53,Basic,11,24.71,271.81,15,1,0.544,20,11.68,0,140,0,1,0
110476,22,Male,East,54300.0,69,Basic,2,46.25,92.5,45,0,0.166,2,5.04,0,280,2,0,0
110477,61,Female,East,56000.0,26,Premium,11,103.98,1143.78,79,1,0.522,2,12.83,1,135,0,0,1
110478,32,Male,South,15000.0,61,Premium,5,24.0,120.0,6,0,0.47,22,7.29,1,319,1,1,0
110479,52,Female,West,60100.0,26,Standard,16,74.5,1192.0,50,0,0.484,5,7.45,0,481,0,0,1
110480,43,Female,North,39100.0,15,Standard,8,20.91,167.28,149,0,0.268,4,2.71,2,158,0,1,1
110481,43,Female,South,41800.0,31,Standard,7,115.77,810.39,58,0,0.562,2,16.67,3,322,1,1,1
110482,37,Female,East,42700.0,13,Standard,6,30.87,185.22,18,1,0.386,7,4.0,1,0,0,0,1
110483,29,Female,Central,44200.0,32,Premium,14,235.33,3294.62,20,1,0.577,11,7.27,0,1942,0,1,0
110484,26,Female,North,24700.0,9,Basic,7,71.54,500.78,3,0,0.465,6,7.64,1,231,1,1,0
110485,61,Female,East,70800.0,42,Standard,6,48.51,291.06,6,1,0.279,4,6.53,2,0,2,1,0
110486,40,Female,North,47100.0,10,Standard,9,36.46,328.14,13,1,0.243,7,18.85,1,448,0,0,0
110487,54,Male,East,29900.0,15,Basic,8,70.87,566.96,96,0,0.729,5,3.51,1,370,0,1,1
110488,57,Female,South,72700.0,17,Basic,4,17.98,71.92,2,0,0.599,3,17.89,0,0,1,0,0
110489,34,Male,South,36900.0,11,Basic,5,35.62,178.1,14,1,0.484,1,4.03,1,116,1,1,1
110490,45,Female,Central,36000.0,25,Premium,11,126.73,1394.03,25,3,0.477,9,4.81,0,834,0,0,1
110491,40,Non-binary,West,38700.0,2,Basic,7,30.16,211.12,53,1,0.648,9,4.76,3,182,0,1,0
110492,24,Female,North,36500.0,23,Basic,8,39.23,313.84,5,0,0.417,7,9.25,2,313,0,0,0
110493,37,Male,Central,46700.0,1,Standard,7,108.12,756.84,2,0,0.49,4,23.89,0,395,1,1,0
110494,47,Female,South,64600.0,33,Basic,5,33.33,166.65,151,0,0.415,9,3.06,0,60,0,1,1
110495,33,Female,West,48400.0,9,Standard,6,37.59,225.54,87,0,0.685,10,2.92,1,0,0,0,1
110496,35,Male,West,27700.0,35,Standard,6,14.1,84.6,155,1,,15,7.12,0,80,0,0,1
110497,37,Male,West,15000.0,59,Standard,8,17.83,142.64,11,0,0.608,4,8.1,1,384,1,0,1
110498,66,Non-binary,South,75300.0,17,Basic,6,47.97,287.82,189,0,0.398,11,2.98,2,401,0,1,1
110499,18,Male,West,36800.0,28,Standard,11,32.36,355.96,128,0,0.709,8,6.73,3,343,0,1,1
